"No.","学期","開講","曜日・時限","時間割コード","科目名","担当教員","シラバスURL"
"1","前期","前期","水3","023001-01","日本国憲法","漆畑 貴久","https://cssy.aasa.ac.jp/syllabusHtml/2026/00/00_023001-01_ja_JP.html"
"2","前期","前期","水4","023001-02","日本国憲法","漆畑 貴久","https://cssy.aasa.ac.jp/syllabusHtml/2026/00/00_023001-02_ja_JP.html"
"3","前期","前期","木3","023001-03","日本国憲法","漆畑 貴久","https://cssy.aasa.ac.jp/syllabusHtml/2026/00/00_023001-03_ja_JP.html"
"4","前期","前期","木4","023001-04","日本国憲法","漆畑 貴久","https://cssy.aasa.ac.jp/syllabusHtml/2026/00/00_023001-04_ja_JP.html"
"5","前期","前期","他","023001-51","日本国憲法","漆畑 貴久","https://cssy.aasa.ac.jp/syllabusHtml/2026/00/00_023001-51_ja_JP.html"
"6","前期","前期","金1","023002-01","スポーツと文化","門間 博","https://cssy.aasa.ac.jp/syllabusHtml/2026/00/00_023002-01_ja_JP.html"
"7","前期","前期","月1","023003-01","スポーツ科学","門間 博","https://cssy.aasa.ac.jp/syllabusHtml/2026/00/00_023003-01_ja_JP.html"
"8","前期","前期","月2","023003-02","スポーツ科学","門間 博","https://cssy.aasa.ac.jp/syllabusHtml/2026/00/00_023003-02_ja_JP.html"
"9","前期","前期","月3","023003-03","スポーツ科学","門間 博","https://cssy.aasa.ac.jp/syllabusHtml/2026/00/00_023003-03_ja_JP.html"
"10","前期","前期","月4","023003-04","スポーツ科学","門間 博","https://cssy.aasa.ac.jp/syllabusHtml/2026/00/00_023003-04_ja_JP.html"
"11","前期","前期","火1","023003-05","スポーツ科学","加藤 恵子","https://cssy.aasa.ac.jp/syllabusHtml/2026/00/00_023003-05_ja_JP.html"
"12","前期","前期","火2","023003-06","スポーツ科学","加藤 恵子","https://cssy.aasa.ac.jp/syllabusHtml/2026/00/00_023003-06_ja_JP.html"
"13","前期","前期","火3","023003-07""スポーツ科学","山口 瑞生","https://cssy.aasa.ac.jp/syllabusHtml/2026/00/00_023003-07_ja_JP.html"
"14","前期","前期","火4","023003-08","スポーツ科学","山口 瑞生","https://cssy.aasa.ac.jp/syllabusHtml/2026/00/00_023003-08_ja_JP.html"
"15","前期","前期","水4","023003-09","スポーツ科学","山口 瑞生","https://cssy.aasa.ac.jp/syllabusHtml/2026/00/00_023003-09_ja_JP.html"
"16","前期","前期","木4","023003-10","スポーツ科学","山口 瑞生","https://cssy.aasa.ac.jp/syllabusHtml/2026/00/00_023003-10_ja_JP.html"
"17","前期","前期","金3","023003-13","スポーツ科学","門間 博","https://cssy.aasa.ac.jp/syllabusHtml/2026/00/00_023003-13_ja_JP.html"
"18","前期","前期","金4","023003-14","スポーツ科学","門間 博","https://cssy.aasa.ac.jp/syllabusHtml/2026/00/00_023003-14_ja_JP.html"
"19","前期","前期","火3","023003-51","スポーツ科学","門間 博","https://cssy.aasa.ac.jp/syllabusHtml/2026/00/00_023003-51_ja_JP.html"
"20","前期","前期","火4","023003-52","スポーツ科学","門間 博","https://cssy.aasa.ac.jp/syllabusHtml/2026/00/00_023003-52_ja_JP.html"
"21","前期","前期","水5","023221-01","教育思想史","西脇 明美","https://cssy.aasa.ac.jp/syllabusHtml/2026/00/00_023221-01_ja_JP.html"
"22","前期","通年","他","023222-01","教育実習Ⅰ","神谷 政和","https://cssy.aasa.ac.jp/syllabusHtml/2026/00/00_023222-01_ja_JP.html"
"23","前期","前期","月4","023224-01","教育心理学Ⅱ","濱島 秀樹","https://cssy.aasa.ac.jp/syllabusHtml/2026/00/00_023224-01_ja_JP.html"
"24","前期","通年","他","023226-01","教育実習Ⅱ","山田 知子","https://cssy.aasa.ac.jp/syllabusHtml/2026/00/00_023226-01_ja_JP.html"
"25","前期","前期","水2","023230-51","公民・社会科教育法Ⅰ","鈴木 章夫","https://cssy.aasa.ac.jp/syllabusHtml/2026/00/00_023230-51_ja_JP.html"
"26","前期","前期","火3","023232-01","学級経営","市来 ちさ","https://cssy.aasa.ac.jp/syllabusHtml/2026/00/00_023232-01_ja_JP.html"
"27","前期","前期","木2","023240-01","国語科教育法Ⅱ","梅藤 仁志","https://cssy.aasa.ac.jp/syllabusHtml/2026/00/00_023240-01_ja_JP.html"
"28","前期","前期","木5","023240-02","国語科教育法Ⅱ","梅藤 仁志","https://cssy.aasa.ac.jp/syllabusHtml/2026/00/00_023240-02_ja_JP.html"
"29","前期","前期","火4","023242-01","英語科教育法Ⅰ","織部 秀明","https://cssy.aasa.ac.jp/syllabusHtml/2026/00/00_023242-01_ja_JP.html"
"30","前期","前期","金1","023242-02","英語科教育法Ⅰ","織部 秀明","https://cssy.aasa.ac.jp/syllabusHtml/2026/00/00_023242-02_ja_JP.html"
"31","前期","前期","木1,2","023242-51","英語科教育法Ⅰ","織部 秀明","https://cssy.aasa.ac.jp/syllabusHtml/2026/00/00_023242-51_ja_JP.html"
"32","前期","前期","水2","023243-01","英語科教育法Ⅲ","神谷 政和","https://cssy.aasa.ac.jp/syllabusHtml/2026/00/00_023243-01_ja_JP.html"
"33","前期","前期","木3","023243-02","英語科教育法Ⅲ","神谷 政和","https://cssy.aasa.ac.jp/syllabusHtml/2026/00/00_023243-02_ja_JP.html"
"34","前期","前期","金2","023243-51","英語科教育法Ⅲ","神谷 政和","https://cssy.aasa.ac.jp/syllabusHtml/2026/00/00_023243-51_ja_JP.html"
"35","前期","前期","月2","023245-51","商業科教育法Ⅰ","野田 隆洋","https://cssy.aasa.ac.jp/syllabusHtml/2026/00/00_023245-51_ja_JP.html"
"36","前期","前期","火2","023250-01","情報科教育法Ⅰ","吉田 聡","https://cssy.aasa.ac.jp/syllabusHtml/2026/00/00_023250-01_ja_JP.html"
"37","前期","前期","水5","023258-51","地歴・社会科教育法Ⅰ","内木 晃","https://cssy.aasa.ac.jp/syllabusHtml/2026/00/00_023258-51_ja_JP.html"
"38","前期","前期","金3","023261-01","保健体育科教育法Ⅰ","高嶋 香苗","https://cssy.aasa.ac.jp/syllabusHtml/2026/00/00_023261-01_ja_JP.html"
"39","前期","前期","金4","023261-02","保健体育科教育法Ⅰ","高嶋 香苗","https://cssy.aasa.ac.jp/syllabusHtml/2026/00/00_023261-02_ja_JP.html"
"40","前期","前期","木1","023263-01","保健体育科教育法Ⅲ","山本 浩二","https://cssy.aasa.ac.jp/syllabusHtml/2026/00/00_023263-01_ja_JP.html"
"41","前期","前期","木2","023263-02","保健体育科教育法Ⅲ","山本 浩二","https://cssy.aasa.ac.jp/syllabusHtml/2026/00/00_023263-02_ja_JP.html"
"42","前期","通年","他","023266-01","介護等体験","織部 秀明","https://cssy.aasa.ac.jp/syllabusHtml/2026/00/00_023266-01_ja_JP.html"
"43","前期","前期","金5","023270-01","教職教養Ⅱ","織部 秀明 梅藤 仁志 勢力 麻未 神谷 政和 鈴木 章夫 内木 晃 武藤 洋子 山田 知子 小川 裕之 瀬古 幸弘 内田 直人","https://cssy.aasa.ac.jp/syllabusHtml/2026/00/00_023270-01_ja_JP.html"
"44","前期","前期","金5","023270-51","教職教養Ⅱ","織部 秀明 梅藤 仁志 勢力 麻未 神谷 政和 鈴木 章夫 内木 晃 武藤 洋子 山田 知子 小川 裕之 瀬古 幸弘 内田 直人","https://cssy.aasa.ac.jp/syllabusHtml/2026/00/00_023270-51_ja_JP.html"
"45","前期","前期","他","023271-01","教職プレパレーション","内木 晃 樋口 貴子 梅藤 仁志 織部 秀明 神谷 政和 鈴木 章夫 武藤 洋子 山田 知子 小川 裕之 堀 英太郎 馬場 ひとみ 瀬古 幸弘 内田 直人","https://cssy.aasa.ac.jp/syllabusHtml/2026/00/00_023271-01_ja_JP.html"
"46","前期","前期","木5","023274-01","生徒指導","神谷 政和","https://cssy.aasa.ac.jp/syllabusHtml/2026/00/00_023274-01_ja_JP.html"
"47","前期","通年","他","023275-01","教育実習(栄養教諭)","山田 知子 林 紫","https://cssy.aasa.ac.jp/syllabusHtml/2026/00/00_023275-01_ja_JP.html"
"48","前期","通年","月3","023278-01","教職インターンシップⅡ","梅藤 仁志","https://cssy.aasa.ac.jp/syllabusHtml/2026/00/00_023278-01_ja_JP.html"
"49","前期","通年","水5","023278-02","教職インターンシップⅡ","山田 知子","https://cssy.aasa.ac.jp/syllabusHtml/2026/00/00_023278-02_ja_JP.html"
"50","前期","通年","月2","023278-51","教職インターンシップⅡ","山本 圭子","https://cssy.aasa.ac.jp/syllabusHtml/2026/00/00_023278-51_ja_JP.html"
"51","前期","前期","火4","023279-01","総合的な学習の時間の指導法","鈴木 章夫","https://cssy.aasa.ac.jp/syllabusHtml/2026/00/00_023279-01_ja_JP.html"
"52","前期","前期","火5","023279-02","総合的な学習の時間の指導法","織部 秀明","https://cssy.aasa.ac.jp/syllabusHtml/2026/00/00_023279-02_ja_JP.html"
"53","前期","前期","金1","023279-51","総合的な学習の時間の指導法","鈴木 章夫","https://cssy.aasa.ac.jp/syllabusHtml/2026/00/00_023279-51_ja_JP.html"
"54","前期","前期","火2","023280-01","特別支援と生徒理解","板倉 寿明","https://cssy.aasa.ac.jp/syllabusHtml/2026/00/00_023280-01_ja_JP.html"
"55","前期","前期","火3","023280-02","特別支援と生徒理解","板倉 寿明","https://cssy.aasa.ac.jp/syllabusHtml/2026/00/00_023280-02_ja_JP.html"
"56","前期","前期","木1","023280-03","特別支援と生徒理解","佐藤 賢","https://cssy.aasa.ac.jp/syllabusHtml/2026/00/00_023280-03_ja_JP.html"
"57","前期","前期","他","023280-04","特別支援と生徒理解","佐藤 賢","https://cssy.aasa.ac.jp/syllabusHtml/2026/00/00_023280-04_ja_JP.html"
"58","前期","前期","木5","023282-01","教育とICT活用","内木 晃","https://cssy.aasa.ac.jp/syllabusHtml/2026/00/00_023282-01_ja_JP.html"
"59","前期","前期","木5","023282-02","教育とICT活用","内木 晃","https://cssy.aasa.ac.jp/syllabusHtml/2026/00/00_023282-02_ja_JP.html"
"60","前期","前期","他","023282-03","教育とICT活用","内木 晃","https://cssy.aasa.ac.jp/syllabusHtml/2026/00/00_023282-03_ja_JP.html"
"61","前期","前期","他","023282-04","教育とICT活用","内木 晃","https://cssy.aasa.ac.jp/syllabusHtml/2026/00/00_023282-04_ja_JP.html"
"62","前期","前期","金3","023282-51","教育とICT活用","内木 晃","https://cssy.aasa.ac.jp/syllabusHtml/2026/00/00_023282-51_ja_JP.html"
"63","前期","前期","金3","023282-52","教育とICT活用","内木 晃","https://cssy.aasa.ac.jp/syllabusHtml/2026/00/00_023282-52_ja_JP.html"
"64","前期","前期","水4","023283-01","数学科教育法Ⅰ","山田 知子","https://cssy.aasa.ac.jp/syllabusHtml/2026/00/00_023283-01_ja_JP.html"
"65","前期","前期","金4","023285-01","数学科教育法Ⅲ","小川 裕之","https://cssy.aasa.ac.jp/syllabusHtml/2026/00/00_023285-01_ja_JP.html"
"66","前期","前期","月5","023287-01","教職入門","小川 裕之","https://cssy.aasa.ac.jp/syllabusHtml/2026/00/00_023287-01_ja_JP.html"
"67","前期","前期","火2","023287-02","教職入門","澤田 喜之","https://cssy.aasa.ac.jp/syllabusHtml/2026/00/00_023287-02_ja_JP.html"
"68","前期","前期","火3","023287-03","教職入門","澤田 喜之","https://cssy.aasa.ac.jp/syllabusHtml/2026/00/00_023287-03_ja_JP.html"
"69","前期","前期","木5","023287-04","教職入門","小川 裕之","https://cssy.aasa.ac.jp/syllabusHtml/2026/00/00_023287-04_ja_JP.html"
"70","前期","前期","金2","023287-05","教職入門","武藤 洋子","https://cssy.aasa.ac.jp/syllabusHtml/2026/00/00_023287-05_ja_JP.html"
"71","前期","前期","他","023287-06","教職入門","小川 裕之","https://cssy.aasa.ac.jp/syllabusHtml/2026/00/00_023287-06_ja_JP.html"
"72","前期","前期","火3","023287-07","教職入門","山田 知子","https://cssy.aasa.ac.jp/syllabusHtml/2026/00/00_023287-07_ja_JP.html"
"73","前期","前期","火4","023287-08","教職入門","山田 知子","https://cssy.aasa.ac.jp/syllabusHtml/2026/00/00_023287-08_ja_JP.html"
"74","前期","前期","水4","023287-51","教職入門","澤田 喜之","https://cssy.aasa.ac.jp/syllabusHtml/2026/00/00_023287-51_ja_JP.html"
"75","前期","前期","水5","023287-52","教職入門","澤田 喜之","https://cssy.aasa.ac.jp/syllabusHtml/2026/00/00_023287-52_ja_JP.html"
"76","前期","前期","火4","023290-01","特別活動指導法","市来 ちさ","https://cssy.aasa.ac.jp/syllabusHtml/2026/00/00_023290-01_ja_JP.html"
"77","前期","前期","火5","023290-02","特別活動指導法","鈴木 章夫","https://cssy.aasa.ac.jp/syllabusHtml/2026/00/00_023290-02_ja_JP.html"
"78","前期","前期","木3","023290-03","特別活動指導法","不破 民由","https://cssy.aasa.ac.jp/syllabusHtml/2026/00/00_023290-03_ja_JP.html"
"79","前期","前期","木4","023290-04","特別活動指導法","不破 民由","https://cssy.aasa.ac.jp/syllabusHtml/2026/00/00_023290-04_ja_JP.html"
"80","前期","前期","木5","023290-05","特別活動指導法","不破 民由","https://cssy.aasa.ac.jp/syllabusHtml/2026/00/00_023290-05_ja_JP.html"
"81","前期","前期","金3","023290-06","特別活動指導法","不破 民由","https://cssy.aasa.ac.jp/syllabusHtml/2026/00/00_023290-06_ja_JP.html"
"82","前期","前期","金4","023290-07","特別活動指導法","不破 民由","https://cssy.aasa.ac.jp/syllabusHtml/2026/00/00_023290-07_ja_JP.html"
"83","前期","前期","金1","023290-08","特別活動指導法","市来 ちさ","https://cssy.aasa.ac.jp/syllabusHtml/2026/00/00_023290-08_ja_JP.html"
"84","前期","前期","金2","023290-09","特別活動指導法","市来 ちさ","https://cssy.aasa.ac.jp/syllabusHtml/2026/00/00_023290-09_ja_JP.html"
"85","前期","前期","火2","023291-01","教育方法","楠元 町子","https://cssy.aasa.ac.jp/syllabusHtml/2026/00/00_023291-01_ja_JP.html"
"86","前期","前期","火4","023291-02","教育方法","楠元 町子","https://cssy.aasa.ac.jp/syllabusHtml/2026/00/00_023291-02_ja_JP.html"
"87","前期","前期","水3","023291-03","教育方法","内田 直人","https://cssy.aasa.ac.jp/syllabusHtml/2026/00/00_023291-03_ja_JP.html"
"88","前期","前期","木2","023291-04","教育方法","瀬古 幸弘","https://cssy.aasa.ac.jp/syllabusHtml/2026/00/00_023291-04_ja_JP.html"
"89","前期","前期","他","023291-05","教育方法","瀬古 幸弘","https://cssy.aasa.ac.jp/syllabusHtml/2026/00/00_023291-05_ja_JP.html"
"90","前期","前期","水4","023291-09","教育方法","楠元 町子","https://cssy.aasa.ac.jp/syllabusHtml/2026/00/00_023291-09_ja_JP.html"
"91","前期","前期","水5","023291-10","教育方法","楠元 町子","https://cssy.aasa.ac.jp/syllabusHtml/2026/00/00_023291-10_ja_JP.html"
"92","前期","前期","水1","023291-51","教育方法","鈴木 章夫","https://cssy.aasa.ac.jp/syllabusHtml/2026/00/00_023291-51_ja_JP.html"
"93","前期","前期","火5","023292-01","生徒・進路指導","梅藤 仁志","https://cssy.aasa.ac.jp/syllabusHtml/2026/00/00_023292-01_ja_JP.html"
"94","前期","前期","木3","023292-02","生徒・進路指導","内田 直人","https://cssy.aasa.ac.jp/syllabusHtml/2026/00/00_023292-02_ja_JP.html"
"95","前期","前期","木4","023292-03","生徒・進路指導","山田 知子","https://cssy.aasa.ac.jp/syllabusHtml/2026/00/00_023292-03_ja_JP.html"
"96","前期","前期","木5","023292-04","生徒・進路指導","山田 知子","https://cssy.aasa.ac.jp/syllabusHtml/2026/00/00_023292-04_ja_JP.html"
"97","前期","前期","他","023292-05","生徒・進路指導","梅藤 仁志","https://cssy.aasa.ac.jp/syllabusHtml/2026/00/00_023292-05_ja_JP.html"
"98","前期","前期","金1","023292-51","生徒・進路指導","小川 裕之","https://cssy.aasa.ac.jp/syllabusHtml/2026/00/00_023292-51_ja_JP.html"
"99","前期","前期","金2","023292-52","生徒・進路指導","小川 裕之","https://cssy.aasa.ac.jp/syllabusHtml/2026/00/00_023292-52_ja_JP.html"
"100","前期","通年","月6","023294-01","教職インターンシップⅠ","小川 裕之","https://cssy.aasa.ac.jp/syllabusHtml/2026/00/00_023294-01_ja_JP.html"
"101","前期","通年","火4","023294-02","教職インターンシップⅠ","梅藤 仁志","https://cssy.aasa.ac.jp/syllabusHtml/2026/00/00_023294-02_ja_JP.html"
"102","前期","通年","火5","023294-03","教職インターンシップⅠ","市来 ちさ","https://cssy.aasa.ac.jp/syllabusHtml/2026/00/00_023294-03_ja_JP.html"
"103","前期","通年","水6","023294-04","教職インターンシップⅠ","山田 知子","https://cssy.aasa.ac.jp/syllabusHtml/2026/00/00_023294-04_ja_JP.html"
"104","前期","通年","木1","023294-05","教職インターンシップⅠ","内田 直人","https://cssy.aasa.ac.jp/syllabusHtml/2026/00/00_023294-05_ja_JP.html"
"105","前期","通年","木6","023294-06","教職インターンシップⅠ","小川 裕之","https://cssy.aasa.ac.jp/syllabusHtml/2026/00/00_023294-06_ja_JP.html"
"106","前期","通年","金3","023294-07","教職インターンシップⅠ","瀬古 幸弘","https://cssy.aasa.ac.jp/syllabusHtml/2026/00/00_023294-07_ja_JP.html"
"107","前期","通年","月1","023294-51","教職インターンシップⅠ","山本 圭子","https://cssy.aasa.ac.jp/syllabusHtml/2026/00/00_023294-51_ja_JP.html"
"108","前期","前期","木1","023296-01","情報モラル教育","神田 久恵","https://cssy.aasa.ac.jp/syllabusHtml/2026/00/00_023296-01_ja_JP.html"
"109","前期","前期","火1","025070-01","生涯学習概論","杉本 正博","https://cssy.aasa.ac.jp/syllabusHtml/2026/00/00_025070-01_ja_JP.html"
"110","前期","前期","火2","025070-02","生涯学習概論","杉本 正博","https://cssy.aasa.ac.jp/syllabusHtml/2026/00/00_025070-02_ja_JP.html"
"111","前期","前期","月1","025120-01","博物館概論","日比野 光敏","https://cssy.aasa.ac.jp/syllabusHtml/2026/00/00_025120-01_ja_JP.html"
"112","前期","前期","月2","025120-02","博物館概論","日比野 光敏","https://cssy.aasa.ac.jp/syllabusHtml/2026/00/00_025120-02_ja_JP.html"
"113","前期","前期","月3","025120-03","博物館概論","日比野 光敏","https://cssy.aasa.ac.jp/syllabusHtml/2026/00/00_025120-03_ja_JP.html"
"114","前期","前期","水2","025120-51","博物館概論","日比野 光敏","https://cssy.aasa.ac.jp/syllabusHtml/2026/00/00_025120-51_ja_JP.html"
"115","前期","通年","月1,他","025123-01","博物館実習","土山 公仁","https://cssy.aasa.ac.jp/syllabusHtml/2026/00/00_025123-01_ja_JP.html"
"116","前期","通年","火4,他","025123-02","博物館実習","日比野 光敏","https://cssy.aasa.ac.jp/syllabusHtml/2026/00/00_025123-02_ja_JP.html"
"117","前期","通年","火5,他","025123-03","博物館実習","日比野 光敏","https://cssy.aasa.ac.jp/syllabusHtml/2026/00/00_025123-03_ja_JP.html"
"118","前期","通年","木3,他","025123-04","博物館実習","日比野 光敏","https://cssy.aasa.ac.jp/syllabusHtml/2026/00/00_025123-04_ja_JP.html"
"119","前期","通年","木4,他","025123-05","博物館実習","日比野 光敏","https://cssy.aasa.ac.jp/syllabusHtml/2026/00/00_025123-05_ja_JP.html"
"120","前期","通年","金3,他","025123-06","博物館実習","土山 公仁","https://cssy.aasa.ac.jp/syllabusHtml/2026/00/00_025123-06_ja_JP.html"
"121","前期","通年","金4,他","025123-07","博物館実習","土山 公仁","https://cssy.aasa.ac.jp/syllabusHtml/2026/00/00_025123-07_ja_JP.html"
"122","前期","通年","木1,他","025123-51","博物館実習","鏡味 千佳","https://cssy.aasa.ac.jp/syllabusHtml/2026/00/00_025123-51_ja_JP.html"
"123","前期","通年","木2,他","025123-52","博物館実習","鏡味 千佳","https://cssy.aasa.ac.jp/syllabusHtml/2026/00/00_025123-52_ja_JP.html"
"124","前期","前期","月1","025124-01","博物館資料保存論","岩月 真由子","https://cssy.aasa.ac.jp/syllabusHtml/2026/00/00_025124-01_ja_JP.html"
"125","前期","前期","金4","025124-51","博物館資料保存論","安藤 香織","https://cssy.aasa.ac.jp/syllabusHtml/2026/00/00_025124-51_ja_JP.html"
"126","前期","前期","月4","025125-01","博物館展示論","岩月 真由子","https://cssy.aasa.ac.jp/syllabusHtml/2026/00/00_025125-01_ja_JP.html"
"127","前期","前期","月5","025125-02","博物館展示論","岩月 真由子","https://cssy.aasa.ac.jp/syllabusHtml/2026/00/00_025125-02_ja_JP.html"
"128","前期","前期","月5","025125-51","博物館展示論","小西 恒典","https://cssy.aasa.ac.jp/syllabusHtml/2026/00/00_025125-51_ja_JP.html"
"129","前期","前期","月3","025126-01","博物館情報・メディア論","土山 公仁","https://cssy.aasa.ac.jp/syllabusHtml/2026/00/00_025126-01_ja_JP.html"
"130","前期","前期","金1","025126-02","博物館情報・メディア論","土山 公仁","https://cssy.aasa.ac.jp/syllabusHtml/2026/00/00_025126-02_ja_JP.html"
"131","前期","前期","水5","026015-01","図書館概論","廣田 慈子","https://cssy.aasa.ac.jp/syllabusHtml/2026/00/00_026015-01_ja_JP.html"
"132","前期","前期","金1","026015-51","図書館概論","廣田 慈子","https://cssy.aasa.ac.jp/syllabusHtml/2026/00/00_026015-51_ja_JP.html"
"133","前期","前期","他","026018-01","図書館制度・経営論","豊田 高広","https://cssy.aasa.ac.jp/syllabusHtml/2026/00/00_026018-01_ja_JP.html"
"134","前期","前期","金5","026020-01","情報サービス概論","廣田 慈子","https://cssy.aasa.ac.jp/syllabusHtml/2026/00/00_026020-01_ja_JP.html"
"135","前期","前期","木5","026023-01","情報資源組織論","廣田 慈子","https://cssy.aasa.ac.jp/syllabusHtml/2026/00/00_026023-01_ja_JP.html"
"136","前期","前期","他","026025-01","図書・図書館史","藤野 寛之","https://cssy.aasa.ac.jp/syllabusHtml/2026/00/00_026025-01_ja_JP.html"
"137","前期","通年","他","026026-01","図書館実習","廣田 慈子","https://cssy.aasa.ac.jp/syllabusHtml/2026/00/00_026026-01_ja_JP.html"
"138","前期","前期","他","026028-01","図書館情報資源特論","山西 芳幸","https://cssy.aasa.ac.jp/syllabusHtml/2026/00/00_026028-01_ja_JP.html"
"139","前期","前期","金4","026029-02","情報サービス演習Ⅰ","廣田 慈子","https://cssy.aasa.ac.jp/syllabusHtml/2026/00/00_026029-02_ja_JP.html"
"140","前期","前期","木4","026030-01","情報サービス演習Ⅱ","廣田 慈子","https://cssy.aasa.ac.jp/syllabusHtml/2026/00/00_026030-01_ja_JP.html"
"141","前期","前期","他","026031-01","情報資源組織演習Ⅰ","廣田 慈子","https://cssy.aasa.ac.jp/syllabusHtml/2026/00/00_026031-01_ja_JP.html"
"142","前期","前期","他","026031-02","情報資源組織演習Ⅰ","廣田 慈子","https://cssy.aasa.ac.jp/syllabusHtml/2026/00/00_026031-02_ja_JP.html"
"143","前期","前期","月3","101145-01","違いを共に生きる・ライフデザイン","鈴木 崇夫 松田 秀子","https://cssy.aasa.ac.jp/syllabusHtml/2026/00/00_101145-01_ja_JP.html"
"144","前期","前期","月3","101145-02","違いを共に生きる・ライフデザイン","鈴木 崇夫 松田 秀子","https://cssy.aasa.ac.jp/syllabusHtml/2026/00/00_101145-02_ja_JP.html"
"145","前期","前期","月4","101145-03","違いを共に生きる・ライフデザイン","鈴木 崇夫 村上 泰介","https://cssy.aasa.ac.jp/syllabusHtml/2026/00/00_101145-03_ja_JP.html"
"146","前期","前期","月4","101145-04","違いを共に生きる・ライフデザイン","鈴木 崇夫 村上 泰介","https://cssy.aasa.ac.jp/syllabusHtml/2026/00/00_101145-04_ja_JP.html"
"147","前期","前期","月5","101145-05","違いを共に生きる・ライフデザイン","鈴木 崇夫 小川 一美","https://cssy.aasa.ac.jp/syllabusHtml/2026/00/00_101145-05_ja_JP.html"
"148","前期","前期","月5","101145-06","違いを共に生きる・ライフデザイン","鈴木 崇夫 小川 一美","https://cssy.aasa.ac.jp/syllabusHtml/2026/00/00_101145-06_ja_JP.html"
"149","前期","前期","火3","101145-07","違いを共に生きる・ライフデザイン","鈴木 崇夫 吉田 竜也","https://cssy.aasa.ac.jp/syllabusHtml/2026/00/00_101145-07_ja_JP.html"
"150","前期","前期","火3","101145-08","違いを共に生きる・ライフデザイン","鈴木 崇夫 角田 達朗","https://cssy.aasa.ac.jp/syllabusHtml/2026/00/00_101145-08_ja_JP.html"
"151","前期","前期","火4","101145-09","違いを共に生きる・ライフデザイン","鈴木 崇夫 志村 栄二 野上 豪志","https://cssy.aasa.ac.jp/syllabusHtml/2026/00/00_101145-09_ja_JP.html"
"152","前期","前期","火4","101145-10","違いを共に生きる・ライフデザイン","鈴木 崇夫 前野 信久 鳥山 喜之","https://cssy.aasa.ac.jp/syllabusHtml/2026/00/00_101145-10_ja_JP.html"
"153","前期","前期","火4","101145-11","違いを共に生きる・ライフデザイン","猪狩 英美 渡邉 健太郎","https://cssy.aasa.ac.jp/syllabusHtml/2026/00/00_101145-11_ja_JP.html"
"154","前期","前期","火4","101145-12","違いを共に生きる・ライフデザイン","猪狩 英美 小野木 堂人","https://cssy.aasa.ac.jp/syllabusHtml/2026/00/00_101145-12_ja_JP.html"
"155","前期","前期","火4","101145-13","違いを共に生きる・ライフデザイン","早野 実花 瀧 誠","https://cssy.aasa.ac.jp/syllabusHtml/2026/00/00_101145-13_ja_JP.html"
"156","前期","前期","火4","101145-14","違いを共に生きる・ライフデザイン","早野 実花 瀧 誠","https://cssy.aasa.ac.jp/syllabusHtml/2026/00/00_101145-14_ja_JP.html"
"157","前期","前期","火5","101145-15","違いを共に生きる・ライフデザイン","早野 実花 高原 美和","https://cssy.aasa.ac.jp/syllabusHtml/2026/00/00_101145-15_ja_JP.html"
"158","前期","前期","火5","101145-16","違いを共に生きる・ライフデザイン","早野 実花 天野 成昭 浦尾 彰","https://cssy.aasa.ac.jp/syllabusHtml/2026/00/00_101145-16_ja_JP.html"
"159","前期","前期","火5","101145-17","違いを共に生きる・ライフデザイン","鈴木 崇夫 清水 裕二","https://cssy.aasa.ac.jp/syllabusHtml/2026/00/00_101145-17_ja_JP.html"
"160","前期","前期","火5","101145-18","違いを共に生きる・ライフデザイン","鈴木 崇夫 清水 裕二","https://cssy.aasa.ac.jp/syllabusHtml/2026/00/00_101145-18_ja_JP.html"
"161","前期","前期","火5","101145-19","違いを共に生きる・ライフデザイン","猪狩 英美 武山 英麿","https://cssy.aasa.ac.jp/syllabusHtml/2026/00/00_101145-19_ja_JP.html"
"162","前期","前期","火5","101145-20","違いを共に生きる・ライフデザイン","猪狩 英美 野田 雅子","https://cssy.aasa.ac.jp/syllabusHtml/2026/00/00_101145-20_ja_JP.html"
"163","前期","前期","火1","101145-51","違いを共に生きる・ライフデザイン","猪狩 英美 大塚 英揮 鈴木 崇夫","https://cssy.aasa.ac.jp/syllabusHtml/2026/00/00_101145-51_ja_JP.html"
"164","前期","前期","火1","101145-52","違いを共に生きる・ライフデザイン","猪狩 英美 大塚 英揮 鈴木 崇夫","https://cssy.aasa.ac.jp/syllabusHtml/2026/00/00_101145-52_ja_JP.html"
"165","前期","前期","火1","101145-53","違いを共に生きる・ライフデザイン","早野 実花 大塚 英揮","https://cssy.aasa.ac.jp/syllabusHtml/2026/00/00_101145-53_ja_JP.html"
"166","前期","前期","火1","101145-54","違いを共に生きる・ライフデザイン","早野 実花 大塚 英揮","https://cssy.aasa.ac.jp/syllabusHtml/2026/00/00_101145-54_ja_JP.html"
"167","前期","前期","火2","101145-55","違いを共に生きる・ライフデザイン","早野 実花 若山 真幸","https://cssy.aasa.ac.jp/syllabusHtml/2026/00/00_101145-55_ja_JP.html"
"168","前期","前期","火2","101145-56","違いを共に生きる・ライフデザイン","早野 実花 若山 真幸","https://cssy.aasa.ac.jp/syllabusHtml/2026/00/00_101145-56_ja_JP.html"
"169","前期","前期","火2","101145-57","違いを共に生きる・ライフデザイン","猪狩 英美 前島 訓子 鈴木 崇夫","https://cssy.aasa.ac.jp/syllabusHtml/2026/00/00_101145-57_ja_JP.html"
"170","前期","前期","火2","101145-58","違いを共に生きる・ライフデザイン","猪狩 英美 中郷 慶 鈴木 崇夫","https://cssy.aasa.ac.jp/syllabusHtml/2026/00/00_101145-58_ja_JP.html"
"171","前期","前期","月2","102331-01","Basic English 1","内田 脩平","https://cssy.aasa.ac.jp/syllabusHtml/2026/00/00_102331-01_ja_JP.html"
"172","前期","前期","月4","102331-02","Basic English 1","内田 脩平","https://cssy.aasa.ac.jp/syllabusHtml/2026/00/00_102331-02_ja_JP.html"
"173","前期","前期","火1","102331-03","Basic English 1","内田 脩平","https://cssy.aasa.ac.jp/syllabusHtml/2026/00/00_102331-03_ja_JP.html"
"174","前期","前期","火2","102331-04","Basic English 1","内田 脩平","https://cssy.aasa.ac.jp/syllabusHtml/2026/00/00_102331-04_ja_JP.html"
"175","前期","前期","火3","102331-05","Basic English 1","河合 利江","https://cssy.aasa.ac.jp/syllabusHtml/2026/00/00_102331-05_ja_JP.html"
"176","前期","前期","水2","102331-06","Basic English 1","磯村 香里","https://cssy.aasa.ac.jp/syllabusHtml/2026/00/00_102331-06_ja_JP.html"
"177","前期","前期","水3","102331-07","Basic English 1","東海林 明美","https://cssy.aasa.ac.jp/syllabusHtml/2026/00/00_102331-07_ja_JP.html"
"178","前期","前期","水4","102331-08","Basic English 1","山田 久美子","https://cssy.aasa.ac.jp/syllabusHtml/2026/00/00_102331-08_ja_JP.html"
"179","前期","前期","木2","102331-09","Basic English 1","河口 和子","https://cssy.aasa.ac.jp/syllabusHtml/2026/00/00_102331-09_ja_JP.html"
"180","前期","前期","木3","102331-10","Basic English 1","河口 和子","https://cssy.aasa.ac.jp/syllabusHtml/2026/00/00_102331-10_ja_JP.html"
"181","前期","前期","金2","102331-11","Basic English 1","東海林 明美","https://cssy.aasa.ac.jp/syllabusHtml/2026/00/00_102331-11_ja_JP.html"
"182","前期","前期","金3","102331-12","Basic English 1","東海林 明美","https://cssy.aasa.ac.jp/syllabusHtml/2026/00/00_102331-12_ja_JP.html"
"183","前期","前期","金4","102331-13","Basic English 1","松見 誌野","https://cssy.aasa.ac.jp/syllabusHtml/2026/00/00_102331-13_ja_JP.html"
"184","前期","前期","月4","102331-51","Basic English 1","中村 晴香","https://cssy.aasa.ac.jp/syllabusHtml/2026/00/00_102331-51_ja_JP.html"
"185","前期","前期","金2","102331-53","Basic English 1","前澤 大樹","https://cssy.aasa.ac.jp/syllabusHtml/2026/00/00_102331-53_ja_JP.html"
"186","前期","前期","月2","102332-01","Basic English 2","笠井 俊宏","https://cssy.aasa.ac.jp/syllabusHtml/2026/00/00_102332-01_ja_JP.html"
"187","前期","前期","火1","102332-02","Basic English 2","河合 利江","https://cssy.aasa.ac.jp/syllabusHtml/2026/00/00_102332-02_ja_JP.html"
"188","前期","前期","水2","102332-03","Basic English 2","山田 久美子","https://cssy.aasa.ac.jp/syllabusHtml/2026/00/00_102332-03_ja_JP.html"
"189","前期","前期","水3","102332-04","Basic English 2","大石 瑶子","https://cssy.aasa.ac.jp/syllabusHtml/2026/00/00_102332-04_ja_JP.html"
"190","前期","前期","木4","102332-05","Basic English 2","河口 和子","https://cssy.aasa.ac.jp/syllabusHtml/2026/00/00_102332-05_ja_JP.html"
"191","前期","前期","金1","102332-06","Basic English 2","河口 和子","https://cssy.aasa.ac.jp/syllabusHtml/2026/00/00_102332-06_ja_JP.html"
"192","前期","前期","金2","102332-07","Basic English 2","大石 瑶子","https://cssy.aasa.ac.jp/syllabusHtml/2026/00/00_102332-07_ja_JP.html"
"193","前期","前期","金3","102332-08","Basic English 2","松見 誌野","https://cssy.aasa.ac.jp/syllabusHtml/2026/00/00_102332-08_ja_JP.html"
"194","前期","前期","月3","102333-01","English 1 (Listening)","LACEY Charles F.","https://cssy.aasa.ac.jp/syllabusHtml/2026/00/00_102333-01_ja_JP.html"
"195","前期","前期","火1","102333-02","English 1 (Listening)","ARRIETA Lovely","https://cssy.aasa.ac.jp/syllabusHtml/2026/00/00_102333-02_ja_JP.html"
"196","前期","前期","火2","102333-03","English 1 (Listening)","ARRIETA Lovely","https://cssy.aasa.ac.jp/syllabusHtml/2026/00/00_102333-03_ja_JP.html"
"197","前期","前期","火2","102333-04","English 1 (Listening)","河合 利江","https://cssy.aasa.ac.jp/syllabusHtml/2026/00/00_102333-04_ja_JP.html"
"198","前期","前期","火3","102333-05","English 1 (Listening)","井土 康仁","https://cssy.aasa.ac.jp/syllabusHtml/2026/00/00_102333-05_ja_JP.html"
"199","前期","前期","火4","102333-06","English 1 (Listening)","河合 利江","https://cssy.aasa.ac.jp/syllabusHtml/2026/00/00_102333-06_ja_JP.html"
"200","前期","前期","水3","102333-07","English 1 (Listening)","山田 幸代","https://cssy.aasa.ac.jp/syllabusHtml/2026/00/00_102333-07_ja_JP.html"
"201","前期","前期","木1","102333-08","English 1 (Listening)","河口 和子","https://cssy.aasa.ac.jp/syllabusHtml/2026/00/00_102333-08_ja_JP.html"
"202","前期","前期","木4","102333-09","English 1 (Listening)","笠井 俊宏","https://cssy.aasa.ac.jp/syllabusHtml/2026/00/00_102333-09_ja_JP.html"
"203","前期","前期","金1","102333-10","English 1 (Listening)","ARRIETA Lovely","https://cssy.aasa.ac.jp/syllabusHtml/2026/00/00_102333-10_ja_JP.html"
"204","前期","前期","金2","102333-11","English 1 (Listening)","笠井 俊宏","https://cssy.aasa.ac.jp/syllabusHtml/2026/00/00_102333-11_ja_JP.html"
"205","前期","前期","金2","102333-12","English 1 (Listening)","ARRIETA Lovely","https://cssy.aasa.ac.jp/syllabusHtml/2026/00/00_102333-12_ja_JP.html"
"206","前期","前期","金3","102333-13","English 1 (Listening)","河口 和子","https://cssy.aasa.ac.jp/syllabusHtml/2026/00/00_102333-13_ja_JP.html"
"207","前期","前期","金4","102333-14","English 1 (Listening)","ARRIETA Lovely","https://cssy.aasa.ac.jp/syllabusHtml/2026/00/00_102333-14_ja_JP.html"
"208","前期","前期","金4","102333-15","English 1 (Listening)","半井 尚美","https://cssy.aasa.ac.jp/syllabusHtml/2026/00/00_102333-15_ja_JP.html"
"209","前期","前期","月3","102333-51","English 1 (Listening)","WACHOLTZ Terry","https://cssy.aasa.ac.jp/syllabusHtml/2026/00/00_102333-51_ja_JP.html"
"210","前期","前期","月4","102333-52","English 1 (Listening)","WACHOLTZ Terry","https://cssy.aasa.ac.jp/syllabusHtml/2026/00/00_102333-52_ja_JP.html"
"211","前期","前期","水1","102333-54","English 1 (Listening)","LACEY Charles F.","https://cssy.aasa.ac.jp/syllabusHtml/2026/00/00_102333-54_ja_JP.html"
"212","前期","前期","月1","102334-01","English 2 (Reading)","水野 友貴","https://cssy.aasa.ac.jp/syllabusHtml/2026/00/00_102334-01_ja_JP.html"
"213","前期","前期","月2","102334-02","English 2 (Reading)","石河 敦子","https://cssy.aasa.ac.jp/syllabusHtml/2026/00/00_102334-02_ja_JP.html"
"214","前期","前期","月3","102334-03","English 2 (Reading)","LEAF David H.","https://cssy.aasa.ac.jp/syllabusHtml/2026/00/00_102334-03_ja_JP.html"
"215","前期","前期","月4","102334-04","English 2 (Reading)","LACEY Charles F.","https://cssy.aasa.ac.jp/syllabusHtml/2026/00/00_102334-04_ja_JP.html"
"216","前期","前期","火2","102334-05","English 2 (Reading)","井土 康仁","https://cssy.aasa.ac.jp/syllabusHtml/2026/00/00_102334-05_ja_JP.html"
"217","前期","前期","火3","102334-06","English 2 (Reading)","笠井 俊宏","https://cssy.aasa.ac.jp/syllabusHtml/2026/00/00_102334-06_ja_JP.html"
"218","前期","前期","火4","102334-07","English 2 (Reading)","井土 康仁","https://cssy.aasa.ac.jp/syllabusHtml/2026/00/00_102334-07_ja_JP.html"
"219","前期","前期","水1","102334-08","English 2 (Reading)","水野 友貴","https://cssy.aasa.ac.jp/syllabusHtml/2026/00/00_102334-08_ja_JP.html"
"220","前期","前期","水2","102334-09","English 2 (Reading)","松見 誌野","https://cssy.aasa.ac.jp/syllabusHtml/2026/00/00_102334-09_ja_JP.html"
"221","前期","前期","水3","102334-10","English 2 (Reading)","松見 誌野","https://cssy.aasa.ac.jp/syllabusHtml/2026/00/00_102334-10_ja_JP.html"
"222","前期","前期","水4","102334-11","English 2 (Reading)","大石 瑶子","https://cssy.aasa.ac.jp/syllabusHtml/2026/00/00_102334-11_ja_JP.html"
"223","前期","前期","木2","102334-12","English 2 (Reading)","河合 利江","https://cssy.aasa.ac.jp/syllabusHtml/2026/00/00_102334-12_ja_JP.html"
"224","前期","前期","木3","102334-13","English 2 (Reading)","相川 由美","https://cssy.aasa.ac.jp/syllabusHtml/2026/00/00_102334-13_ja_JP.html"
"225","前期","前期","木4","102334-14","English 2 (Reading)","相川 由美","https://cssy.aasa.ac.jp/syllabusHtml/2026/00/00_102334-14_ja_JP.html"
"226","前期","前期","金1","102334-15","English 2 (Reading)","BAILEY Mark","https://cssy.aasa.ac.jp/syllabusHtml/2026/00/00_102334-15_ja_JP.html"
"227","前期","前期","金2","102334-16","English 2 (Reading)","半井 尚美","https://cssy.aasa.ac.jp/syllabusHtml/2026/00/00_102334-16_ja_JP.html"
"228","前期","前期","金3","102334-17","English 2 (Reading)","大石 瑶子","https://cssy.aasa.ac.jp/syllabusHtml/2026/00/00_102334-17_ja_JP.html"
"229","前期","前期","金4","102334-18","English 2 (Reading)","河口 和子","https://cssy.aasa.ac.jp/syllabusHtml/2026/00/00_102334-18_ja_JP.html"
"230","前期","前期","月1","102334-51","English 2 (Reading)","半井 尚美","https://cssy.aasa.ac.jp/syllabusHtml/2026/00/00_102334-51_ja_JP.html"
"231","前期","前期","金3","102334-55","English 2 (Reading)","前澤 大樹","https://cssy.aasa.ac.jp/syllabusHtml/2026/00/00_102334-55_ja_JP.html"
"232","前期","前期","月1","102335-01","English 3 (TOEIC 1)","笠井 俊宏","https://cssy.aasa.ac.jp/syllabusHtml/2026/00/00_102335-01_ja_JP.html"
"233","前期","前期","月2","102335-02","English 3 (TOEIC 1)","水野 友貴","https://cssy.aasa.ac.jp/syllabusHtml/2026/00/00_102335-02_ja_JP.html"
"234","前期","前期","月3","102335-03","English 3 (TOEIC 1)","内田 脩平","https://cssy.aasa.ac.jp/syllabusHtml/2026/00/00_102335-03_ja_JP.html"
"235","前期","前期","月4","102335-04","English 3 (TOEIC 1)","松見 誌野","https://cssy.aasa.ac.jp/syllabusHtml/2026/00/00_102335-04_ja_JP.html"
"236","前期","前期","火1","102335-05","English 3 (TOEIC 1)","花木 由子","https://cssy.aasa.ac.jp/syllabusHtml/2026/00/00_102335-05_ja_JP.html"
"237","前期","前期","火2","102335-06","English 3 (TOEIC 1)","花木 由子","https://cssy.aasa.ac.jp/syllabusHtml/2026/00/00_102335-06_ja_JP.html"
"238","前期","前期","火3","102335-07","English 3 (TOEIC 1)","服部 有紀","https://cssy.aasa.ac.jp/syllabusHtml/2026/00/00_102335-07_ja_JP.html"
"239","前期","前期","火4","102335-08","English 3 (TOEIC 1)","内田 脩平","https://cssy.aasa.ac.jp/syllabusHtml/2026/00/00_102335-08_ja_JP.html"
"240","前期","前期","水1","102335-09","English 3 (TOEIC 1)","山田 久美子","https://cssy.aasa.ac.jp/syllabusHtml/2026/00/00_102335-09_ja_JP.html"
"241","前期","前期","水2","102335-10","English 3 (TOEIC 1)","水野 友貴","https://cssy.aasa.ac.jp/syllabusHtml/2026/00/00_102335-10_ja_JP.html"
"242","前期","前期","木2","102335-11","English 3 (TOEIC 1)","太田 晶子","https://cssy.aasa.ac.jp/syllabusHtml/2026/00/00_102335-11_ja_JP.html"
"243","前期","前期","木3","102335-12","English 3 (TOEIC 1)","笠井 俊宏","https://cssy.aasa.ac.jp/syllabusHtml/2026/00/00_102335-12_ja_JP.html"
"244","前期","前期","木4","102335-13","English 3 (TOEIC 1)","河合 利江","https://cssy.aasa.ac.jp/syllabusHtml/2026/00/00_102335-13_ja_JP.html"
"245","前期","前期","金1","102335-14","English 3 (TOEIC 1)","笠井 俊宏","https://cssy.aasa.ac.jp/syllabusHtml/2026/00/00_102335-14_ja_JP.html"
"246","前期","前期","金2","102335-15","English 3 (TOEIC 1)","PUDWILL Larry A.","https://cssy.aasa.ac.jp/syllabusHtml/2026/00/00_102335-15_ja_JP.html"
"247","前期","前期","金3","102335-16","English 3 (TOEIC 1)","山田 久美子","https://cssy.aasa.ac.jp/syllabusHtml/2026/00/00_102335-16_ja_JP.html"
"248","前期","前期","金4","102335-17","English 3 (TOEIC 1)","山田 久美子","https://cssy.aasa.ac.jp/syllabusHtml/2026/00/00_102335-17_ja_JP.html"
"249","前期","前期","月3","102335-51","English 3 (TOEIC 1)","半井 尚美","https://cssy.aasa.ac.jp/syllabusHtml/2026/00/00_102335-51_ja_JP.html"
"250","前期","前期","月4","102335-52","English 3 (TOEIC 1)","半井 尚美","https://cssy.aasa.ac.jp/syllabusHtml/2026/00/00_102335-52_ja_JP.html"
"251","前期","前期","火2","102335-53","English 3 (TOEIC 1)","PUDWILL Larry A.","https://cssy.aasa.ac.jp/syllabusHtml/2026/00/00_102335-53_ja_JP.html"
"252","前期","前期","火4","102335-54","English 3 (TOEIC 1)","PUDWILL Larry A.","https://cssy.aasa.ac.jp/syllabusHtml/2026/00/00_102335-54_ja_JP.html"
"253","前期","前期","水2","102335-55","English 3 (TOEIC 1)","LACEY Charles F.","https://cssy.aasa.ac.jp/syllabusHtml/2026/00/00_102335-55_ja_JP.html"
"254","前期","前期","水4","102335-56","English 3 (TOEIC 1)","LACEY Charles F.","https://cssy.aasa.ac.jp/syllabusHtml/2026/00/00_102335-56_ja_JP.html"
"255","前期","前期","金2","102335-57","English 3 (TOEIC 1)","中川 直志","https://cssy.aasa.ac.jp/syllabusHtml/2026/00/00_102335-57_ja_JP.html"
"256","前期","前期","金3","102335-58","English 3 (TOEIC 1)","中川 直志","https://cssy.aasa.ac.jp/syllabusHtml/2026/00/00_102335-58_ja_JP.html"
"257","前期","前期","月4","102336-01","English 4 (Speaking 1)","LEAF David H.","https://cssy.aasa.ac.jp/syllabusHtml/2026/00/00_102336-01_ja_JP.html"
"258","前期","前期","火3","102336-02","English 4 (Speaking 1)","ARRIETA Lovely","https://cssy.aasa.ac.jp/syllabusHtml/2026/00/00_102336-02_ja_JP.html"
"259","前期","前期","火4","102336-03","English 4 (Speaking 1)","ARRIETA Lovely","https://cssy.aasa.ac.jp/syllabusHtml/2026/00/00_102336-03_ja_JP.html"
"260","前期","前期","水3","102336-04","English 4 (Speaking 1)","BAILEY Mark","https://cssy.aasa.ac.jp/syllabusHtml/2026/00/00_102336-04_ja_JP.html"
"261","前期","前期","水4","102336-05","English 4 (Speaking 1)","BAILEY Mark","https://cssy.aasa.ac.jp/syllabusHtml/2026/00/00_102336-05_ja_JP.html"
"262","前期","前期","金1","102336-06","English 4 (Speaking 1)","PUDWILL Larry A.","https://cssy.aasa.ac.jp/syllabusHtml/2026/00/00_102336-06_ja_JP.html"
"263","前期","前期","金2","102336-07","English 4 (Speaking 1)","BAILEY Mark","https://cssy.aasa.ac.jp/syllabusHtml/2026/00/00_102336-07_ja_JP.html"
"264","前期","前期","金3","102336-08","English 4 (Speaking 1)","ARRIETA Lovely","https://cssy.aasa.ac.jp/syllabusHtml/2026/00/00_102336-08_ja_JP.html"
"265","前期","前期","月3","102336-51","English 4 (Speaking 1)","BOWDEN Matthew","https://cssy.aasa.ac.jp/syllabusHtml/2026/00/00_102336-51_ja_JP.html"
"266","前期","前期","水3","102336-52","English 4 (Speaking 1)","LACEY Charles F.","https://cssy.aasa.ac.jp/syllabusHtml/2026/00/00_102336-52_ja_JP.html"
"267","前期","前期","金3","102336-53","English 4 (Speaking 1)","BOWDEN Matthew","https://cssy.aasa.ac.jp/syllabusHtml/2026/00/00_102336-53_ja_JP.html"
"268","前期","前期","金4","102336-54","English 4 (Speaking 1)","BOWDEN Matthew","https://cssy.aasa.ac.jp/syllabusHtml/2026/00/00_102336-54_ja_JP.html"
"269","前期","前期","月2","102337-01","English 5 (TOEIC 2)","松見 誌野","https://cssy.aasa.ac.jp/syllabusHtml/2026/00/00_102337-01_ja_JP.html"
"270","前期","前期","水3","102337-04","English 5 (TOEIC 2)","山田 久美子","https://cssy.aasa.ac.jp/syllabusHtml/2026/00/00_102337-04_ja_JP.html"
"271","前期","前期","水4","102337-05","English 5 (TOEIC 2)","松見 誌野","https://cssy.aasa.ac.jp/syllabusHtml/2026/00/00_102337-05_ja_JP.html"
"272","前期","前期","木2","102337-06","English 5 (TOEIC 2)","松見 誌野","https://cssy.aasa.ac.jp/syllabusHtml/2026/00/00_102337-06_ja_JP.html"
"273","前期","前期","金1","102337-07","English 5 (TOEIC 2)","半井 尚美","https://cssy.aasa.ac.jp/syllabusHtml/2026/00/00_102337-07_ja_JP.html"
"274","前期","前期","金3","102337-08","English 5 (TOEIC 2)","半井 尚美","https://cssy.aasa.ac.jp/syllabusHtml/2026/00/00_102337-08_ja_JP.html"
"275","前期","前期","金4","102337-09","English 5 (TOEIC 2)","太田 晶子","https://cssy.aasa.ac.jp/syllabusHtml/2026/00/00_102337-09_ja_JP.html"
"276","前期","前期","月2","102337-51","English 5 (TOEIC 2)","中村 晴香","https://cssy.aasa.ac.jp/syllabusHtml/2026/00/00_102337-51_ja_JP.html"
"277","前期","前期","月3","102337-52","English 5 (TOEIC 2)","中村 晴香","https://cssy.aasa.ac.jp/syllabusHtml/2026/00/00_102337-52_ja_JP.html"
"278","前期","前期","水3","102337-53","English 5 (TOEIC 2)","中村 晴香","https://cssy.aasa.ac.jp/syllabusHtml/2026/00/00_102337-53_ja_JP.html"
"279","前期","前期","木4","102337-54","English 5 (TOEIC 2)","服部 有紀","https://cssy.aasa.ac.jp/syllabusHtml/2026/00/00_102337-54_ja_JP.html"
"280","前期","前期","木2","102338-01","English 6 (Speaking 2)","LEAF David H.","https://cssy.aasa.ac.jp/syllabusHtml/2026/00/00_102338-01_ja_JP.html"
"281","前期","前期","月4","102338-51","English 6 (Speaking 2)","BOWDEN Matthew","https://cssy.aasa.ac.jp/syllabusHtml/2026/00/00_102338-51_ja_JP.html"
"282","前期","前期","火3","102338-52","English 6 (Speaking 2)","PUDWILL Larry A.","https://cssy.aasa.ac.jp/syllabusHtml/2026/00/00_102338-52_ja_JP.html"
"283","前期","前期","水2","102357-02","TOEIC Training Ⅰa (Listening & Reading)","山田 幸代","https://cssy.aasa.ac.jp/syllabusHtml/2026/00/00_102357-02_ja_JP.html"
"284","前期","前期","木3","102357-03","TOEIC Training Ⅰa (Listening & Reading)","太田 晶子","https://cssy.aasa.ac.jp/syllabusHtml/2026/00/00_102357-03_ja_JP.html"
"285","前期","前期","金3","102357-05","TOEIC Training Ⅰa (Listening & Reading)","太田 晶子","https://cssy.aasa.ac.jp/syllabusHtml/2026/00/00_102357-05_ja_JP.html"
"286","前期","前期","水2","102357-51","TOEIC Training Ⅰa (Listening & Reading)","中村 晴香","https://cssy.aasa.ac.jp/syllabusHtml/2026/00/00_102357-51_ja_JP.html"
"287","前期","前期","水4","102357-52","TOEIC Training Ⅰa (Listening & Reading)","中村 晴香","https://cssy.aasa.ac.jp/syllabusHtml/2026/00/00_102357-52_ja_JP.html"
"288","前期","前期","木2","102357-53","TOEIC Training Ⅰa (Listening & Reading)","服部 有紀","https://cssy.aasa.ac.jp/syllabusHtml/2026/00/00_102357-53_ja_JP.html"
"289","前期","前期","木4","102357-54","TOEIC Training Ⅰa (Listening & Reading)","大石 瑶子","https://cssy.aasa.ac.jp/syllabusHtml/2026/00/00_102357-54_ja_JP.html"
"290","前期","前期","火4","102359-01","TOEIC Training Ⅰc (Listening & Reading)","服部 有紀","https://cssy.aasa.ac.jp/syllabusHtml/2026/00/00_102359-01_ja_JP.html"
"291","前期","前期","木3","102359-52","TOEIC Training Ⅰc (Listening & Reading)","服部 有紀","https://cssy.aasa.ac.jp/syllabusHtml/2026/00/00_102359-52_ja_JP.html"
"292","前期","前期","火1","102361-51","TOEIC Training Ⅱa (Speaking & Writing)","PUDWILL Larry A.","https://cssy.aasa.ac.jp/syllabusHtml/2026/00/00_102361-51_ja_JP.html"
"293","前期","前期","水3","102369-51","Advanced English A","WACHOLTZ Terry","https://cssy.aasa.ac.jp/syllabusHtml/2026/00/00_102369-51_ja_JP.html"
"294","前期","前期","月1","102400-01","Introduction to English","内田 脩平","https://cssy.aasa.ac.jp/syllabusHtml/2026/00/00_102400-01_ja_JP.html"
"295","前期","前期","月2","102400-02","Introduction to English","大石 瑶子","https://cssy.aasa.ac.jp/syllabusHtml/2026/00/00_102400-02_ja_JP.html"
"296","前期","前期","月3","102400-03","Introduction to English","松見 誌野","https://cssy.aasa.ac.jp/syllabusHtml/2026/00/00_102400-03_ja_JP.html"
"297","前期","前期","月3","102400-04","Introduction to English","大石 瑶子","https://cssy.aasa.ac.jp/syllabusHtml/2026/00/00_102400-04_ja_JP.html"
"298","前期","前期","火2","102400-05","Introduction to English","服部 有紀","https://cssy.aasa.ac.jp/syllabusHtml/2026/00/00_102400-05_ja_JP.html"
"299","前期","前期","火2","102400-06","Introduction to English","笠井 俊宏","https://cssy.aasa.ac.jp/syllabusHtml/2026/00/00_102400-06_ja_JP.html"
"300","前期","前期","火3","102400-07","Introduction to English","内田 脩平","https://cssy.aasa.ac.jp/syllabusHtml/2026/00/00_102400-07_ja_JP.html"
"301","前期","前期","火4","102400-08","Introduction to English","笠井 俊宏","https://cssy.aasa.ac.jp/syllabusHtml/2026/00/00_102400-08_ja_JP.html"
"302","前期","前期","木1","102400-09","Introduction to English","河合 利江","https://cssy.aasa.ac.jp/syllabusHtml/2026/00/00_102400-09_ja_JP.html"
"303","前期","前期","木2","102400-10","Introduction to English","笠井 俊宏","https://cssy.aasa.ac.jp/syllabusHtml/2026/00/00_102400-10_ja_JP.html"
"304","前期","前期","木3","102400-11","Introduction to English","松見 誌野","https://cssy.aasa.ac.jp/syllabusHtml/2026/00/00_102400-11_ja_JP.html"
"305","前期","前期","木3","102400-12","Introduction to English","河合 利江","https://cssy.aasa.ac.jp/syllabusHtml/2026/00/00_102400-12_ja_JP.html"
"306","前期","前期","金2","102400-13","Introduction to English","太田 晶子","https://cssy.aasa.ac.jp/syllabusHtml/2026/00/00_102400-13_ja_JP.html"
"307","前期","前期","金2","102400-14","Introduction to English","河口 和子","https://cssy.aasa.ac.jp/syllabusHtml/2026/00/00_102400-14_ja_JP.html"
"308","前期","前期","月1","102400-51","Introduction to English","中村 晴香","https://cssy.aasa.ac.jp/syllabusHtml/2026/00/00_102400-51_ja_JP.html"
"309","前期","前期","水1","102400-52","Introduction to English","中村 晴香","https://cssy.aasa.ac.jp/syllabusHtml/2026/00/00_102400-52_ja_JP.html"
"310","前期","前期","木3","102400-53","Introduction to English","大石 瑶子","https://cssy.aasa.ac.jp/syllabusHtml/2026/00/00_102400-53_ja_JP.html"
"311","前期","前期","他","104020-01","AI・データサイエンス入門 [M]","大門ゴーフ 裕子","https://cssy.aasa.ac.jp/syllabusHtml/2026/00/00_104020-01_ja_JP.html"
"312","前期","前期","他","104020-02","AI・データサイエンス入門 [M]","大門ゴーフ 裕子","https://cssy.aasa.ac.jp/syllabusHtml/2026/00/00_104020-02_ja_JP.html"
"313","前期","前期","他","104020-03","AI・データサイエンス入門 [M]","大門ゴーフ 裕子","https://cssy.aasa.ac.jp/syllabusHtml/2026/00/00_104020-03_ja_JP.html"
"314","前期","前期","他","104020-04","AI・データサイエンス入門 [M]","大門ゴーフ 裕子","https://cssy.aasa.ac.jp/syllabusHtml/2026/00/00_104020-04_ja_JP.html"
"315","前期","前期","他","104020-05","AI・データサイエンス入門 [M]","大門ゴーフ 裕子","https://cssy.aasa.ac.jp/syllabusHtml/2026/00/00_104020-05_ja_JP.html"
"316","前期","前期","他","104020-06","AI・データサイエンス入門 [M]","大門ゴーフ 裕子","https://cssy.aasa.ac.jp/syllabusHtml/2026/00/00_104020-06_ja_JP.html"
"317","前期","前期","他","104020-51","AI・データサイエンス入門 [M]","大門ゴーフ 裕子","https://cssy.aasa.ac.jp/syllabusHtml/2026/00/00_104020-51_ja_JP.html"
"318","前期","前期","月4","104022-01","AI・データサイエンス基礎演習","内田 美紀子","https://cssy.aasa.ac.jp/syllabusHtml/2026/00/00_104022-01_ja_JP.html"
"319","前期","前期","火4","104022-02","AI・データサイエンス基礎演習","大門ゴーフ 裕子","https://cssy.aasa.ac.jp/syllabusHtml/2026/00/00_104022-02_ja_JP.html"
"320","前期","前期","水3","104022-51","AI・データサイエンス基礎演習","大門ゴーフ 裕子","https://cssy.aasa.ac.jp/syllabusHtml/2026/00/00_104022-51_ja_JP.html"
"321","前期","前期","月1","104121-01","コンピュータリテラシーⅠ","外部講師(パソナ日本総務部)","https://cssy.aasa.ac.jp/syllabusHtml/2026/00/00_104121-01_ja_JP.html"
"322","前期","前期","月1","104121-02","コンピュータリテラシーⅠ","外部講師(パソナ日本総務部)","https://cssy.aasa.ac.jp/syllabusHtml/2026/00/00_104121-02_ja_JP.html"
"323","前期","前期","月2","104121-03","コンピュータリテラシーⅠ","外部講師(パソナ日本総務部)","https://cssy.aasa.ac.jp/syllabusHtml/2026/00/00_104121-03_ja_JP.html"
"324","前期","前期","月2","104121-04","コンピュータリテラシーⅠ","外部講師(パソナ日本総務部)","https://cssy.aasa.ac.jp/syllabusHtml/2026/00/00_104121-04_ja_JP.html"
"325","前期","前期","月3","104121-05","コンピュータリテラシーⅠ","外部講師(パソナ日本総務部)","https://cssy.aasa.ac.jp/syllabusHtml/2026/00/00_104121-05_ja_JP.html"
"326","前期","前期","月3","104121-06","コンピュータリテラシーⅠ","外部講師(パソナ日本総務部)","https://cssy.aasa.ac.jp/syllabusHtml/2026/00/00_104121-06_ja_JP.html"
"327","前期","前期","月4","104121-07","コンピュータリテラシーⅠ","外部講師(パソナ日本総務部)","https://cssy.aasa.ac.jp/syllabusHtml/2026/00/00_104121-07_ja_JP.html"
"328","前期","前期","月4","104121-08","コンピュータリテラシーⅠ","外部講師(パソナ日本総務部)","https://cssy.aasa.ac.jp/syllabusHtml/2026/00/00_104121-08_ja_JP.html"
"329","前期","前期","月5","104121-09","コンピュータリテラシーⅠ","外部講師(パソナ日本総務部)","https://cssy.aasa.ac.jp/syllabusHtml/2026/00/00_104121-09_ja_JP.html"
"330","前期","前期","月5","104121-10","コンピュータリテラシーⅠ","外部講師(パソナ日本総務部)","https://cssy.aasa.ac.jp/syllabusHtml/2026/00/00_104121-10_ja_JP.html"
"331","前期","前期","火1","104121-11","コンピュータリテラシーⅠ","外部講師(パソナ日本総務部)","https://cssy.aasa.ac.jp/syllabusHtml/2026/00/00_104121-11_ja_JP.html"
"332","前期","前期","火2","104121-13","コンピュータリテラシーⅠ","外部講師(パソナ日本総務部)","https://cssy.aasa.ac.jp/syllabusHtml/2026/00/00_104121-13_ja_JP.html"
"333","前期","前期","火4","104121-14","コンピュータリテラシーⅠ","外部講師(パソナ日本総務部)","https://cssy.aasa.ac.jp/syllabusHtml/2026/00/00_104121-14_ja_JP.html"
"334","前期","前期","火4","104121-15","コンピュータリテラシーⅠ","外部講師(パソナ日本総務部)","https://cssy.aasa.ac.jp/syllabusHtml/2026/00/00_104121-15_ja_JP.html"
"335","前期","前期","火5","104121-16","コンピュータリテラシーⅠ","外部講師(パソナ日本総務部)","https://cssy.aasa.ac.jp/syllabusHtml/2026/00/00_104121-16_ja_JP.html"
"336","前期","前期","火5","104121-17","コンピュータリテラシーⅠ","外部講師(パソナ日本総務部)","https://cssy.aasa.ac.jp/syllabusHtml/2026/00/00_104121-17_ja_JP.html"
"337","前期","前期","水1","104121-18","コンピュータリテラシーⅠ","外部講師(パソナ日本総務部)","https://cssy.aasa.ac.jp/syllabusHtml/2026/00/00_104121-18_ja_JP.html"
"338","前期","前期","水1","104121-19","コンピュータリテラシーⅠ","外部講師(パソナ日本総務部)","https://cssy.aasa.ac.jp/syllabusHtml/2026/00/00_104121-19_ja_JP.html"
"339","前期","前期","水3","104121-20","コンピュータリテラシーⅠ","外部講師(パソナ日本総務部)","https://cssy.aasa.ac.jp/syllabusHtml/2026/00/00_104121-20_ja_JP.html"
"340","前期","前期","水4","104121-21","コンピュータリテラシーⅠ","外部講師(パソナ日本総務部)","https://cssy.aasa.ac.jp/syllabusHtml/2026/00/00_104121-21_ja_JP.html"
"341","前期","前期","水4","104121-22","コンピュータリテラシーⅠ","外部講師(パソナ日本総務部)","https://cssy.aasa.ac.jp/syllabusHtml/2026/00/00_104121-22_ja_JP.html"
"342","前期","前期","水5","104121-23","コンピュータリテラシーⅠ","外部講師(パソナ日本総務部)","https://cssy.aasa.ac.jp/syllabusHtml/2026/00/00_104121-23_ja_JP.html"
"343","前期","前期","水5","104121-24","コンピュータリテラシーⅠ","外部講師(パソナ日本総務部)","https://cssy.aasa.ac.jp/syllabusHtml/2026/00/00_104121-24_ja_JP.html"
"344","前期","前期","木1","104121-25","コンピュータリテラシーⅠ","外部講師(パソナ日本総務部)","https://cssy.aasa.ac.jp/syllabusHtml/2026/00/00_104121-25_ja_JP.html"
"345","前期","前期","木4","104121-26","コンピュータリテラシーⅠ","外部講師(パソナ日本総務部)","https://cssy.aasa.ac.jp/syllabusHtml/2026/00/00_104121-26_ja_JP.html"
"346","前期","前期","木5","104121-27","コンピュータリテラシーⅠ","外部講師(パソナ日本総務部)","https://cssy.aasa.ac.jp/syllabusHtml/2026/00/00_104121-27_ja_JP.html"
"347","前期","前期","金1","104121-28","コンピュータリテラシーⅠ","外部講師(パソナ日本総務部)","https://cssy.aasa.ac.jp/syllabusHtml/2026/00/00_104121-28_ja_JP.html"
"348","前期","前期","金1","104121-29","コンピュータリテラシーⅠ","外部講師(パソナ日本総務部)","https://cssy.aasa.ac.jp/syllabusHtml/2026/00/00_104121-29_ja_JP.html"
"349","前期","前期","金3","104121-30","コンピュータリテラシーⅠ","外部講師(パソナ日本総務部)","https://cssy.aasa.ac.jp/syllabusHtml/2026/00/00_104121-30_ja_JP.html"
"350","前期","前期","金3","104121-31","コンピュータリテラシーⅠ","外部講師(パソナ日本総務部)","https://cssy.aasa.ac.jp/syllabusHtml/2026/00/00_104121-31_ja_JP.html"
"351","前期","前期","金4","104121-32","コンピュータリテラシーⅠ","外部講師(パソナ日本総務部)","https://cssy.aasa.ac.jp/syllabusHtml/2026/00/00_104121-32_ja_JP.html"
"352","前期","前期","金4","104121-33","コンピュータリテラシーⅠ","外部講師(パソナ日本総務部)","https://cssy.aasa.ac.jp/syllabusHtml/2026/00/00_104121-33_ja_JP.html"
"353","前期","前期","金5","104121-34","コンピュータリテラシーⅠ","外部講師(パソナ日本総務部)","https://cssy.aasa.ac.jp/syllabusHtml/2026/00/00_104121-34_ja_JP.html"
"354","前期","前期","他","104121-35","コンピュータリテラシーⅠ","外部講師(パソナ日本総務部)","https://cssy.aasa.ac.jp/syllabusHtml/2026/00/00_104121-35_ja_JP.html"
"355","前期","前期","他","104121-36","コンピュータリテラシーⅠ","外部講師(パソナ日本総務部)","https://cssy.aasa.ac.jp/syllabusHtml/2026/00/00_104121-36_ja_JP.html"
"356","前期","前期","月3","104121-51","コンピュータリテラシーⅠ","外部講師(パソナ日本総務部)","https://cssy.aasa.ac.jp/syllabusHtml/2026/00/00_104121-51_ja_JP.html"
"357","前期","前期","月4","104121-52","コンピュータリテラシーⅠ","外部講師(パソナ日本総務部)","https://cssy.aasa.ac.jp/syllabusHtml/2026/00/00_104121-52_ja_JP.html"
"358","前期","前期","火3","104121-53","コンピュータリテラシーⅠ","外部講師(パソナ日本総務部)","https://cssy.aasa.ac.jp/syllabusHtml/2026/00/00_104121-53_ja_JP.html"
"359","前期","前期","火4","104121-54","コンピュータリテラシーⅠ","外部講師(パソナ日本総務部)","https://cssy.aasa.ac.jp/syllabusHtml/2026/00/00_104121-54_ja_JP.html"
"360","前期","前期","火5","104121-55","コンピュータリテラシーⅠ","外部講師(パソナ日本総務部)","https://cssy.aasa.ac.jp/syllabusHtml/2026/00/00_104121-55_ja_JP.html"
"361","前期","前期","水1","104121-56","コンピュータリテラシーⅠ","外部講師(パソナ日本総務部)","https://cssy.aasa.ac.jp/syllabusHtml/2026/00/00_104121-56_ja_JP.html"
"362","前期","前期","水2","104121-57","コンピュータリテラシーⅠ","外部講師(パソナ日本総務部)","https://cssy.aasa.ac.jp/syllabusHtml/2026/00/00_104121-57_ja_JP.html"
"363","前期","前期","水3","104121-58","コンピュータリテラシーⅠ","外部講師(パソナ日本総務部)","https://cssy.aasa.ac.jp/syllabusHtml/2026/00/00_104121-58_ja_JP.html"
"364","前期","前期","水4","104121-59","コンピュータリテラシーⅠ","外部講師(パソナ日本総務部)","https://cssy.aasa.ac.jp/syllabusHtml/2026/00/00_104121-59_ja_JP.html"
"365","前期","前期","木3","104121-60","コンピュータリテラシーⅠ","山崎 真照","https://cssy.aasa.ac.jp/syllabusHtml/2026/00/00_104121-60_ja_JP.html"
"366","前期","前期","木4","104121-61","コンピュータリテラシーⅠ","外部講師(パソナ日本総務部)","https://cssy.aasa.ac.jp/syllabusHtml/2026/00/00_104121-61_ja_JP.html"
"367","前期","前期","木5","104121-62","コンピュータリテラシーⅠ","外部講師(パソナ日本総務部)","https://cssy.aasa.ac.jp/syllabusHtml/2026/00/00_104121-62_ja_JP.html"
"368","前期","前期","金1","104121-63","コンピュータリテラシーⅠ","外部講師(パソナ日本総務部)","https://cssy.aasa.ac.jp/syllabusHtml/2026/00/00_104121-63_ja_JP.html"
"369","前期","前期","金3","104121-64","コンピュータリテラシーⅠ","外部講師(パソナ日本総務部)","https://cssy.aasa.ac.jp/syllabusHtml/2026/00/00_104121-64_ja_JP.html"
"370","前期","前期","金4","104121-65","コンピュータリテラシーⅠ","外部講師(パソナ日本総務部)","https://cssy.aasa.ac.jp/syllabusHtml/2026/00/00_104121-65_ja_JP.html"
"371","前期","前期","他","104122-01","コンピュータリテラシーⅡ","外部講師(パソナ日本総務部)","https://cssy.aasa.ac.jp/syllabusHtml/2026/00/00_104122-01_ja_JP.html"
"372","前期","前期","月2","104129-01","ITパスポート対策講座Ⅰ","外部講師(大原学園) コン活","https://cssy.aasa.ac.jp/syllabusHtml/2026/00/00_104129-01_ja_JP.html"
"373","前期","前期","火2","104129-02","ITパスポート対策講座Ⅰ","外部講師(大原学園) コン活","https://cssy.aasa.ac.jp/syllabusHtml/2026/00/00_104129-02_ja_JP.html"
"374","前期","前期","金4","104129-03","ITパスポート対策講座Ⅰ","外部講師(大原学園) コン活","https://cssy.aasa.ac.jp/syllabusHtml/2026/00/00_104129-03_ja_JP.html"
"375","前期","前期","火2","104129-51","ITパスポート対策講座Ⅰ","外部講師(大原学園) コン活","https://cssy.aasa.ac.jp/syllabusHtml/2026/00/00_104129-51_ja_JP.html"
"376","前期","前期","水4","104129-52","ITパスポート対策講座Ⅰ","外部講師(大原学園) コン活","https://cssy.aasa.ac.jp/syllabusHtml/2026/00/00_104129-52_ja_JP.html"
"377","前期","前期","金2","104129-53","ITパスポート対策講座Ⅰ","外部講師(大原学園) コン活","https://cssy.aasa.ac.jp/syllabusHtml/2026/00/00_104129-53_ja_JP.html"
"378","前期","前期","月1","104130-01","ITパスポート対策講座Ⅱ","外部講師(大原学園) コン活","https://cssy.aasa.ac.jp/syllabusHtml/2026/00/00_104130-01_ja_JP.html"
"379","前期","前期","火1","104130-02","ITパスポート対策講座Ⅱ","外部講師(大原学園) コン活","https://cssy.aasa.ac.jp/syllabusHtml/2026/00/00_104130-02_ja_JP.html"
"380","前期","前期","金3","104130-03","ITパスポート対策講座Ⅱ","外部講師(大原学園) コン活","https://cssy.aasa.ac.jp/syllabusHtml/2026/00/00_104130-03_ja_JP.html"
"381","前期","前期","火1","104130-51","ITパスポート対策講座Ⅱ","外部講師(大原学園) コン活","https://cssy.aasa.ac.jp/syllabusHtml/2026/00/00_104130-51_ja_JP.html"
"382","前期","前期","水3","104130-52","ITパスポート対策講座Ⅱ","外部講師(大原学園) コン活","https://cssy.aasa.ac.jp/syllabusHtml/2026/00/00_104130-52_ja_JP.html"
"383","前期","前期","金1","104130-53","ITパスポート対策講座Ⅱ","外部講師(大原学園) コン活","https://cssy.aasa.ac.jp/syllabusHtml/2026/00/00_104130-53_ja_JP.html"
"384","前期","前期","木1","104134-01","ウェブデザイン技能検定対策講座","大嶽 麻里子","https://cssy.aasa.ac.jp/syllabusHtml/2026/00/00_104134-01_ja_JP.html"
"385","前期","前期","木4","104134-51","ウェブデザイン技能検定対策講座","大嶽 麻里子","https://cssy.aasa.ac.jp/syllabusHtml/2026/00/00_104134-51_ja_JP.html"
"386","前期","前期","金1","104135-01","情報セキュリティマネジメント試験対策講座Ⅰ","戸谷 英司","https://cssy.aasa.ac.jp/syllabusHtml/2026/00/00_104135-01_ja_JP.html"
"387","前期","前期","木1","104135-51","情報セキュリティマネジメント試験対策講座Ⅰ","戸谷 英司","https://cssy.aasa.ac.jp/syllabusHtml/2026/00/00_104135-51_ja_JP.html"
"388","前期","前期","金2","104136-01","情報セキュリティマネジメント試験対策講座Ⅱ","戸谷 英司","https://cssy.aasa.ac.jp/syllabusHtml/2026/00/00_104136-01_ja_JP.html"
"389","前期","前期","木2","104136-51","情報セキュリティマネジメント試験対策講座Ⅱ","戸谷 英司","https://cssy.aasa.ac.jp/syllabusHtml/2026/00/00_104136-51_ja_JP.html"
"390","前期","前期","木2","106001-01","初めての外国語1(ドイツ語)","吉田 敬","https://cssy.aasa.ac.jp/syllabusHtml/2026/00/00_106001-01_ja_JP.html"
"391","前期","前期","木3","106001-02","初めての外国語1(ドイツ語)","平岩 英恵","https://cssy.aasa.ac.jp/syllabusHtml/2026/00/00_106001-02_ja_JP.html"
"392","前期","前期","木4","106001-03","初めての外国語1(ドイツ語)","平岩 英恵","https://cssy.aasa.ac.jp/syllabusHtml/2026/00/00_106001-03_ja_JP.html"
"393","前期","前期","木2","106001-51","初めての外国語1(ドイツ語)","平岩 英恵","https://cssy.aasa.ac.jp/syllabusHtml/2026/00/00_106001-51_ja_JP.html"
"394","前期","前期","水1","106002-01","初めての外国語2(フランス語)","清水 ベアトリックス","https://cssy.aasa.ac.jp/syllabusHtml/2026/00/00_106002-01_ja_JP.html"
"395","前期","前期","水2","106002-02","初めての外国語2(フランス語)","清水 ベアトリックス","https://cssy.aasa.ac.jp/syllabusHtml/2026/00/00_106002-02_ja_JP.html"
"396","前期","前期","木2","106002-03","初めての外国語2(フランス語)","田崎 明子","https://cssy.aasa.ac.jp/syllabusHtml/2026/00/00_106002-03_ja_JP.html"
"397","前期","前期","金1","106002-51","初めての外国語2(フランス語)","清水 ベアトリックス","https://cssy.aasa.ac.jp/syllabusHtml/2026/00/00_106002-51_ja_JP.html"
"398","前期","前期","金2","106002-52","初めての外国語2(フランス語)","清水 ベアトリックス","https://cssy.aasa.ac.jp/syllabusHtml/2026/00/00_106002-52_ja_JP.html"
"399","前期","前期","木1","106003-01","初めての外国語3(ロシア語)","佐藤 規祥","https://cssy.aasa.ac.jp/syllabusHtml/2026/00/00_106003-01_ja_JP.html"
"400","前期","前期","水2","106003-51","初めての外国語3(ロシア語)","水野 晶子","https://cssy.aasa.ac.jp/syllabusHtml/2026/00/00_106003-51_ja_JP.html"
"401","前期","前期","水3","106004-01","初めての外国語4(スペイン語)","GUTIERREZ CERVANTES Lenin","https://cssy.aasa.ac.jp/syllabusHtml/2026/00/00_106004-01_ja_JP.html"
"402","前期","前期","水4","106004-02","初めての外国語4(スペイン語)","GUTIERREZ CERVANTES Lenin","https://cssy.aasa.ac.jp/syllabusHtml/2026/00/00_106004-02_ja_JP.html"
"403","前期","前期","水1","106004-51","初めての外国語4(スペイン語)","GUTIERREZ CERVANTES Lenin","https://cssy.aasa.ac.jp/syllabusHtml/2026/00/00_106004-51_ja_JP.html"
"404","前期","前期","月1","106005-01","初めての外国語5(イタリア語)","柴田 有香","https://cssy.aasa.ac.jp/syllabusHtml/2026/00/00_106005-01_ja_JP.html"
"405","前期","前期","月2","106005-02","初めての外国語5(イタリア語)","柴田 有香","https://cssy.aasa.ac.jp/syllabusHtml/2026/00/00_106005-02_ja_JP.html"
"406","前期","前期","火4","106005-51","初めての外国語5(イタリア語)","柴田 有香","https://cssy.aasa.ac.jp/syllabusHtml/2026/00/00_106005-51_ja_JP.html"
"407","前期","前期","月1","106006-01","初めての外国語6(ポルトガル語)","瀧藤 千恵美","https://cssy.aasa.ac.jp/syllabusHtml/2026/00/00_106006-01_ja_JP.html"
"408","前期","前期","月2","106006-02","初めての外国語6(ポルトガル語)","瀧藤 千恵美","https://cssy.aasa.ac.jp/syllabusHtml/2026/00/00_106006-02_ja_JP.html"
"409","前期","前期","木3","106006-51","初めての外国語6(ポルトガル語)","瀧藤 千恵美","https://cssy.aasa.ac.jp/syllabusHtml/2026/00/00_106006-51_ja_JP.html"
"410","前期","前期","木4","106006-52","初めての外国語6(ポルトガル語)","瀧藤 千恵美","https://cssy.aasa.ac.jp/syllabusHtml/2026/00/00_106006-52_ja_JP.html"
"411","前期","前期","月3","106007-01","初めての外国語7(中国語)","陳 惠貞","https://cssy.aasa.ac.jp/syllabusHtml/2026/00/00_106007-01_ja_JP.html"
"412","前期","前期","月4","106007-02","初めての外国語7(中国語)","陳 惠貞","https://cssy.aasa.ac.jp/syllabusHtml/2026/00/00_106007-02_ja_JP.html"
"413","前期","前期","火2","106007-04","初めての外国語7(中国語)","巣 宇燕","https://cssy.aasa.ac.jp/syllabusHtml/2026/00/00_106007-04_ja_JP.html"
"414","前期","前期","火3","106007-05","初めての外国語7(中国語)","華 イ","https://cssy.aasa.ac.jp/syllabusHtml/2026/00/00_106007-05_ja_JP.html"
"415","前期","前期","火4","106007-06","初めての外国語7(中国語)","華 イ","https://cssy.aasa.ac.jp/syllabusHtml/2026/00/00_106007-06_ja_JP.html"
"416","前期","前期","水1","106007-07","初めての外国語7(中国語)","鄧 秀","https://cssy.aasa.ac.jp/syllabusHtml/2026/00/00_106007-07_ja_JP.html"
"417","前期","前期","水3","106007-08","初めての外国語7(中国語)","曹 志偉","https://cssy.aasa.ac.jp/syllabusHtml/2026/00/00_106007-08_ja_JP.html"
"418","前期","前期","水4","106007-09","初めての外国語7(中国語)","曹 志偉","https://cssy.aasa.ac.jp/syllabusHtml/2026/00/00_106007-09_ja_JP.html"
"419","前期","前期","木3","106007-10","初めての外国語7(中国語)","王 岩","https://cssy.aasa.ac.jp/syllabusHtml/2026/00/00_106007-10_ja_JP.html"
"420","前期","前期","木4","106007-11","初めての外国語7(中国語)","王 岩","https://cssy.aasa.ac.jp/syllabusHtml/2026/00/00_106007-11_ja_JP.html"
"421","前期","前期","金2","106007-12","初めての外国語7(中国語)","華 イ","https://cssy.aasa.ac.jp/syllabusHtml/2026/00/00_106007-12_ja_JP.html"
"422","前期","前期","金3","106007-13","初めての外国語7(中国語)","馬 麗梅","https://cssy.aasa.ac.jp/syllabusHtml/2026/00/00_106007-13_ja_JP.html"
"423","前期","前期","月2","106007-51","初めての外国語7(中国語)","高 飛","https://cssy.aasa.ac.jp/syllabusHtml/2026/00/00_106007-51_ja_JP.html"
"424","前期","前期","火2","106007-52","初めての外国語7(中国語)","中塚 亮","https://cssy.aasa.ac.jp/syllabusHtml/2026/00/00_106007-52_ja_JP.html"
"425","前期","前期","木1","106007-53","初めての外国語7(中国語)","MAYILA","https://cssy.aasa.ac.jp/syllabusHtml/2026/00/00_106007-53_ja_JP.html"
"426","前期","前期","木2","106007-54","初めての外国語7(中国語)","高 飛","https://cssy.aasa.ac.jp/syllabusHtml/2026/00/00_106007-54_ja_JP.html"
"427","前期","前期","火1","106008-01","初めての外国語8(韓国・朝鮮語)","キム ソヨン","https://cssy.aasa.ac.jp/syllabusHtml/2026/00/00_106008-01_ja_JP.html"
"428","前期","前期","火1","106008-02","初めての外国語8(韓国・朝鮮語)","梁 勝奎","https://cssy.aasa.ac.jp/syllabusHtml/2026/00/00_106008-02_ja_JP.html"
"429","前期","前期","火2","106008-03","初めての外国語8(韓国・朝鮮語)","キム ソヨン","https://cssy.aasa.ac.jp/syllabusHtml/2026/00/00_106008-03_ja_JP.html"
"430","前期","前期","火2","106008-04","初めての外国語8(韓国・朝鮮語)","梁 勝奎","https://cssy.aasa.ac.jp/syllabusHtml/2026/00/00_106008-04_ja_JP.html"
"431","前期","前期","火3","106008-05","初めての外国語8(韓国・朝鮮語)","キム ソヨン","https://cssy.aasa.ac.jp/syllabusHtml/2026/00/00_106008-05_ja_JP.html"
"432","前期","前期","火4","106008-06","初めての外国語8(韓国・朝鮮語)","キム ソヨン","https://cssy.aasa.ac.jp/syllabusHtml/2026/00/00_106008-06_ja_JP.html"
"433","前期","前期","水1","106008-07","初めての外国語8(韓国・朝鮮語)","梁 勝奎","https://cssy.aasa.ac.jp/syllabusHtml/2026/00/00_106008-07_ja_JP.html"
"434","前期","前期","水2","106008-08","初めての外国語8(韓国・朝鮮語)","梁 勝奎","https://cssy.aasa.ac.jp/syllabusHtml/2026/00/00_106008-08_ja_JP.html"
"435","前期","前期","木3","106008-09","初めての外国語8(韓国・朝鮮語)","キム ソヨン","https://cssy.aasa.ac.jp/syllabusHtml/2026/00/00_106008-09_ja_JP.html"
"436","前期","前期","木4","106008-10","初めての外国語8(韓国・朝鮮語)","キム ソヨン","https://cssy.aasa.ac.jp/syllabusHtml/2026/00/00_106008-10_ja_JP.html"
"437","前期","前期","月3","106008-51","初めての外国語8(韓国・朝鮮語)","柳 朱燕","https://cssy.aasa.ac.jp/syllabusHtml/2026/00/00_106008-51_ja_JP.html"
"438","前期","前期","火3","106008-52","初めての外国語8(韓国・朝鮮語)","楊 アラム","https://cssy.aasa.ac.jp/syllabusHtml/2026/00/00_106008-52_ja_JP.html"
"439","前期","前期","水4","106008-53","初めての外国語8(韓国・朝鮮語)","楊 アラム","https://cssy.aasa.ac.jp/syllabusHtml/2026/00/00_106008-53_ja_JP.html"
"440","前期","前期","木3","106008-54","初めての外国語8(韓国・朝鮮語)","李 正子","https://cssy.aasa.ac.jp/syllabusHtml/2026/00/00_106008-54_ja_JP.html"
"441","前期","前期","火4","106011-51","日本語Ⅲ","宮口 徹也","https://cssy.aasa.ac.jp/syllabusHtml/2026/00/00_106011-51_ja_JP.html"
"442","前期","前期","月1","108003-01","日本語表現1","中村 建","https://cssy.aasa.ac.jp/syllabusHtml/2026/00/00_108003-01_ja_JP.html"
"443","前期","前期","月1","108003-02","日本語表現1","中野 遙","https://cssy.aasa.ac.jp/syllabusHtml/2026/00/00_108003-02_ja_JP.html"
"444","前期","前期","月1","108003-03","日本語表現1","久保田 樹","https://cssy.aasa.ac.jp/syllabusHtml/2026/00/00_108003-03_ja_JP.html"
"445","前期","前期","月1","108003-04","日本語表現1","久保田 一充","https://cssy.aasa.ac.jp/syllabusHtml/2026/00/00_108003-04_ja_JP.html"
"446","前期","前期","月2","108003-05","日本語表現1","小椋 愛子","https://cssy.aasa.ac.jp/syllabusHtml/2026/00/00_108003-05_ja_JP.html"
"447","前期","前期","月2","108003-06","日本語表現1","中野 遙","https://cssy.aasa.ac.jp/syllabusHtml/2026/00/00_108003-06_ja_JP.html"
"448","前期","前期","月2","108003-07","日本語表現1","久保田 樹","https://cssy.aasa.ac.jp/syllabusHtml/2026/00/00_108003-07_ja_JP.html"
"449","前期","前期","月2","108003-08","日本語表現1","久保田 一充","https://cssy.aasa.ac.jp/syllabusHtml/2026/00/00_108003-08_ja_JP.html"
"450","前期","前期","月3","108003-09","日本語表現1","久保田 樹","https://cssy.aasa.ac.jp/syllabusHtml/2026/00/00_108003-09_ja_JP.html"
"451","前期","前期","月3","108003-10","日本語表現1","中村 建","https://cssy.aasa.ac.jp/syllabusHtml/2026/00/00_108003-10_ja_JP.html"
"452","前期","前期","月3","108003-11","日本語表現1","小椋 愛子","https://cssy.aasa.ac.jp/syllabusHtml/2026/00/00_108003-11_ja_JP.html"
"453","前期","前期","月3","108003-12","日本語表現1","久保田 一充","https://cssy.aasa.ac.jp/syllabusHtml/2026/00/00_108003-12_ja_JP.html"
"454","前期","前期","月4","108003-13","日本語表現1","久保田 樹","https://cssy.aasa.ac.jp/syllabusHtml/2026/00/00_108003-13_ja_JP.html"
"455","前期","前期","月4","108003-14","日本語表現1","中村 建","https://cssy.aasa.ac.jp/syllabusHtml/2026/00/00_108003-14_ja_JP.html"
"456","前期","前期","月4","108003-15","日本語表現1","富中 佑輔","https://cssy.aasa.ac.jp/syllabusHtml/2026/00/00_108003-15_ja_JP.html"
"457","前期","前期","月5","108003-16","日本語表現1","富中 佑輔","https://cssy.aasa.ac.jp/syllabusHtml/2026/00/00_108003-16_ja_JP.html"
"458","前期","前期","火1","108003-17","日本語表現1","中村 建","https://cssy.aasa.ac.jp/syllabusHtml/2026/00/00_108003-17_ja_JP.html"
"459","前期","前期","火1","108003-18","日本語表現1","川村 祐斗","https://cssy.aasa.ac.jp/syllabusHtml/2026/00/00_108003-18_ja_JP.html"
"460","前期","前期","火1","108003-19","日本語表現1","吉本 裕史","https://cssy.aasa.ac.jp/syllabusHtml/2026/00/00_108003-19_ja_JP.html"
"461","前期","前期","火2","108003-20","日本語表現1","石田 莉奈","https://cssy.aasa.ac.jp/syllabusHtml/2026/00/00_108003-20_ja_JP.html"
"462","前期","前期","火2","108003-21","日本語表現1","中村 建","https://cssy.aasa.ac.jp/syllabusHtml/2026/00/00_108003-21_ja_JP.html"
"463","前期","前期","火2","108003-22","日本語表現1","吉本 裕史","https://cssy.aasa.ac.jp/syllabusHtml/2026/00/00_108003-22_ja_JP.html"
"464","前期","前期","火2","108003-23","日本語表現1","久保田 一充","https://cssy.aasa.ac.jp/syllabusHtml/2026/00/00_108003-23_ja_JP.html"
"465","前期","前期","火3","108003-24","日本語表現1","川村 祐斗","https://cssy.aasa.ac.jp/syllabusHtml/2026/00/00_108003-24_ja_JP.html"
"466","前期","前期","火3","108003-25","日本語表現1","石田 莉奈","https://cssy.aasa.ac.jp/syllabusHtml/2026/00/00_108003-25_ja_JP.html"
"467","前期","前期","火3","108003-26","日本語表現1","伊藤 真希","https://cssy.aasa.ac.jp/syllabusHtml/2026/00/00_108003-26_ja_JP.html"
"468","前期","前期","火4","108003-27","日本語表現1","中野 遙","https://cssy.aasa.ac.jp/syllabusHtml/2026/00/00_108003-27_ja_JP.html"
"469","前期","前期","火4","108003-28","日本語表現1","伊藤 真希","https://cssy.aasa.ac.jp/syllabusHtml/2026/00/00_108003-28_ja_JP.html"
"470","前期","前期","火4","108003-29","日本語表現1","久保田 一充","https://cssy.aasa.ac.jp/syllabusHtml/2026/00/00_108003-29_ja_JP.html"
"471","前期","前期","火5","108003-30","日本語表現1","川村 祐斗","https://cssy.aasa.ac.jp/syllabusHtml/2026/00/00_108003-30_ja_JP.html"
"472","前期","前期","火5","108003-31","日本語表現1","中西 由香里","https://cssy.aasa.ac.jp/syllabusHtml/2026/00/00_108003-31_ja_JP.html"
"473","前期","前期","水1","108003-32","日本語表現1","吉本 裕史","https://cssy.aasa.ac.jp/syllabusHtml/2026/00/00_108003-32_ja_JP.html"
"474","前期","前期","水1","108003-33","日本語表現1","川村 祐斗","https://cssy.aasa.ac.jp/syllabusHtml/2026/00/00_108003-33_ja_JP.html"
"475","前期","前期","水2","108003-34","日本語表現1","川村 祐斗","https://cssy.aasa.ac.jp/syllabusHtml/2026/00/00_108003-34_ja_JP.html"
"476","前期","前期","水2","108003-35","日本語表現1","小椋 愛子","https://cssy.aasa.ac.jp/syllabusHtml/2026/00/00_108003-35_ja_JP.html"
"477","前期","前期","水3","108003-36","日本語表現1","久保田 一充","https://cssy.aasa.ac.jp/syllabusHtml/2026/00/00_108003-36_ja_JP.html"
"478","前期","前期","水3","108003-37","日本語表現1","服部 一宏","https://cssy.aasa.ac.jp/syllabusHtml/2026/00/00_108003-37_ja_JP.html"
"479","前期","前期","水3","108003-38","日本語表現1","小椋 愛子","https://cssy.aasa.ac.jp/syllabusHtml/2026/00/00_108003-38_ja_JP.html"
"480","前期","前期","水4","108003-39","日本語表現1","久保田 一充","https://cssy.aasa.ac.jp/syllabusHtml/2026/00/00_108003-39_ja_JP.html"
"481","前期","前期","水4","108003-40","日本語表現1","小林 祐也","https://cssy.aasa.ac.jp/syllabusHtml/2026/00/00_108003-40_ja_JP.html"
"482","前期","前期","水4","108003-41","日本語表現1","富中 佑輔","https://cssy.aasa.ac.jp/syllabusHtml/2026/00/00_108003-41_ja_JP.html"
"483","前期","前期","水4","108003-42","日本語表現1","服部 一宏","https://cssy.aasa.ac.jp/syllabusHtml/2026/00/00_108003-42_ja_JP.html"
"484","前期","前期","水4","108003-43","日本語表現1","久保田 樹","https://cssy.aasa.ac.jp/syllabusHtml/2026/00/00_108003-43_ja_JP.html"
"485","前期","前期","水5","108003-44","日本語表現1","富中 佑輔","https://cssy.aasa.ac.jp/syllabusHtml/2026/00/00_108003-44_ja_JP.html"
"486","前期","前期","水5","108003-45","日本語表現1","吉本 裕史","https://cssy.aasa.ac.jp/syllabusHtml/2026/00/00_108003-45_ja_JP.html"
"487","前期","前期","水5","108003-46","日本語表現1","森本 俊之","https://cssy.aasa.ac.jp/syllabusHtml/2026/00/00_108003-46_ja_JP.html"
"488","前期","前期","水5","108003-47","日本語表現1","小椋 愛子","https://cssy.aasa.ac.jp/syllabusHtml/2026/00/00_108003-47_ja_JP.html"
"489","前期","前期","木1","108003-48","日本語表現1","小椋 愛子","https://cssy.aasa.ac.jp/syllabusHtml/2026/00/00_108003-48_ja_JP.html"
"490","前期","前期","木1","108003-49","日本語表現1","富中 佑輔","https://cssy.aasa.ac.jp/syllabusHtml/2026/00/00_108003-49_ja_JP.html"
"491","前期","前期","木1","108003-50","日本語表現1","吉本 裕史","https://cssy.aasa.ac.jp/syllabusHtml/2026/00/00_108003-50_ja_JP.html"
"492","前期","前期","木2","108003-51","日本語表現1","川村 祐斗","https://cssy.aasa.ac.jp/syllabusHtml/2026/00/00_108003-51_ja_JP.html"
"493","前期","前期","木3","108003-52","日本語表現1","中村 建","https://cssy.aasa.ac.jp/syllabusHtml/2026/00/00_108003-52_ja_JP.html"
"494","前期","前期","木3","108003-53","日本語表現1","久保田 一充","https://cssy.aasa.ac.jp/syllabusHtml/2026/00/00_108003-53_ja_JP.html"
"495","前期","前期","木3","108003-54","日本語表現1","川村 祐斗","https://cssy.aasa.ac.jp/syllabusHtml/2026/00/00_108003-54_ja_JP.html"
"496","前期","前期","木4","108003-55","日本語表現1","久保田 一充","https://cssy.aasa.ac.jp/syllabusHtml/2026/00/00_108003-55_ja_JP.html"
"497","前期","前期","木4","108003-56","日本語表現1","吉本 裕史","https://cssy.aasa.ac.jp/syllabusHtml/2026/00/00_108003-56_ja_JP.html"
"498","前期","前期","木4","108003-57","日本語表現1","川村 祐斗","https://cssy.aasa.ac.jp/syllabusHtml/2026/00/00_108003-57_ja_JP.html"
"499","前期","前期","木4","108003-58","日本語表現1","中村 建","https://cssy.aasa.ac.jp/syllabusHtml/2026/00/00_108003-58_ja_JP.html"
"500","前期","前期","木4","108003-59","日本語表現1","中西 由香里","https://cssy.aasa.ac.jp/syllabusHtml/2026/00/00_108003-59_ja_JP.html"
"501","前期","前期","木5","108003-60","日本語表現1","中村 建","https://cssy.aasa.ac.jp/syllabusHtml/2026/00/00_108003-60_ja_JP.html"
"502","前期","前期","木5","108003-61","日本語表現1","中西 由香里","https://cssy.aasa.ac.jp/syllabusHtml/2026/00/00_108003-61_ja_JP.html"
"503","前期","前期","金1","108003-62","日本語表現1","小林 祐也","https://cssy.aasa.ac.jp/syllabusHtml/2026/00/00_108003-62_ja_JP.html"
"504","前期","前期","金1","108003-63","日本語表現1","吉本 裕史","https://cssy.aasa.ac.jp/syllabusHtml/2026/00/00_108003-63_ja_JP.html"
"505","前期","前期","金2","108003-64","日本語表現1","中村 建","https://cssy.aasa.ac.jp/syllabusHtml/2026/00/00_108003-64_ja_JP.html"
"506","前期","前期","金3","108003-65","日本語表現1","吉本 裕史","https://cssy.aasa.ac.jp/syllabusHtml/2026/00/00_108003-65_ja_JP.html"
"507","前期","前期","金4","108003-66","日本語表現1","吉本 裕史","https://cssy.aasa.ac.jp/syllabusHtml/2026/00/00_108003-66_ja_JP.html"
"508","前期","前期","月1","108003-71","日本語表現1","柴田 龍希","https://cssy.aasa.ac.jp/syllabusHtml/2026/00/00_108003-71_ja_JP.html"
"509","前期","前期","月2","108003-72","日本語表現1","柴田 龍希","https://cssy.aasa.ac.jp/syllabusHtml/2026/00/00_108003-72_ja_JP.html"
"510","前期","前期","月2","108003-73","日本語表現1","市川 遥","https://cssy.aasa.ac.jp/syllabusHtml/2026/00/00_108003-73_ja_JP.html"
"511","前期","前期","月3","108003-74","日本語表現1","柴田 龍希","https://cssy.aasa.ac.jp/syllabusHtml/2026/00/00_108003-74_ja_JP.html"
"512","前期","前期","火2","108003-75","日本語表現1","柴田 龍希","https://cssy.aasa.ac.jp/syllabusHtml/2026/00/00_108003-75_ja_JP.html"
"513","前期","前期","火2","108003-76","日本語表現1","市川 遥","https://cssy.aasa.ac.jp/syllabusHtml/2026/00/00_108003-76_ja_JP.html"
"514","前期","前期","火4","108003-77","日本語表現1","柴田 龍希","https://cssy.aasa.ac.jp/syllabusHtml/2026/00/00_108003-77_ja_JP.html"
"515","前期","前期","火4","108003-78","日本語表現1","市川 遥","https://cssy.aasa.ac.jp/syllabusHtml/2026/00/00_108003-78_ja_JP.html"
"516","前期","前期","火5","108003-79","日本語表現1","柴田 龍希","https://cssy.aasa.ac.jp/syllabusHtml/2026/00/00_108003-79_ja_JP.html"
"517","前期","前期","火5","108003-80","日本語表現1","市川 遥","https://cssy.aasa.ac.jp/syllabusHtml/2026/00/00_108003-80_ja_JP.html"
"518","前期","前期","木1","108003-81","日本語表現1","柴田 龍希","https://cssy.aasa.ac.jp/syllabusHtml/2026/00/00_108003-81_ja_JP.html"
"519","前期","前期","木1","108003-82","日本語表現1","蕗谷 雄輝","https://cssy.aasa.ac.jp/syllabusHtml/2026/00/00_108003-82_ja_JP.html"
"520","前期","前期","木2","108003-83","日本語表現1","市川 遥","https://cssy.aasa.ac.jp/syllabusHtml/2026/00/00_108003-83_ja_JP.html"
"521","前期","前期","木4","108003-84","日本語表現1","市川 遥","https://cssy.aasa.ac.jp/syllabusHtml/2026/00/00_108003-84_ja_JP.html"
"522","前期","前期","木4","108003-85","日本語表現1","蕗谷 雄輝","https://cssy.aasa.ac.jp/syllabusHtml/2026/00/00_108003-85_ja_JP.html"
"523","前期","前期","木5","108003-86","日本語表現1","市川 遥","https://cssy.aasa.ac.jp/syllabusHtml/2026/00/00_108003-86_ja_JP.html"
"524","前期","前期","木5","108003-87","日本語表現1","柴田 龍希","https://cssy.aasa.ac.jp/syllabusHtml/2026/00/00_108003-87_ja_JP.html"
"525","前期","前期","金2","108003-88","日本語表現1","市川 遥","https://cssy.aasa.ac.jp/syllabusHtml/2026/00/00_108003-88_ja_JP.html"
"526","前期","前期","金2","108003-89","日本語表現1","石田 莉奈","https://cssy.aasa.ac.jp/syllabusHtml/2026/00/00_108003-89_ja_JP.html"
"527","前期","前期","金3","108003-90","日本語表現1","石田 莉奈","https://cssy.aasa.ac.jp/syllabusHtml/2026/00/00_108003-90_ja_JP.html"
"528","前期","前期","金4","108003-91","日本語表現1","柴田 龍希","https://cssy.aasa.ac.jp/syllabusHtml/2026/00/00_108003-91_ja_JP.html"
"529","前期","前期","金4","108003-92","日本語表現1","市川 遥","https://cssy.aasa.ac.jp/syllabusHtml/2026/00/00_108003-92_ja_JP.html"
"530","前期","前期","金4","108003-93","日本語表現1","蕗谷 雄輝","https://cssy.aasa.ac.jp/syllabusHtml/2026/00/00_108003-93_ja_JP.html"
"531","前期","前期","金1","108003-97","日本語表現1","本間 妙","https://cssy.aasa.ac.jp/syllabusHtml/2026/00/00_108003-97_ja_JP.html"
"532","前期","前期","水4","108004-01","日本語表現2","森本 俊之","https://cssy.aasa.ac.jp/syllabusHtml/2026/00/00_108004-01_ja_JP.html"
"533","前期","前期","金1","108004-51","日本語表現2","柴田 龍希","https://cssy.aasa.ac.jp/syllabusHtml/2026/00/00_108004-51_ja_JP.html"
"534","前期","前期","月3","108005-01","日本語表現3","川村 祐斗","https://cssy.aasa.ac.jp/syllabusHtml/2026/00/00_108005-01_ja_JP.html"
"535","前期","前期","月3","108005-02","日本語表現3","樋口 貴子","https://cssy.aasa.ac.jp/syllabusHtml/2026/00/00_108005-02_ja_JP.html"
"536","前期","前期","火3","108005-04","日本語表現3","久保田 一充","https://cssy.aasa.ac.jp/syllabusHtml/2026/00/00_108005-04_ja_JP.html"
"537","前期","前期","水2","108005-05","日本語表現3","吉田 智美","https://cssy.aasa.ac.jp/syllabusHtml/2026/00/00_108005-05_ja_JP.html"
"538","前期","前期","水4","108005-06","日本語表現3","吉本 裕史","https://cssy.aasa.ac.jp/syllabusHtml/2026/00/00_108005-06_ja_JP.html"
"539","前期","前期","木3","108005-07","日本語表現3","安田 朋江","https://cssy.aasa.ac.jp/syllabusHtml/2026/00/00_108005-07_ja_JP.html"
"540","前期","前期","金2","108005-08","日本語表現3","高宮 貴代美","https://cssy.aasa.ac.jp/syllabusHtml/2026/00/00_108005-08_ja_JP.html"
"541","前期","前期","金3","108005-10","日本語表現3","高宮 貴代美","https://cssy.aasa.ac.jp/syllabusHtml/2026/00/00_108005-10_ja_JP.html"
"542","前期","前期","金4","108005-11","日本語表現3","中村 建","https://cssy.aasa.ac.jp/syllabusHtml/2026/00/00_108005-11_ja_JP.html"
"543","前期","前期","月4","108005-51","日本語表現3","柴田 龍希","https://cssy.aasa.ac.jp/syllabusHtml/2026/00/00_108005-51_ja_JP.html"
"544","前期","前期","火2","108005-52","日本語表現3","樋口 貴子","https://cssy.aasa.ac.jp/syllabusHtml/2026/00/00_108005-52_ja_JP.html"
"545","前期","前期","木1","108005-53","日本語表現3","吉田 智美","https://cssy.aasa.ac.jp/syllabusHtml/2026/00/00_108005-53_ja_JP.html"
"546","前期","前期","水1","109010-51","日本語教材研究","梶川 しのぶ","https://cssy.aasa.ac.jp/syllabusHtml/2026/00/00_109010-51_ja_JP.html"
"547","前期","前期","水5","109011-51","日本語教授法1","村瀬 由佳","https://cssy.aasa.ac.jp/syllabusHtml/2026/00/00_109011-51_ja_JP.html"
"548","前期","前期","火5","109012-51","日本語教授法2","小川 満梨奈","https://cssy.aasa.ac.jp/syllabusHtml/2026/00/00_109012-51_ja_JP.html"
"549","前期","前期","木5","109012-52","日本語教授法2","小川 満梨奈","https://cssy.aasa.ac.jp/syllabusHtml/2026/00/00_109012-52_ja_JP.html"
"550","前期","前期","金1","109013-51","日本語教授法3","中林 律子","https://cssy.aasa.ac.jp/syllabusHtml/2026/00/00_109013-51_ja_JP.html"
"551","前期","前期","木1","109014-52","日本語教授法4","宮口 徹也","https://cssy.aasa.ac.jp/syllabusHtml/2026/00/00_109014-52_ja_JP.html"
"552","前期","前期","他","109015-51","日本語教育実習(国内)","宮口 徹也","https://cssy.aasa.ac.jp/syllabusHtml/2026/00/00_109015-51_ja_JP.html"
"553","前期","前期","他","110016-01","韓国・朝鮮語海外セミナーⅠ","チョ スルソップ","https://cssy.aasa.ac.jp/syllabusHtml/2026/00/00_110016-01_ja_JP.html"
"554","前期","前期","水4","110020-51","English for Study AbroadⅠ","外部講師(アルク)","https://cssy.aasa.ac.jp/syllabusHtml/2026/00/00_110020-51_ja_JP.html"
"555","前期","前期","水2","110053-51","日本語非母語話者のためのアカデミック・ライティングⅠ","山本 裕子","https://cssy.aasa.ac.jp/syllabusHtml/2026/00/00_110053-51_ja_JP.html"
"556","前期","前期","火3","110054-51","日本語非母語話者のためのアカデミック・ライティングⅡ","中林 律子","https://cssy.aasa.ac.jp/syllabusHtml/2026/00/00_110054-51_ja_JP.html"
"557","前期","前期","月3,木3","110055-51","入門日本語A","小川 満梨奈 梶川 しのぶ","https://cssy.aasa.ac.jp/syllabusHtml/2026/00/00_110055-51_ja_JP.html"
"558","前期","前期","水4","110057-51","N1対策講座Ⅰ","村瀬 由佳","https://cssy.aasa.ac.jp/syllabusHtml/2026/00/00_110057-51_ja_JP.html"
"559","前期","前期","水4","110201-01","CCCスタートアップ講座","黄 璐","https://cssy.aasa.ac.jp/syllabusHtml/2026/00/00_110201-01_ja_JP.html"
"560","前期","前期","木2","110201-02","CCCスタートアップ講座","岡田 守弘","https://cssy.aasa.ac.jp/syllabusHtml/2026/00/00_110201-02_ja_JP.html"
"561","前期","前期","木3","110201-03","CCCスタートアップ講座","岡田 守弘","https://cssy.aasa.ac.jp/syllabusHtml/2026/00/00_110201-03_ja_JP.html"
"562","前期","前期","木4","110201-04","CCCスタートアップ講座","岡田 守弘","https://cssy.aasa.ac.jp/syllabusHtml/2026/00/00_110201-04_ja_JP.html"
"563","前期","前期","金2","110201-05","CCCスタートアップ講座","黄 璐","https://cssy.aasa.ac.jp/syllabusHtml/2026/00/00_110201-05_ja_JP.html"
"564","前期","前期","水1","110201-51","CCCスタートアップ講座","岡田 守弘","https://cssy.aasa.ac.jp/syllabusHtml/2026/00/00_110201-51_ja_JP.html"
"565","前期","前期","木4","110201-52","CCCスタートアップ講座","黄 璐","https://cssy.aasa.ac.jp/syllabusHtml/2026/00/00_110201-52_ja_JP.html"
"566","前期","前期","水2","110202-01","ボランティア","黄 璐","https://cssy.aasa.ac.jp/syllabusHtml/2026/00/00_110202-01_ja_JP.html"
"567","前期","前期","水2","110202-51","ボランティア","岡田 守弘","https://cssy.aasa.ac.jp/syllabusHtml/2026/00/00_110202-51_ja_JP.html"
"568","前期","前期","火3","110204-01","企画立案の基礎","藤井 勉","https://cssy.aasa.ac.jp/syllabusHtml/2026/00/00_110204-01_ja_JP.html"
"569","前期","前期","金4","110206-01","ファシリテーター養成講座","黄 璐","https://cssy.aasa.ac.jp/syllabusHtml/2026/00/00_110206-01_ja_JP.html"
"570","前期","前期","水4","110206-51","ファシリテーター養成講座","岡田 守弘","https://cssy.aasa.ac.jp/syllabusHtml/2026/00/00_110206-51_ja_JP.html"
"571","前期","前期","金3","110207-01","CCCキズナプロジェクトA","黄 璐","https://cssy.aasa.ac.jp/syllabusHtml/2026/00/00_110207-01_ja_JP.html"
"572","前期","前期","火1","110401-01","キャリアに役立つ数学力(基礎)","外部講師(PSES)","https://cssy.aasa.ac.jp/syllabusHtml/2026/00/00_110401-01_ja_JP.html"
"573","前期","前期","火2","110401-02","キャリアに役立つ数学力(基礎)","外部講師(PSES)","https://cssy.aasa.ac.jp/syllabusHtml/2026/00/00_110401-02_ja_JP.html"
"574","前期","前期","月3","110401-51","キャリアに役立つ数学力(基礎)","外部講師(大原学園) キャリア","https://cssy.aasa.ac.jp/syllabusHtml/2026/00/00_110401-51_ja_JP.html"
"575","前期","前期","月4","110401-52","キャリアに役立つ数学力(基礎)","外部講師(大原学園) キャリア","https://cssy.aasa.ac.jp/syllabusHtml/2026/00/00_110401-52_ja_JP.html"
"576","前期","前期","金1","110402-01","キャリアに役立つ数学力(実践)","外部講師(PSES)","https://cssy.aasa.ac.jp/syllabusHtml/2026/00/00_110402-01_ja_JP.html"
"577","前期","前期","金2","110402-02","キャリアに役立つ数学力(実践)","外部講師(PSES)","https://cssy.aasa.ac.jp/syllabusHtml/2026/00/00_110402-02_ja_JP.html"
"578","前期","前期","木3","110402-51","キャリアに役立つ数学力(実践)","外部講師(大原学園) キャリア","https://cssy.aasa.ac.jp/syllabusHtml/2026/00/00_110402-51_ja_JP.html"
"579","前期","前期","木4","110402-52","キャリアに役立つ数学力(実践)","外部講師(大原学園) キャリア","https://cssy.aasa.ac.jp/syllabusHtml/2026/00/00_110402-52_ja_JP.html"
"580","前期","前期","火2","110403-01","インターンシップ概論","上本 裕子","https://cssy.aasa.ac.jp/syllabusHtml/2026/00/00_110403-01_ja_JP.html"
"581","前期","前期","火3","110403-02","インターンシップ概論","伊藤 華余子","https://cssy.aasa.ac.jp/syllabusHtml/2026/00/00_110403-02_ja_JP.html"
"582","前期","前期","水1","110403-03","インターンシップ概論","藤岡 繭","https://cssy.aasa.ac.jp/syllabusHtml/2026/00/00_110403-03_ja_JP.html"
"583","前期","前期","水3","110403-04","インターンシップ概論","吉松 圭子","https://cssy.aasa.ac.jp/syllabusHtml/2026/00/00_110403-04_ja_JP.html"
"584","前期","前期","木1","110403-05","インターンシップ概論","藤岡 繭","https://cssy.aasa.ac.jp/syllabusHtml/2026/00/00_110403-05_ja_JP.html"
"585","前期","前期","金3","110403-06","インターンシップ概論","三井 裕美","https://cssy.aasa.ac.jp/syllabusHtml/2026/00/00_110403-06_ja_JP.html"
"586","前期","前期","木3","110403-51","インターンシップ概論","伊藤 華余子","https://cssy.aasa.ac.jp/syllabusHtml/2026/00/00_110403-51_ja_JP.html"
"587","前期","前期","金2","110403-52","インターンシップ概論","稲葉 直子","https://cssy.aasa.ac.jp/syllabusHtml/2026/00/00_110403-52_ja_JP.html"
"588","前期","前期","金3","110403-53","インターンシップ概論","稲葉 直子","https://cssy.aasa.ac.jp/syllabusHtml/2026/00/00_110403-53_ja_JP.html"
"589","前期","前期","木3","110407-01","ビジネスの世界","浅井 敬一朗 三浦 克人","https://cssy.aasa.ac.jp/syllabusHtml/2026/00/00_110407-01_ja_JP.html"
"590","前期","前期","木4","110407-02","ビジネスの世界","浅井 敬一朗 三浦 克人","https://cssy.aasa.ac.jp/syllabusHtml/2026/00/00_110407-02_ja_JP.html"
"591","前期","前期","木1","110407-51","ビジネスの世界","浅井 敬一朗 森 洵太","https://cssy.aasa.ac.jp/syllabusHtml/2026/00/00_110407-51_ja_JP.html"
"592","前期","前期","月3","110409-01","キャリアの形成","藤岡 繭","https://cssy.aasa.ac.jp/syllabusHtml/2026/00/00_110409-01_ja_JP.html"
"593","前期","前期","月4","110409-02","キャリアの形成","樋口 貴子","https://cssy.aasa.ac.jp/syllabusHtml/2026/00/00_110409-02_ja_JP.html"
"594","前期","前期","火2","110409-03","キャリアの形成","吉松 圭子","https://cssy.aasa.ac.jp/syllabusHtml/2026/00/00_110409-03_ja_JP.html"
"595","前期","前期","水1","110409-04","キャリアの形成","吉松 圭子","https://cssy.aasa.ac.jp/syllabusHtml/2026/00/00_110409-04_ja_JP.html"
"596","前期","前期","月2","110409-51","キャリアの形成","樋口 貴子","https://cssy.aasa.ac.jp/syllabusHtml/2026/00/00_110409-51_ja_JP.html"
"597","前期","前期","木1","110409-52","キャリアの形成","伊藤 華余子","https://cssy.aasa.ac.jp/syllabusHtml/2026/00/00_110409-52_ja_JP.html"
"598","前期","前期","他","110410-01","インターンシップ・就業実践","藤岡 繭 伊藤 華余子","https://cssy.aasa.ac.jp/syllabusHtml/2026/00/00_110410-01_ja_JP.html"
"599","前期","前期","他","110411-01","海外インターンシップ・就業実践","伊藤 華余子 藤岡 繭","https://cssy.aasa.ac.jp/syllabusHtml/2026/00/00_110411-01_ja_JP.html"
"600","前期","前期","月1","110601-01","日常生活とダイバーシティ","中村 奈津子","https://cssy.aasa.ac.jp/syllabusHtml/2026/00/00_110601-01_ja_JP.html"
"601","前期","前期","月2","110601-02","日常生活とダイバーシティ","中村 奈津子","https://cssy.aasa.ac.jp/syllabusHtml/2026/00/00_110601-02_ja_JP.html"
"602","前期","前期","月3","110601-03","日常生活とダイバーシティ","石河 敦子","https://cssy.aasa.ac.jp/syllabusHtml/2026/00/00_110601-03_ja_JP.html"
"603","前期","前期","金2","110601-07","日常生活とダイバーシティ","山中 海瑠","https://cssy.aasa.ac.jp/syllabusHtml/2026/00/00_110601-07_ja_JP.html"
"604","前期","前期","金3","110601-08","日常生活とダイバーシティ","山中 海瑠","https://cssy.aasa.ac.jp/syllabusHtml/2026/00/00_110601-08_ja_JP.html"
"605","前期","前期","金2","110601-51","日常生活とダイバーシティ","中村 奈津子","https://cssy.aasa.ac.jp/syllabusHtml/2026/00/00_110601-51_ja_JP.html"
"606","前期","前期","金3","110601-52","日常生活とダイバーシティ","中村 奈津子","https://cssy.aasa.ac.jp/syllabusHtml/2026/00/00_110601-52_ja_JP.html"
"607","前期","前期","火2","110602-01","大学生のためのダイバーシティ入門","菅野 淑","https://cssy.aasa.ac.jp/syllabusHtml/2026/00/00_110602-01_ja_JP.html"
"608","前期","前期","金3","110602-02","大学生のためのダイバーシティ入門","中島 美幸","https://cssy.aasa.ac.jp/syllabusHtml/2026/00/00_110602-02_ja_JP.html"
"609","前期","前期","火3","110602-05","大学生のためのダイバーシティ入門","山中 海瑠","https://cssy.aasa.ac.jp/syllabusHtml/2026/00/00_110602-05_ja_JP.html"
"610","前期","前期","火4","110602-06","大学生のためのダイバーシティ入門","山中 海瑠","https://cssy.aasa.ac.jp/syllabusHtml/2026/00/00_110602-06_ja_JP.html"
"611","前期","前期","月2","110602-51","大学生のためのダイバーシティ入門","中島 美幸","https://cssy.aasa.ac.jp/syllabusHtml/2026/00/00_110602-51_ja_JP.html"
"612","前期","前期","木1","110602-52","大学生のためのダイバーシティ入門","早野 実花","https://cssy.aasa.ac.jp/syllabusHtml/2026/00/00_110602-52_ja_JP.html"
"613","前期","前期","木4","110603-01","ダイバーシティ研究法概論","鈴木 崇夫","https://cssy.aasa.ac.jp/syllabusHtml/2026/00/00_110603-01_ja_JP.html"
"614","前期","前期","木2","110603-03","ダイバーシティ研究法概論","山中 海瑠","https://cssy.aasa.ac.jp/syllabusHtml/2026/00/00_110603-03_ja_JP.html"
"615","前期","前期","水1","110603-51","ダイバーシティ研究法概論","反橋 一憲","https://cssy.aasa.ac.jp/syllabusHtml/2026/00/00_110603-51_ja_JP.html"
"616","前期","前期","他","110605-01","ダイバーシティ関係行政論 [M]","森 絵里","https://cssy.aasa.ac.jp/syllabusHtml/2026/00/00_110605-01_ja_JP.html"
"617","前期","前期","他","110605-51","ダイバーシティ関係行政論 [M]","森 絵里","https://cssy.aasa.ac.jp/syllabusHtml/2026/00/00_110605-51_ja_JP.html"
"618","前期","前期","月4","110606-01","ダイバーシティ表現演習Ⅰ","反橋 一憲 刈馬 カオス ニノキノコスター 豊永 洵子","https://cssy.aasa.ac.jp/syllabusHtml/2026/00/00_110606-01_ja_JP.html"
"619","前期","前期","他","110607-01","ダイバーシティ表現演習Ⅱ","反橋 一憲 刈馬 カオス ニノキノコスター 豊永 洵子","https://cssy.aasa.ac.jp/syllabusHtml/2026/00/00_110607-01_ja_JP.html"
"620","前期","前期","金2","110608-01","セクシュアリティとメディア","藤井 誠二","https://cssy.aasa.ac.jp/syllabusHtml/2026/00/00_110608-01_ja_JP.html"
"621","前期","前期","他","110609-51","思想としてのフェミニズム","綾部 六郎","https://cssy.aasa.ac.jp/syllabusHtml/2026/00/00_110609-51_ja_JP.html"
"622","前期","前期","月4,5,木4,5","113001-01","初級簿記(3級程度) *基礎総合","外部講師(大原学園) 会計","https://cssy.aasa.ac.jp/syllabusHtml/2026/00/00_113001-01_ja_JP.html"
"623","前期","前期","月5,6,木5,6","113001-51","初級簿記(3級程度) *基礎総合","外部講師(大原学園) 会計","https://cssy.aasa.ac.jp/syllabusHtml/2026/00/00_113001-51_ja_JP.html"
"624","前期","前期","月5,6,木5,6","113001-52","初級簿記(3級程度) *基礎総合","外部講師(大原学園) 会計","https://cssy.aasa.ac.jp/syllabusHtml/2026/00/00_113001-52_ja_JP.html"
"625","前期","前期","月5,6,木5,6","113002-51","中級簿記(2級程度)A *商業簿記","外部講師(大原学園) 会計","https://cssy.aasa.ac.jp/syllabusHtml/2026/00/00_113002-51_ja_JP.html"
"626","前期","前期","月5,6,木5,6","113003-51","中級簿記(2級程度)B *工業簿記","外部講師(大原学園) 会計","https://cssy.aasa.ac.jp/syllabusHtml/2026/00/00_113003-51_ja_JP.html"
"627","前期","前期","水5,6,他","113004-51","中級簿記(2級程度)C *実践(試験直前対策)","外部講師(大原学園) 会計","https://cssy.aasa.ac.jp/syllabusHtml/2026/00/00_113004-51_ja_JP.html"
"628","前期","前期","木5,6","113005-51","上級簿記(1級程度)A *商業簿記・会計学①","外部講師(大原学園) 会計","https://cssy.aasa.ac.jp/syllabusHtml/2026/00/00_113005-51_ja_JP.html"
"629","前期","前期","他","113006-51","上級簿記(1級程度)B *商業簿記・会計学②","外部講師(大原学園) 会計","https://cssy.aasa.ac.jp/syllabusHtml/2026/00/00_113006-51_ja_JP.html"
"630","前期","前期","他","113007-51","上級簿記(1級程度)C *工業簿記・原価計算①","外部講師(大原学園) 会計","https://cssy.aasa.ac.jp/syllabusHtml/2026/00/00_113007-51_ja_JP.html"
"631","前期","前期","火5,6","113008-51","上級簿記(1級程度)D *工業簿記・原価計算②","外部講師(大原学園) 会計","https://cssy.aasa.ac.jp/syllabusHtml/2026/00/00_113008-51_ja_JP.html"
"632","前期","前期","他","113010-51","初級簿記演習","外部講師(大原学園) 会計","https://cssy.aasa.ac.jp/syllabusHtml/2026/00/00_113010-51_ja_JP.html"
"633","前期","前期","火5,6","113011-51","中級簿記演習A *商業簿記","外部講師(大原学園) 会計","https://cssy.aasa.ac.jp/syllabusHtml/2026/00/00_113011-51_ja_JP.html"
"634","前期","前期","金5,6","113012-51","中級簿記演習B *工業簿記","外部講師(大原学園) 会計","https://cssy.aasa.ac.jp/syllabusHtml/2026/00/00_113012-51_ja_JP.html"
"635","後期","後期","水4","023001-05","日本国憲法","漆畑 貴久","https://cssy.aasa.ac.jp/syllabusHtml/2026/00/00_023001-05_ja_JP.html"
"636","後期","後期","水5","023001-06","日本国憲法","漆畑 貴久","https://cssy.aasa.ac.jp/syllabusHtml/2026/00/00_023001-06_ja_JP.html"
"637","後期","後期","木4","023001-52","日本国憲法","漆畑 貴久","https://cssy.aasa.ac.jp/syllabusHtml/2026/00/00_023001-52_ja_JP.html"
"638","後期","後期","水1","023002-02","スポーツと文化","門間 博","https://cssy.aasa.ac.jp/syllabusHtml/2026/00/00_023002-02_ja_JP.html"
"639","後期","後期","月1","023004-01","健康と運動","門間 博","https://cssy.aasa.ac.jp/syllabusHtml/2026/00/00_023004-01_ja_JP.html"
"640","後期","後期","月2","023004-02","健康と運動","門間 博","https://cssy.aasa.ac.jp/syllabusHtml/2026/00/00_023004-02_ja_JP.html"
"641","後期","後期","月3","023004-03","健康と運動","門間 博","https://cssy.aasa.ac.jp/syllabusHtml/2026/00/00_023004-03_ja_JP.html"
"642","後期","後期","月4","023004-04","健康と運動","門間 博","https://cssy.aasa.ac.jp/syllabusHtml/2026/00/00_023004-04_ja_JP.html"
"643","後期","後期","火1","023004-05","健康と運動","加藤 恵子","https://cssy.aasa.ac.jp/syllabusHtml/2026/00/00_023004-05_ja_JP.html"
"644","後期","後期","火2","023004-06","健康と運動","加藤 恵子","https://cssy.aasa.ac.jp/syllabusHtml/2026/00/00_023004-06_ja_JP.html"
"645","後期","後期","火3","023004-07","健康と運動","山口 瑞生","https://cssy.aasa.ac.jp/syllabusHtml/2026/00/00_023004-07_ja_JP.html"
"646","後期","後期","火4","023004-08","健康と運動","山口 瑞生","https://cssy.aasa.ac.jp/syllabusHtml/2026/00/00_023004-08_ja_JP.html"
"647","後期","後期","水1","023004-09","健康と運動","山口 瑞生","https://cssy.aasa.ac.jp/syllabusHtml/2026/00/00_023004-09_ja_JP.html"
"648","後期","後期","水3","023004-10","健康と運動","門間 博","https://cssy.aasa.ac.jp/syllabusHtml/2026/00/00_023004-10_ja_JP.html"
"649","後期","後期","水4","023004-11","健康と運動","門間 博","https://cssy.aasa.ac.jp/syllabusHtml/2026/00/00_023004-11_ja_JP.html"
"650","後期","後期","木1","023004-12","健康と運動","山口 瑞生","https://cssy.aasa.ac.jp/syllabusHtml/2026/00/00_023004-12_ja_JP.html"
"651","後期","後期","金1","023004-13","健康と運動","門間 博","https://cssy.aasa.ac.jp/syllabusHtml/2026/00/00_023004-13_ja_JP.html"
"652","後期","後期","金3","023004-51","健康と運動","門間 博","https://cssy.aasa.ac.jp/syllabusHtml/2026/00/00_023004-51_ja_JP.html"
"653","後期","後期","金4","023004-52","健康と運動","門間 博","https://cssy.aasa.ac.jp/syllabusHtml/2026/00/00_023004-52_ja_JP.html"
"654","後期","後期","金4","023221-51","教育思想史","西脇 明美","https://cssy.aasa.ac.jp/syllabusHtml/2026/00/00_023221-51_ja_JP.html"
"655","後期","後期","金2","023231-51","公民・社会科教育法Ⅱ","鈴木 章夫","https://cssy.aasa.ac.jp/syllabusHtml/2026/00/00_023231-51_ja_JP.html"
"656","後期","後期","木2","023236-01","教育相談Ⅰ","濱島 秀樹","https://cssy.aasa.ac.jp/syllabusHtml/2026/00/00_023236-01_ja_JP.html"
"657","後期","後期","木3","023236-02","教育相談Ⅰ","濱島 秀樹","https://cssy.aasa.ac.jp/syllabusHtml/2026/00/00_023236-02_ja_JP.html"
"658","後期","後期","木4","023236-03","教育相談Ⅰ","濱島 秀樹","https://cssy.aasa.ac.jp/syllabusHtml/2026/00/00_023236-03_ja_JP.html"
"659","後期","後期","木5","023236-04","教育相談Ⅰ","濱島 秀樹","https://cssy.aasa.ac.jp/syllabusHtml/2026/00/00_023236-04_ja_JP.html"
"660","後期","後期","金2","023236-05","教育相談Ⅰ","小池 理穂","https://cssy.aasa.ac.jp/syllabusHtml/2026/00/00_023236-05_ja_JP.html"
"661","後期","後期","金3","023236-06","教育相談Ⅰ","小池 理穂","https://cssy.aasa.ac.jp/syllabusHtml/2026/00/00_023236-06_ja_JP.html"
"662","後期","後期","金4","023236-51","教育相談Ⅰ","濱島 秀樹","https://cssy.aasa.ac.jp/syllabusHtml/2026/00/00_023236-51_ja_JP.html"
"663","後期","後期","金5","023236-52","教育相談Ⅰ","濱島 秀樹","https://cssy.aasa.ac.jp/syllabusHtml/2026/00/00_023236-52_ja_JP.html"
"664","後期","後期","他","023236-53","教育相談Ⅰ","小池 理穂","https://cssy.aasa.ac.jp/syllabusHtml/2026/00/00_023236-53_ja_JP.html"
"665","後期","後期","火3","023238-01","教育実習指導","内木 晃","https://cssy.aasa.ac.jp/syllabusHtml/2026/00/00_023238-01_ja_JP.html"
"666","後期","後期","火4","023238-02","教育実習指導","武藤 洋子","https://cssy.aasa.ac.jp/syllabusHtml/2026/00/00_023238-02_ja_JP.html"
"667","後期","後期","火4","023238-03","教育実習指導","内木 晃","https://cssy.aasa.ac.jp/syllabusHtml/2026/00/00_023238-03_ja_JP.html"
"668","後期","後期","火5","023238-04","教育実習指導","梅藤 仁志","https://cssy.aasa.ac.jp/syllabusHtml/2026/00/00_023238-04_ja_JP.html"
"669","後期","後期","火5","023238-05","教育実習指導","瀬古 幸弘","https://cssy.aasa.ac.jp/syllabusHtml/2026/00/00_023238-05_ja_JP.html"
"670","後期","後期","木4","023238-06","教育実習指導","内田 直人","https://cssy.aasa.ac.jp/syllabusHtml/2026/00/00_023238-06_ja_JP.html"
"671","後期","後期","金3","023238-07","教育実習指導","内田 直人","https://cssy.aasa.ac.jp/syllabusHtml/2026/00/00_023238-07_ja_JP.html"
"672","後期","後期","水2","023238-51","教育実習指導","瀬古 幸弘","https://cssy.aasa.ac.jp/syllabusHtml/2026/00/00_023238-51_ja_JP.html"
"673","後期","後期","他","023238-52","教育実習指導","山田 知子","https://cssy.aasa.ac.jp/syllabusHtml/2026/00/00_023238-52_ja_JP.html"
"674","後期","後期","月4","023239-01","国語科教育法Ⅰ","梅藤 仁志","https://cssy.aasa.ac.jp/syllabusHtml/2026/00/00_023239-01_ja_JP.html"
"675","後期","後期","木4","023239-02","国語科教育法Ⅰ","佐々木 亜紀子","https://cssy.aasa.ac.jp/syllabusHtml/2026/00/00_023239-02_ja_JP.html"
"676","後期","後期","木5","023239-03","国語科教育法Ⅰ","佐々木 亜紀子","https://cssy.aasa.ac.jp/syllabusHtml/2026/00/00_023239-03_ja_JP.html"
"677","後期","後期","月5","023241-01","国語科教育法Ⅲ","梅藤 仁志","https://cssy.aasa.ac.jp/syllabusHtml/2026/00/00_023241-01_ja_JP.html"
"678","後期","後期","火2","023241-02","国語科教育法Ⅲ","小池 秀男","https://cssy.aasa.ac.jp/syllabusHtml/2026/00/00_023241-02_ja_JP.html"
"679","後期","後期","火3","023244-01","英語科教育法Ⅳ","織部 秀明","https://cssy.aasa.ac.jp/syllabusHtml/2026/00/00_023244-01_ja_JP.html"
"680","後期","後期","火4","023244-02","英語科教育法Ⅳ","織部 秀明","https://cssy.aasa.ac.jp/syllabusHtml/2026/00/00_023244-02_ja_JP.html"
"681","後期","後期","金2","023244-51","英語科教育法Ⅳ","織部 秀明","https://cssy.aasa.ac.jp/syllabusHtml/2026/00/00_023244-51_ja_JP.html"
"682","後期","後期","月2","023246-51","商業科教育法Ⅱ","野田 隆洋","https://cssy.aasa.ac.jp/syllabusHtml/2026/00/00_023246-51_ja_JP.html"
"683","後期","後期","月3","023248-01","教育相談Ⅱ","山本 圭子","https://cssy.aasa.ac.jp/syllabusHtml/2026/00/00_023248-01_ja_JP.html"
"684","後期","後期","木3","023249-01","英語科教育法Ⅱ","神谷 政和","https://cssy.aasa.ac.jp/syllabusHtml/2026/00/00_023249-01_ja_JP.html"
"685","後期","後期","木5","023249-02","英語科教育法Ⅱ","神谷 政和","https://cssy.aasa.ac.jp/syllabusHtml/2026/00/00_023249-02_ja_JP.html"
"686","後期","後期","金1","023249-51","英語科教育法Ⅱ","織部 秀明","https://cssy.aasa.ac.jp/syllabusHtml/2026/00/00_023249-51_ja_JP.html"
"687","後期","後期","火2","023251-01","情報科教育法Ⅱ","吉田 聡","https://cssy.aasa.ac.jp/syllabusHtml/2026/00/00_023251-01_ja_JP.html"
"688","後期","後期","水5","023259-51","地歴・社会科教育法Ⅱ","内木 晃","https://cssy.aasa.ac.jp/syllabusHtml/2026/00/00_023259-51_ja_JP.html"
"689","後期","後期","火4","023260-01","国語科教育法Ⅳ","小池 秀男","https://cssy.aasa.ac.jp/syllabusHtml/2026/00/00_023260-01_ja_JP.html"
"690","後期","後期","木5","023260-02","国語科教育法Ⅳ","小池 秀男","https://cssy.aasa.ac.jp/syllabusHtml/2026/00/00_023260-02_ja_JP.html"
"691","後期","後期","月1","023262-01","保健体育科教育法Ⅱ","山本 浩二","https://cssy.aasa.ac.jp/syllabusHtml/2026/00/00_023262-01_ja_JP.html"
"692","後期","後期","月2","023262-02","保健体育科教育法Ⅱ","山本 浩二","https://cssy.aasa.ac.jp/syllabusHtml/2026/00/00_023262-02_ja_JP.html"
"693","後期","後期","金3","023264-01","保健体育科教育法Ⅳ","高嶋 香苗","https://cssy.aasa.ac.jp/syllabusHtml/2026/00/00_023264-01_ja_JP.html"
"694","後期","後期","金4","023264-02","保健体育科教育法Ⅳ","高嶋 香苗","https://cssy.aasa.ac.jp/syllabusHtml/2026/00/00_023264-02_ja_JP.html"
"695","後期","後期","木5","023265-01","教職実践演習(中・高)","山田 知子 梅藤 仁志 織部 秀明 神谷 政和 鈴木 章夫 内木 晃 武藤 洋子 小川 裕之 瀬古 幸弘 内田 直人","https://cssy.aasa.ac.jp/syllabusHtml/2026/00/00_023265-01_ja_JP.html"
"696","後期","後期","金5","023265-51","教職実践演習(中・高)","山田 知子 梅藤 仁志 織部 秀明 神谷 政和 鈴木 章夫 内木 晃 武藤 洋子 小川 裕之 瀬古 幸弘 内田 直人","https://cssy.aasa.ac.jp/syllabusHtml/2026/00/00_023265-51_ja_JP.html"
"697","後期","後期","金5","023269-01","教職教養Ⅰ","織部 秀明 梅藤 仁志 勢力 麻未 神谷 政和 鈴木 章夫 内木 晃 武藤 洋子 山田 知子 小川 裕之 瀬古 幸弘 内田 直人","https://cssy.aasa.ac.jp/syllabusHtml/2026/00/00_023269-01_ja_JP.html"
"698","後期","後期","金5","023269-51","教職教養Ⅰ","織部 秀明 梅藤 仁志 勢力 麻未 神谷 政和 鈴木 章夫 内木 晃 武藤 洋子 小川 裕之 瀬古 幸弘 内田 直人","https://cssy.aasa.ac.jp/syllabusHtml/2026/00/00_023269-51_ja_JP.html"
"699","後期","後期","月3","023276-01","教職実践演習(栄養教諭)","織部 秀明 林 紫","https://cssy.aasa.ac.jp/syllabusHtml/2026/00/00_023276-01_ja_JP.html"
"700","後期","後期","月5","023279-03","総合的な学習の時間の指導法","織部 秀明","https://cssy.aasa.ac.jp/syllabusHtml/2026/00/00_023279-03_ja_JP.html"
"701","後期","後期","他","023279-52","総合的な学習の時間の指導法","鈴木 章夫","https://cssy.aasa.ac.jp/syllabusHtml/2026/00/00_023279-52_ja_JP.html"
"702","後期","後期","水1","023280-51","特別支援と生徒理解","板倉 寿明","https://cssy.aasa.ac.jp/syllabusHtml/2026/00/00_023280-51_ja_JP.html"
"703","後期","後期","木4","023282-05","教育とICT活用","内木 晃","https://cssy.aasa.ac.jp/syllabusHtml/2026/00/00_023282-05_ja_JP.html"
"704","後期","後期","木4","023282-06","教育とICT活用","内木 晃","https://cssy.aasa.ac.jp/syllabusHtml/2026/00/00_023282-06_ja_JP.html"
"705","後期","後期","他","023282-07","教育とICT活用","内木 晃","https://cssy.aasa.ac.jp/syllabusHtml/2026/00/00_023282-07_ja_JP.html"
"706","後期","後期","金3","023284-01","数学科教育法Ⅱ","小川 裕之","https://cssy.aasa.ac.jp/syllabusHtml/2026/00/00_023284-01_ja_JP.html"
"707","後期","後期","金4","023286-01","数学科教育法Ⅳ","山田 知子","https://cssy.aasa.ac.jp/syllabusHtml/2026/00/00_023286-01_ja_JP.html"
"708","後期","後期","月4","023288-01","教育課程","小川 裕之","https://cssy.aasa.ac.jp/syllabusHtml/2026/00/00_023288-01_ja_JP.html"
"709","後期","後期","月5","023288-02","教育課程","小川 裕之","https://cssy.aasa.ac.jp/syllabusHtml/2026/00/00_023288-02_ja_JP.html"
"710","後期","後期","水4","023288-03","教育課程","澤田 喜之","https://cssy.aasa.ac.jp/syllabusHtml/2026/00/00_023288-03_ja_JP.html"
"711","後期","後期","水5","023288-04","教育課程","澤田 喜之","https://cssy.aasa.ac.jp/syllabusHtml/2026/00/00_023288-04_ja_JP.html"
"712","後期","後期","金2","023288-05","教育課程","澤田 喜之","https://cssy.aasa.ac.jp/syllabusHtml/2026/00/00_023288-05_ja_JP.html"
"713","後期","後期","金3","023288-06","教育課程","澤田 喜之","https://cssy.aasa.ac.jp/syllabusHtml/2026/00/00_023288-06_ja_JP.html"
"714","後期","後期","金4","023288-07","教育課程","澤田 喜之","https://cssy.aasa.ac.jp/syllabusHtml/2026/00/00_023288-07_ja_JP.html"
"715","後期","後期","木2","023288-08","教育課程","小川 裕之","https://cssy.aasa.ac.jp/syllabusHtml/2026/00/00_023288-08_ja_JP.html"
"716","後期","後期","木3","023288-09","教育課程","小川 裕之","https://cssy.aasa.ac.jp/syllabusHtml/2026/00/00_023288-09_ja_JP.html"
"717","後期","後期","木1","023288-51","教育課程","織部 秀明","https://cssy.aasa.ac.jp/syllabusHtml/2026/00/00_023288-51_ja_JP.html"
"718","後期","後期","木2","023288-52","教育課程","織部 秀明","https://cssy.aasa.ac.jp/syllabusHtml/2026/00/00_023288-52_ja_JP.html"
"719","後期","後期","他","023288-53","教育課程","織部 秀明","https://cssy.aasa.ac.jp/syllabusHtml/2026/00/00_023288-53_ja_JP.html"
"720","後期","後期","火3","023289-01","道徳指導法","鈴木 章夫","https://cssy.aasa.ac.jp/syllabusHtml/2026/00/00_023289-01_ja_JP.html"
"721","後期","後期","火4","023289-02","道徳指導法","市来 ちさ","https://cssy.aasa.ac.jp/syllabusHtml/2026/00/00_023289-02_ja_JP.html"
"722","後期","後期","木4","023289-03","道徳指導法","瀬古 幸弘","https://cssy.aasa.ac.jp/syllabusHtml/2026/00/00_023289-03_ja_JP.html"
"723","後期","後期","金1","023289-04","道徳指導法","市来 ちさ","https://cssy.aasa.ac.jp/syllabusHtml/2026/00/00_023289-04_ja_JP.html"
"724","後期","後期","金2","023289-05","道徳指導法","市来 ちさ","https://cssy.aasa.ac.jp/syllabusHtml/2026/00/00_023289-05_ja_JP.html"
"725","後期","後期","木2","023289-06","道徳指導法","鈴木 章夫","https://cssy.aasa.ac.jp/syllabusHtml/2026/00/00_023289-06_ja_JP.html"
"726","後期","後期","木3","023289-07","道徳指導法","鈴木 章夫","https://cssy.aasa.ac.jp/syllabusHtml/2026/00/00_023289-07_ja_JP.html"
"727","後期","後期","水4","023289-51","道徳指導法","鈴木 章夫","https://cssy.aasa.ac.jp/syllabusHtml/2026/00/00_023289-51_ja_JP.html"
"728","後期","後期","金1","023289-52","道徳指導法","鈴木 章夫","https://cssy.aasa.ac.jp/syllabusHtml/2026/00/00_023289-52_ja_JP.html"
"729","後期","後期","他","023289-53","道徳指導法","市来 ちさ","https://cssy.aasa.ac.jp/syllabusHtml/2026/00/00_023289-53_ja_JP.html"
"730","後期","後期","木1","023290-51","特別活動指導法","不破 民由","https://cssy.aasa.ac.jp/syllabusHtml/2026/00/00_023290-51_ja_JP.html"
"731","後期","後期","木2","023290-52","特別活動指導法","不破 民由","https://cssy.aasa.ac.jp/syllabusHtml/2026/00/00_023290-52_ja_JP.html"
"732","後期","後期","他","023290-53","特別活動指導法","不破 民由","https://cssy.aasa.ac.jp/syllabusHtml/2026/00/00_023290-53_ja_JP.html"
"733","後期","後期","火2","023291-06","教育方法","楠元 町子","https://cssy.aasa.ac.jp/syllabusHtml/2026/00/00_023291-06_ja_JP.html"
"734","後期","後期","火4","023291-07","教育方法","楠元 町子","https://cssy.aasa.ac.jp/syllabusHtml/2026/00/00_023291-07_ja_JP.html"
"735","後期","後期","火5","023291-08","教育方法","楠元 町子","https://cssy.aasa.ac.jp/syllabusHtml/2026/00/00_023291-08_ja_JP.html"
"736","後期","後期","水3","023291-52","教育方法","内田 直人","https://cssy.aasa.ac.jp/syllabusHtml/2026/00/00_023291-52_ja_JP.html"
"737","後期","後期","木1","023292-06","生徒・進路指導","山田 知子","https://cssy.aasa.ac.jp/syllabusHtml/2026/00/00_023292-06_ja_JP.html"
"738","後期","後期","金1","023292-07","生徒・進路指導","山田 知子","https://cssy.aasa.ac.jp/syllabusHtml/2026/00/00_023292-07_ja_JP.html"
"739","後期","後期","水2","023292-08","生徒・進路指導","神谷 政和","https://cssy.aasa.ac.jp/syllabusHtml/2026/00/00_023292-08_ja_JP.html"
"740","後期","後期","金1","023292-09","生徒・進路指導","神谷 政和","https://cssy.aasa.ac.jp/syllabusHtml/2026/00/00_023292-09_ja_JP.html"
"741","後期","後期","火3","023296-51","情報モラル教育","神田 久恵","https://cssy.aasa.ac.jp/syllabusHtml/2026/00/00_023296-51_ja_JP.html"
"742","後期","後期","火1","025070-03","生涯学習概論","杉本 正博","https://cssy.aasa.ac.jp/syllabusHtml/2026/00/00_025070-03_ja_JP.html"
"743","後期","後期","火3","025070-51","生涯学習概論","杉本 正博","https://cssy.aasa.ac.jp/syllabusHtml/2026/00/00_025070-51_ja_JP.html"
"744","後期","後期","月1","025121-01","博物館経営論","日比野 光敏","https://cssy.aasa.ac.jp/syllabusHtml/2026/00/00_025121-01_ja_JP.html"
"745","後期","後期","月2","025121-02","博物館経営論","日比野 光敏","https://cssy.aasa.ac.jp/syllabusHtml/2026/00/00_025121-02_ja_JP.html"
"746","後期","後期","月3","025121-03","博物館経営論","日比野 光敏","https://cssy.aasa.ac.jp/syllabusHtml/2026/00/00_025121-03_ja_JP.html"
"747","後期","後期","水2","025121-51","博物館経営論","日比野 光敏","https://cssy.aasa.ac.jp/syllabusHtml/2026/00/00_025121-51_ja_JP.html"
"748","後期","後期","月1","025122-01","博物館資料論","土山 公仁","https://cssy.aasa.ac.jp/syllabusHtml/2026/00/00_025122-01_ja_JP.html"
"749","後期","後期","火4","025122-02","博物館資料論","日比野 光敏","https://cssy.aasa.ac.jp/syllabusHtml/2026/00/00_025122-02_ja_JP.html"
"750","後期","後期","火5","025122-03","博物館資料論","日比野 光敏","https://cssy.aasa.ac.jp/syllabusHtml/2026/00/00_025122-03_ja_JP.html"
"751","後期","後期","木3","025122-04","博物館資料論","日比野 光敏","https://cssy.aasa.ac.jp/syllabusHtml/2026/00/00_025122-04_ja_JP.html"
"752","後期","後期","木4","025122-05","博物館資料論","日比野 光敏","https://cssy.aasa.ac.jp/syllabusHtml/2026/00/00_025122-05_ja_JP.html"
"753","後期","後期","金3","025122-06","博物館資料論","土山 公仁","https://cssy.aasa.ac.jp/syllabusHtml/2026/00/00_025122-06_ja_JP.html"
"754","後期","後期","金4","025122-07","博物館資料論","土山 公仁","https://cssy.aasa.ac.jp/syllabusHtml/2026/00/00_025122-07_ja_JP.html"
"755","後期","後期","木1","025122-51","博物館資料論","鏡味 千佳","https://cssy.aasa.ac.jp/syllabusHtml/2026/00/00_025122-51_ja_JP.html"
"756","後期","後期","木2","025122-52","博物館資料論","鏡味 千佳","https://cssy.aasa.ac.jp/syllabusHtml/2026/00/00_025122-52_ja_JP.html"
"757","後期","後期","月1","025124-02","博物館資料保存論","岩月 真由子","https://cssy.aasa.ac.jp/syllabusHtml/2026/00/00_025124-02_ja_JP.html"
"758","後期","後期","月4","025126-51","博物館情報・メディア論","小西 恒典","https://cssy.aasa.ac.jp/syllabusHtml/2026/00/00_025126-51_ja_JP.html"
"759","後期","後期","月4","025127-01","博物館教育論","岩月 真由子","https://cssy.aasa.ac.jp/syllabusHtml/2026/00/00_025127-01_ja_JP.html"
"760","後期","後期","月5","025127-02","博物館教育論","岩月 真由子","https://cssy.aasa.ac.jp/syllabusHtml/2026/00/00_025127-02_ja_JP.html"
"761","後期","後期","月5","025127-51","博物館教育論","小西 恒典","https://cssy.aasa.ac.jp/syllabusHtml/2026/00/00_025127-51_ja_JP.html"
"762","後期","後期","水4","026016-01","図書館サービス概論","廣田 慈子","https://cssy.aasa.ac.jp/syllabusHtml/2026/00/00_026016-01_ja_JP.html"
"763","後期","後期","水5","026017-01","図書館情報資源概論","廣田 慈子","https://cssy.aasa.ac.jp/syllabusHtml/2026/00/00_026017-01_ja_JP.html"
"764","後期","後期","水1","026019-01","図書館情報技術論","伊藤 真理","https://cssy.aasa.ac.jp/syllabusHtml/2026/00/00_026019-01_ja_JP.html"
"765","後期","後期","火4","026021-01","児童サービス論","中西 由香里","https://cssy.aasa.ac.jp/syllabusHtml/2026/00/00_026021-01_ja_JP.html"
"766","後期","後期","金3","026027-01","図書館サービス特論","小曽川 真貴","https://cssy.aasa.ac.jp/syllabusHtml/2026/00/00_026027-01_ja_JP.html"
"767","後期","後期","木4","026029-01","情報サービス演習Ⅰ","廣田 慈子","https://cssy.aasa.ac.jp/syllabusHtml/2026/00/00_026029-01_ja_JP.html"
"768","後期","後期","金4","026030-02","情報サービス演習Ⅱ","廣田 慈子","https://cssy.aasa.ac.jp/syllabusHtml/2026/00/00_026030-02_ja_JP.html"
"769","後期","後期","木5","026032-01","情報資源組織演習Ⅱ","廣田 慈子","https://cssy.aasa.ac.jp/syllabusHtml/2026/00/00_026032-01_ja_JP.html"
"770","後期","後期","金5","026032-02","情報資源組織演習Ⅱ","廣田 慈子","https://cssy.aasa.ac.jp/syllabusHtml/2026/00/00_026032-02_ja_JP.html"
"771","後期","後期","火4","101145-21","違いを共に生きる・ライフデザイン","鈴木 崇夫","https://cssy.aasa.ac.jp/syllabusHtml/2026/00/00_101145-21_ja_JP.html"
"772","後期","後期","火2","101145-59","違いを共に生きる・ライフデザイン","鈴木 崇夫","https://cssy.aasa.ac.jp/syllabusHtml/2026/00/00_101145-59_ja_JP.html"
"773","後期","後期","月2","101150-01","探究・違いを共に生きるⅠ","鈴木 崇夫","https://cssy.aasa.ac.jp/syllabusHtml/2026/00/00_101150-01_ja_JP.html"
"774","後期","後期","木2","101150-02","探究・違いを共に生きるⅠ","鈴木 崇夫","https://cssy.aasa.ac.jp/syllabusHtml/2026/00/00_101150-02_ja_JP.html"
"775","後期","後期","月3","101151-01","探究・違いを共に生きるⅡ","鈴木 崇夫","https://cssy.aasa.ac.jp/syllabusHtml/2026/00/00_101151-01_ja_JP.html"
"776","後期","後期","水2","101151-02","探究・違いを共に生きるⅡ","鈴木 崇夫","https://cssy.aasa.ac.jp/syllabusHtml/2026/00/00_101151-02_ja_JP.html"
"777","後期","後期","水1","102331-14","Basic English 1","山田 久美子","https://cssy.aasa.ac.jp/syllabusHtml/2026/00/00_102331-14_ja_JP.html"
"778","後期","後期","木1","102331-15","Basic English 1","河合 利江","https://cssy.aasa.ac.jp/syllabusHtml/2026/00/00_102331-15_ja_JP.html"
"779","後期","後期","月3","102331-16","Basic English 1","大石 瑶子","https://cssy.aasa.ac.jp/syllabusHtml/2026/00/00_102331-16_ja_JP.html"
"780","後期","後期","月4","102331-17","Basic English 1","松見 誌野","https://cssy.aasa.ac.jp/syllabusHtml/2026/00/00_102331-17_ja_JP.html"
"781","後期","後期","金1","102331-18","Basic English 1","河口 和子","https://cssy.aasa.ac.jp/syllabusHtml/2026/00/00_102331-18_ja_JP.html"
"782","後期","後期","火3","102331-20","Basic English 1","笠井 俊宏","https://cssy.aasa.ac.jp/syllabusHtml/2026/00/00_102331-20_ja_JP.html"
"783","後期","後期","水3","102331-21","Basic English 1","東海林 明美","https://cssy.aasa.ac.jp/syllabusHtml/2026/00/00_102331-21_ja_JP.html"
"784","後期","後期","水4","102331-22","Basic English 1","大石 瑶子","https://cssy.aasa.ac.jp/syllabusHtml/2026/00/00_102331-22_ja_JP.html"
"785","後期","後期","木3","102331-23","Basic English 1","大石 瑶子","https://cssy.aasa.ac.jp/syllabusHtml/2026/00/00_102331-23_ja_JP.html"
"786","後期","後期","木4","102331-24","Basic English 1","松見 誌野","https://cssy.aasa.ac.jp/syllabusHtml/2026/00/00_102331-24_ja_JP.html"
"787","後期","後期","金2","102331-25","Basic English 1","東海林 明美","https://cssy.aasa.ac.jp/syllabusHtml/2026/00/00_102331-25_ja_JP.html"
"788","後期","後期","金3","102331-26","Basic English 1","東海林 明美","https://cssy.aasa.ac.jp/syllabusHtml/2026/00/00_102331-26_ja_JP.html"
"789","後期","後期","金4","102331-27","Basic English 1","松見 誌野","https://cssy.aasa.ac.jp/syllabusHtml/2026/00/00_102331-27_ja_JP.html"
"790","後期","後期","月4","102331-54","Basic English 1","中村 晴香","https://cssy.aasa.ac.jp/syllabusHtml/2026/00/00_102331-54_ja_JP.html"
"791","後期","後期","月2","102332-09","Basic English 2","笠井 俊宏","https://cssy.aasa.ac.jp/syllabusHtml/2026/00/00_102332-09_ja_JP.html"
"792","後期","後期","月4","102332-10","Basic English 2","大石 瑶子","https://cssy.aasa.ac.jp/syllabusHtml/2026/00/00_102332-10_ja_JP.html"
"793","後期","後期","火2","102332-11","Basic English 2","河合 利江","https://cssy.aasa.ac.jp/syllabusHtml/2026/00/00_102332-11_ja_JP.html"
"794","後期","後期","火3","102332-12","Basic English 2","服部 有紀","https://cssy.aasa.ac.jp/syllabusHtml/2026/00/00_102332-12_ja_JP.html"
"795","後期","後期","水3","102332-13","Basic English 2","大石 瑶子","https://cssy.aasa.ac.jp/syllabusHtml/2026/00/00_102332-13_ja_JP.html"
"796","後期","後期","木1","102332-14","Basic English 2","河口 和子","https://cssy.aasa.ac.jp/syllabusHtml/2026/00/00_102332-14_ja_JP.html"
"797","後期","後期","木2","102332-15","Basic English 2","河合 利江","https://cssy.aasa.ac.jp/syllabusHtml/2026/00/00_102332-15_ja_JP.html"
"798","後期","後期","木4","102332-16","Basic English 2","河合 利江","https://cssy.aasa.ac.jp/syllabusHtml/2026/00/00_102332-16_ja_JP.html"
"799","後期","後期","金2","102332-17","Basic English 2","BAILEY Mark","https://cssy.aasa.ac.jp/syllabusHtml/2026/00/00_102332-17_ja_JP.html"
"800","後期","後期","金3","102332-18","Basic English 2","松見 誌野","https://cssy.aasa.ac.jp/syllabusHtml/2026/00/00_102332-18_ja_JP.html"
"801","後期","後期","木4","102332-51","Basic English 2","笠井 俊宏","https://cssy.aasa.ac.jp/syllabusHtml/2026/00/00_102332-51_ja_JP.html"
"802","後期","後期","月1","102333-16","English 1 (Listening)","水野 友貴","https://cssy.aasa.ac.jp/syllabusHtml/2026/00/00_102333-16_ja_JP.html"
"803","後期","後期","月4","102333-18","English 1 (Listening)","LACEY Charles F.","https://cssy.aasa.ac.jp/syllabusHtml/2026/00/00_102333-18_ja_JP.html"
"804","後期","後期","火1","102333-19","English 1 (Listening)","河合 利江","https://cssy.aasa.ac.jp/syllabusHtml/2026/00/00_102333-19_ja_JP.html"
"805","後期","後期","火2","102333-20","English 1 (Listening)","服部 有紀","https://cssy.aasa.ac.jp/syllabusHtml/2026/00/00_102333-20_ja_JP.html"
"806","後期","後期","火3","102333-21","English 1 (Listening)","井土 康仁","https://cssy.aasa.ac.jp/syllabusHtml/2026/00/00_102333-21_ja_JP.html"
"807","後期","後期","火4","102333-22","English 1 (Listening)","河合 利江","https://cssy.aasa.ac.jp/syllabusHtml/2026/00/00_102333-22_ja_JP.html"
"808","後期","後期","水1","102333-23","English 1 (Listening)","水野 友貴","https://cssy.aasa.ac.jp/syllabusHtml/2026/00/00_102333-23_ja_JP.html"
"809","後期","後期","水3","102333-24","English 1 (Listening)","山田 幸代","https://cssy.aasa.ac.jp/syllabusHtml/2026/00/00_102333-24_ja_JP.html"
"810","後期","後期","木3","102333-25","English 1 (Listening)","河合 利江","https://cssy.aasa.ac.jp/syllabusHtml/2026/00/00_102333-25_ja_JP.html"
"811","後期","後期","木4","102333-26","English 1 (Listening)","大石 瑶子","https://cssy.aasa.ac.jp/syllabusHtml/2026/00/00_102333-26_ja_JP.html"
"812","後期","後期","金1","102333-27","English 1 (Listening)","ARRIETA Lovely","https://cssy.aasa.ac.jp/syllabusHtml/2026/00/00_102333-27_ja_JP.html"
"813","後期","後期","金2","102333-28","English 1 (Listening)","笠井 俊宏","https://cssy.aasa.ac.jp/syllabusHtml/2026/00/00_102333-28_ja_JP.html"
"814","後期","後期","金2","102333-29","English 1 (Listening)","大石 瑶子","https://cssy.aasa.ac.jp/syllabusHtml/2026/00/00_102333-29_ja_JP.html"
"815","後期","後期","金3","102333-30","English 1 (Listening)","半井 尚美","https://cssy.aasa.ac.jp/syllabusHtml/2026/00/00_102333-30_ja_JP.html"
"816","後期","後期","金4","102333-31","English 1 (Listening)","河口 和子","https://cssy.aasa.ac.jp/syllabusHtml/2026/00/00_102333-31_ja_JP.html"
"817","後期","後期","月3","102333-57","English 1 (Listening)","WACHOLTZ Terry","https://cssy.aasa.ac.jp/syllabusHtml/2026/00/00_102333-57_ja_JP.html"
"818","後期","後期","月4","102333-58","English 1 (Listening)","WACHOLTZ Terry","https://cssy.aasa.ac.jp/syllabusHtml/2026/00/00_102333-58_ja_JP.html"
"819","後期","後期","木2","102333-60","English 1 (Listening)","笠井 俊宏","https://cssy.aasa.ac.jp/syllabusHtml/2026/00/00_102333-60_ja_JP.html"
"820","後期","後期","木3","102333-61","English 1 (Listening)","笠井 俊宏","https://cssy.aasa.ac.jp/syllabusHtml/2026/00/00_102333-61_ja_JP.html"
"821","後期","後期","月2","102334-19","English 2 (Reading)","石河 敦子","https://cssy.aasa.ac.jp/syllabusHtml/2026/00/00_102334-19_ja_JP.html"
"822","後期","後期","月3","102334-20","English 2 (Reading)","LACEY Charles F.","https://cssy.aasa.ac.jp/syllabusHtml/2026/00/00_102334-20_ja_JP.html"
"823","後期","後期","火1","102334-21","English 2 (Reading)","ARRIETA Lovely","https://cssy.aasa.ac.jp/syllabusHtml/2026/00/00_102334-21_ja_JP.html"
"824","後期","後期","火2","102334-22","English 2 (Reading)","井土 康仁","https://cssy.aasa.ac.jp/syllabusHtml/2026/00/00_102334-22_ja_JP.html"
"825","後期","後期","火3","102334-23","English 2 (Reading)","ARRIETA Lovely","https://cssy.aasa.ac.jp/syllabusHtml/2026/00/00_102334-23_ja_JP.html"
"826","後期","後期","火4","102334-24","English 2 (Reading)","井土 康仁","https://cssy.aasa.ac.jp/syllabusHtml/2026/00/00_102334-24_ja_JP.html"
"827","後期","後期","水2","102334-25","English 2 (Reading)","松見 誌野","https://cssy.aasa.ac.jp/syllabusHtml/2026/00/00_102334-25_ja_JP.html"
"828","後期","後期","水3","102334-26","English 2 (Reading)","BAILEY Mark","https://cssy.aasa.ac.jp/syllabusHtml/2026/00/00_102334-26_ja_JP.html"
"829","後期","後期","木2","102334-27","English 2 (Reading)","松見 誌野","https://cssy.aasa.ac.jp/syllabusHtml/2026/00/00_102334-27_ja_JP.html"
"830","後期","後期","木3","102334-28","English 2 (Reading)","相川 由美","https://cssy.aasa.ac.jp/syllabusHtml/2026/00/00_102334-28_ja_JP.html"
"831","後期","後期","木4","102334-29","English 2 (Reading)","相川 由美","https://cssy.aasa.ac.jp/syllabusHtml/2026/00/00_102334-29_ja_JP.html"
"832","後期","後期","金1","102334-30","English 2 (Reading)","笠井 俊宏","https://cssy.aasa.ac.jp/syllabusHtml/2026/00/00_102334-30_ja_JP.html"
"833","後期","後期","金2","102334-31","English 2 (Reading)","半井 尚美","https://cssy.aasa.ac.jp/syllabusHtml/2026/00/00_102334-31_ja_JP.html"
"834","後期","後期","金3","102334-32","English 2 (Reading)","河口 和子","https://cssy.aasa.ac.jp/syllabusHtml/2026/00/00_102334-32_ja_JP.html"
"835","後期","後期","金4","102334-33","English 2 (Reading)","ARRIETA Lovely","https://cssy.aasa.ac.jp/syllabusHtml/2026/00/00_102334-33_ja_JP.html"
"836","後期","後期","月1","102334-56","English 2 (Reading)","半井 尚美","https://cssy.aasa.ac.jp/syllabusHtml/2026/00/00_102334-56_ja_JP.html"
"837","後期","後期","月4","102334-57","English 2 (Reading)","半井 尚美","https://cssy.aasa.ac.jp/syllabusHtml/2026/00/00_102334-57_ja_JP.html"
"838","後期","後期","金3","102334-59","English 2 (Reading)","前澤 大樹","https://cssy.aasa.ac.jp/syllabusHtml/2026/00/00_102334-59_ja_JP.html"
"839","後期","後期","月1","102335-18","English 3 (TOEIC 1)","笠井 俊宏","https://cssy.aasa.ac.jp/syllabusHtml/2026/00/00_102335-18_ja_JP.html"
"840","後期","後期","月2","102335-19","English 3 (TOEIC 1)","水野 友貴","https://cssy.aasa.ac.jp/syllabusHtml/2026/00/00_102335-19_ja_JP.html"
"841","後期","後期","月3","102335-20","English 3 (TOEIC 1)","松見 誌野","https://cssy.aasa.ac.jp/syllabusHtml/2026/00/00_102335-20_ja_JP.html"
"842","後期","後期","火1","102335-22","English 3 (TOEIC 1)","花木 由子","https://cssy.aasa.ac.jp/syllabusHtml/2026/00/00_102335-22_ja_JP.html"
"843","後期","後期","火2","102335-23","English 3 (TOEIC 1)","花木 由子","https://cssy.aasa.ac.jp/syllabusHtml/2026/00/00_102335-23_ja_JP.html"
"844","後期","後期","火3","102335-24","English 3 (TOEIC 1)","河合 利江","https://cssy.aasa.ac.jp/syllabusHtml/2026/00/00_102335-24_ja_JP.html"
"845","後期","後期","水2","102335-27","English 3 (TOEIC 1)","水野 友貴","https://cssy.aasa.ac.jp/syllabusHtml/2026/00/00_102335-27_ja_JP.html"
"846","後期","後期","水3","102335-28","English 3 (TOEIC 1)","山田 久美子","https://cssy.aasa.ac.jp/syllabusHtml/2026/00/00_102335-28_ja_JP.html"
"847","後期","後期","木2","102335-30","English 3 (TOEIC 1)","太田 晶子","https://cssy.aasa.ac.jp/syllabusHtml/2026/00/00_102335-30_ja_JP.html"
"848","後期","後期","木3","102335-31","English 3 (TOEIC 1)","河口 和子","https://cssy.aasa.ac.jp/syllabusHtml/2026/00/00_102335-31_ja_JP.html"
"849","後期","後期","金2","102335-33","English 3 (TOEIC 1)","河口 和子","https://cssy.aasa.ac.jp/syllabusHtml/2026/00/00_102335-33_ja_JP.html"
"850","後期","後期","金3","102335-34","English 3 (TOEIC 1)","PUDWILL Larry A.","https://cssy.aasa.ac.jp/syllabusHtml/2026/00/00_102335-34_ja_JP.html"
"851","後期","後期","金4","102335-35","English 3 (TOEIC 1)","山田 久美子","https://cssy.aasa.ac.jp/syllabusHtml/2026/00/00_102335-35_ja_JP.html"
"852","後期","後期","月3","102335-59","English 3 (TOEIC 1)","半井 尚美","https://cssy.aasa.ac.jp/syllabusHtml/2026/00/00_102335-59_ja_JP.html"
"853","後期","後期","火4","102335-60","English 3 (TOEIC 1)","PUDWILL Larry A.","https://cssy.aasa.ac.jp/syllabusHtml/2026/00/00_102335-60_ja_JP.html"
"854","後期","後期","水1","102335-61","English 3 (TOEIC 1)","LACEY Charles F.","https://cssy.aasa.ac.jp/syllabusHtml/2026/00/00_102335-61_ja_JP.html"
"855","後期","後期","水2","102335-62","English 3 (TOEIC 1)","LACEY Charles F.","https://cssy.aasa.ac.jp/syllabusHtml/2026/00/00_102335-62_ja_JP.html"
"856","後期","後期","木4","102335-64","English 3 (TOEIC 1)","服部 有紀","https://cssy.aasa.ac.jp/syllabusHtml/2026/00/00_102335-64_ja_JP.html"
"857","後期","後期","金2","102335-65","English 3 (TOEIC 1)","中川 直志","https://cssy.aasa.ac.jp/syllabusHtml/2026/00/00_102335-65_ja_JP.html"
"858","後期","後期","金3","102335-66","English 3 (TOEIC 1)","中川 直志","https://cssy.aasa.ac.jp/syllabusHtml/2026/00/00_102335-66_ja_JP.html"
"859","後期","後期","月4","102336-09","English 4 (Speaking 1)","LEAF David H.","https://cssy.aasa.ac.jp/syllabusHtml/2026/00/00_102336-09_ja_JP.html"
"860","後期","後期","火2","102336-10","English 4 (Speaking 1)","ARRIETA Lovely","https://cssy.aasa.ac.jp/syllabusHtml/2026/00/00_102336-10_ja_JP.html"
"861","後期","後期","火3","102336-11","English 4 (Speaking 1)","CHEW Hui Yan","https://cssy.aasa.ac.jp/syllabusHtml/2026/00/00_102336-11_ja_JP.html"
"862","後期","後期","火4","102336-12","English 4 (Speaking 1)","ARRIETA Lovely","https://cssy.aasa.ac.jp/syllabusHtml/2026/00/00_102336-12_ja_JP.html"
"863","後期","後期","水4","102336-13","English 4 (Speaking 1)","BAILEY Mark","https://cssy.aasa.ac.jp/syllabusHtml/2026/00/00_102336-13_ja_JP.html"
"864","後期","後期","木2","102336-14","English 4 (Speaking 1)","LEAF David H.","https://cssy.aasa.ac.jp/syllabusHtml/2026/00/00_102336-14_ja_JP.html"
"865","後期","後期","金1","102336-15","English 4 (Speaking 1)","BAILEY Mark","https://cssy.aasa.ac.jp/syllabusHtml/2026/00/00_102336-15_ja_JP.html"
"866","後期","後期","金2","102336-16","English 4 (Speaking 1)","ARRIETA Lovely","https://cssy.aasa.ac.jp/syllabusHtml/2026/00/00_102336-16_ja_JP.html"
"867","後期","後期","金3","102336-17","English 4 (Speaking 1)","ARRIETA Lovely","https://cssy.aasa.ac.jp/syllabusHtml/2026/00/00_102336-17_ja_JP.html"
"868","後期","後期","金4","102336-18","English 4 (Speaking 1)","PUDWILL Larry A.","https://cssy.aasa.ac.jp/syllabusHtml/2026/00/00_102336-18_ja_JP.html"
"869","後期","後期","月3","102336-55","English 4 (Speaking 1)","BOWDEN Matthew","https://cssy.aasa.ac.jp/syllabusHtml/2026/00/00_102336-55_ja_JP.html"
"870","後期","後期","水3","102336-56","English 4 (Speaking 1)","LACEY Charles F.","https://cssy.aasa.ac.jp/syllabusHtml/2026/00/00_102336-56_ja_JP.html"
"871","後期","後期","水4","102336-57","English 4 (Speaking 1)","LACEY Charles F.","https://cssy.aasa.ac.jp/syllabusHtml/2026/00/00_102336-57_ja_JP.html"
"872","後期","後期","金4","102336-58","English 4 (Speaking 1)","BOWDEN Matthew","https://cssy.aasa.ac.jp/syllabusHtml/2026/00/00_102336-58_ja_JP.html"
"873","後期","後期","火2","102337-13","English 5 (TOEIC 2)","笠井 俊宏","https://cssy.aasa.ac.jp/syllabusHtml/2026/00/00_102337-13_ja_JP.html"
"874","後期","後期","火4","102337-15","English 5 (TOEIC 2)","笠井 俊宏","https://cssy.aasa.ac.jp/syllabusHtml/2026/00/00_102337-15_ja_JP.html"
"875","後期","後期","水2","102337-16","English 5 (TOEIC 2)","山田 久美子","https://cssy.aasa.ac.jp/syllabusHtml/2026/00/00_102337-16_ja_JP.html"
"876","後期","後期","水3","102337-17","English 5 (TOEIC 2)","松見 誌野","https://cssy.aasa.ac.jp/syllabusHtml/2026/00/00_102337-17_ja_JP.html"
"877","後期","後期","水4","102337-18","English 5 (TOEIC 2)","松見 誌野","https://cssy.aasa.ac.jp/syllabusHtml/2026/00/00_102337-18_ja_JP.html"
"878","後期","後期","木2","102337-19","English 5 (TOEIC 2)","河口 和子","https://cssy.aasa.ac.jp/syllabusHtml/2026/00/00_102337-19_ja_JP.html"
"879","後期","後期","木4","102337-20","English 5 (TOEIC 2)","河口 和子","https://cssy.aasa.ac.jp/syllabusHtml/2026/00/00_102337-20_ja_JP.html"
"880","後期","後期","金1","102337-21","English 5 (TOEIC 2)","太田 晶子","https://cssy.aasa.ac.jp/syllabusHtml/2026/00/00_102337-21_ja_JP.html"
"881","後期","後期","金3","102337-22","English 5 (TOEIC 2)","山田 久美子","https://cssy.aasa.ac.jp/syllabusHtml/2026/00/00_102337-22_ja_JP.html"
"882","後期","後期","金4","102337-23","English 5 (TOEIC 2)","半井 尚美","https://cssy.aasa.ac.jp/syllabusHtml/2026/00/00_102337-23_ja_JP.html"
"883","後期","後期","月1","102337-55","English 5 (TOEIC 2)","中村 晴香","https://cssy.aasa.ac.jp/syllabusHtml/2026/00/00_102337-55_ja_JP.html"
"884","後期","後期","月3","102337-56","English 5 (TOEIC 2)","中村 晴香","https://cssy.aasa.ac.jp/syllabusHtml/2026/00/00_102337-56_ja_JP.html"
"885","後期","後期","金2","102337-59","English 5 (TOEIC 2)","前澤 大樹","https://cssy.aasa.ac.jp/syllabusHtml/2026/00/00_102337-59_ja_JP.html"
"886","後期","後期","月3","102338-02","English 6 (Speaking 2)","LEAF David H.","https://cssy.aasa.ac.jp/syllabusHtml/2026/00/00_102338-02_ja_JP.html"
"887","後期","後期","火2","102338-03","English 6 (Speaking 2)","CHEW Hui Yan","https://cssy.aasa.ac.jp/syllabusHtml/2026/00/00_102338-03_ja_JP.html"
"888","後期","後期","木3","102338-04","English 6 (Speaking 2)","LEAF David H.","https://cssy.aasa.ac.jp/syllabusHtml/2026/00/00_102338-04_ja_JP.html"
"889","後期","後期","月4","102338-53","English 6 (Speaking 2)","BOWDEN Matthew","https://cssy.aasa.ac.jp/syllabusHtml/2026/00/00_102338-53_ja_JP.html"
"890","後期","後期","火2","102338-54","English 6 (Speaking 2)","PUDWILL Larry A.","https://cssy.aasa.ac.jp/syllabusHtml/2026/00/00_102338-54_ja_JP.html"
"891","後期","後期","金3","102338-55","English 6 (Speaking 2)","BOWDEN Matthew","https://cssy.aasa.ac.jp/syllabusHtml/2026/00/00_102338-55_ja_JP.html"
"892","後期","後期","火1","102358-01","TOEIC Training Ⅰb (Listening & Reading)","服部 有紀","https://cssy.aasa.ac.jp/syllabusHtml/2026/00/00_102358-01_ja_JP.html"
"893","後期","後期","火4","102358-02","TOEIC Training Ⅰb (Listening & Reading)","服部 有紀","https://cssy.aasa.ac.jp/syllabusHtml/2026/00/00_102358-02_ja_JP.html"
"894","後期","後期","水2","102358-03","TOEIC Training Ⅰb (Listening & Reading)","山田 幸代","https://cssy.aasa.ac.jp/syllabusHtml/2026/00/00_102358-03_ja_JP.html"
"895","後期","後期","木3","102358-04","TOEIC Training Ⅰb (Listening & Reading)","太田 晶子","https://cssy.aasa.ac.jp/syllabusHtml/2026/00/00_102358-04_ja_JP.html"
"896","後期","後期","金2","102358-05","TOEIC Training Ⅰb (Listening & Reading)","太田 晶子","https://cssy.aasa.ac.jp/syllabusHtml/2026/00/00_102358-05_ja_JP.html"
"897","後期","後期","金3","102358-06","TOEIC Training Ⅰb (Listening & Reading)","太田 晶子","https://cssy.aasa.ac.jp/syllabusHtml/2026/00/00_102358-06_ja_JP.html"
"898","後期","後期","月2","102358-51","TOEIC Training Ⅰb (Listening & Reading)","中村 晴香","https://cssy.aasa.ac.jp/syllabusHtml/2026/00/00_102358-51_ja_JP.html"
"899","後期","後期","水2","102358-52","TOEIC Training Ⅰb (Listening & Reading)","中村 晴香","https://cssy.aasa.ac.jp/syllabusHtml/2026/00/00_102358-52_ja_JP.html"
"900","後期","後期","水3","102358-53","TOEIC Training Ⅰb (Listening & Reading)","中村 晴香","https://cssy.aasa.ac.jp/syllabusHtml/2026/00/00_102358-53_ja_JP.html"
"901","後期","後期","木2","102358-54","TOEIC Training Ⅰb (Listening & Reading)","服部 有紀","https://cssy.aasa.ac.jp/syllabusHtml/2026/00/00_102358-54_ja_JP.html"
"902","後期","後期","金4","102360-01","TOEIC Training Ⅰd (Listening & Reading)","太田 晶子","https://cssy.aasa.ac.jp/syllabusHtml/2026/00/00_102360-01_ja_JP.html"
"903","後期","後期","木1","102360-51","TOEIC Training Ⅰd (Listening & Reading)","服部 有紀","https://cssy.aasa.ac.jp/syllabusHtml/2026/00/00_102360-51_ja_JP.html"
"904","後期","後期","木3","102360-52","TOEIC Training Ⅰd (Listening & Reading)","服部 有紀","https://cssy.aasa.ac.jp/syllabusHtml/2026/00/00_102360-52_ja_JP.html"
"905","後期","後期","火3","102362-51","TOEIC Training Ⅱb (Speaking & Writing)","PUDWILL Larry A.","https://cssy.aasa.ac.jp/syllabusHtml/2026/00/00_102362-51_ja_JP.html"
"906","後期","後期","水3","102370-51","Advanced English B","WACHOLTZ Terry","https://cssy.aasa.ac.jp/syllabusHtml/2026/00/00_102370-51_ja_JP.html"
"907","後期","後期","水4","102400-15","Introduction to English","山田 久美子","https://cssy.aasa.ac.jp/syllabusHtml/2026/00/00_102400-15_ja_JP.html"
"908","後期","後期","木3","102400-16","Introduction to English","松見 誌野","https://cssy.aasa.ac.jp/syllabusHtml/2026/00/00_102400-16_ja_JP.html"
"909","後期","後期","金3","102400-17","Introduction to English","大石 瑶子","https://cssy.aasa.ac.jp/syllabusHtml/2026/00/00_102400-17_ja_JP.html"
"910","後期","後期","水1","102400-54","Introduction to English","中村 晴香","https://cssy.aasa.ac.jp/syllabusHtml/2026/00/00_102400-54_ja_JP.html"
"911","後期","後期","他","104020-07","AI・データサイエンス入門 [M]","大門ゴーフ 裕子","https://cssy.aasa.ac.jp/syllabusHtml/2026/00/00_104020-07_ja_JP.html"
"912","後期","後期","他","104020-08","AI・データサイエンス入門 [M]","大門ゴーフ 裕子","https://cssy.aasa.ac.jp/syllabusHtml/2026/00/00_104020-08_ja_JP.html"
"913","後期","後期","他","104020-09","AI・データサイエンス入門 [M]","大門ゴーフ 裕子","https://cssy.aasa.ac.jp/syllabusHtml/2026/00/00_104020-09_ja_JP.html"
"914","後期","後期","他","104020-10","AI・データサイエンス入門 [M]","大門ゴーフ 裕子","https://cssy.aasa.ac.jp/syllabusHtml/2026/00/00_104020-10_ja_JP.html"
"915","後期","後期","他","104020-11","AI・データサイエンス入門 [M]","大門ゴーフ 裕子","https://cssy.aasa.ac.jp/syllabusHtml/2026/00/00_104020-11_ja_JP.html"
"916","後期","後期","他","104020-12","AI・データサイエンス入門 [M]","大門ゴーフ 裕子","https://cssy.aasa.ac.jp/syllabusHtml/2026/00/00_104020-12_ja_JP.html"
"917","後期","後期","他","104020-52","AI・データサイエンス入門 [M]","中村 勇太朗","https://cssy.aasa.ac.jp/syllabusHtml/2026/00/00_104020-52_ja_JP.html"
"918","後期","後期","月4","104022-03","AI・データサイエンス基礎演習","内田 美紀子","https://cssy.aasa.ac.jp/syllabusHtml/2026/00/00_104022-03_ja_JP.html"
"919","後期","後期","火4","104022-04","AI・データサイエンス基礎演習","大門ゴーフ 裕子","https://cssy.aasa.ac.jp/syllabusHtml/2026/00/00_104022-04_ja_JP.html"
"920","後期","後期","水3","104022-52","AI・データサイエンス基礎演習","大門ゴーフ 裕子","https://cssy.aasa.ac.jp/syllabusHtml/2026/00/00_104022-52_ja_JP.html"
"921","後期","後期","月3","104023-01","AI・データサイエンス実践演習","大門ゴーフ 裕子","https://cssy.aasa.ac.jp/syllabusHtml/2026/00/00_104023-01_ja_JP.html"
"922","後期","後期","水4","104023-51","AI・データサイエンス実践演習","大門ゴーフ 裕子","https://cssy.aasa.ac.jp/syllabusHtml/2026/00/00_104023-51_ja_JP.html"
"923","後期","後期","月1","104122-02","コンピュータリテラシーⅡ","外部講師(パソナ日本総務部)","https://cssy.aasa.ac.jp/syllabusHtml/2026/00/00_104122-02_ja_JP.html"
"924","後期","後期","月2","104122-03","コンピュータリテラシーⅡ","外部講師(パソナ日本総務部)","https://cssy.aasa.ac.jp/syllabusHtml/2026/00/00_104122-03_ja_JP.html"
"925","後期","後期","月2","104122-04","コンピュータリテラシーⅡ","外部講師(パソナ日本総務部)","https://cssy.aasa.ac.jp/syllabusHtml/2026/00/00_104122-04_ja_JP.html"
"926","後期","後期","月5","104122-05","コンピュータリテラシーⅡ","外部講師(パソナ日本総務部)","https://cssy.aasa.ac.jp/syllabusHtml/2026/00/00_104122-05_ja_JP.html"
"927","後期","後期","火1","104122-06","コンピュータリテラシーⅡ","外部講師(パソナ日本総務部)","https://cssy.aasa.ac.jp/syllabusHtml/2026/00/00_104122-06_ja_JP.html"
"928","後期","後期","火2","104122-07","コンピュータリテラシーⅡ","外部講師(パソナ日本総務部)","https://cssy.aasa.ac.jp/syllabusHtml/2026/00/00_104122-07_ja_JP.html"
"929","後期","後期","火4","104122-08","コンピュータリテラシーⅡ","外部講師(パソナ日本総務部)","https://cssy.aasa.ac.jp/syllabusHtml/2026/00/00_104122-08_ja_JP.html"
"930","後期","後期","火4","104122-09","コンピュータリテラシーⅡ","外部講師(パソナ日本総務部)","https://cssy.aasa.ac.jp/syllabusHtml/2026/00/00_104122-09_ja_JP.html"
"931","後期","後期","火5","104122-10","コンピュータリテラシーⅡ","外部講師(パソナ日本総務部)","https://cssy.aasa.ac.jp/syllabusHtml/2026/00/00_104122-10_ja_JP.html"
"932","後期","後期","水1","104122-11","コンピュータリテラシーⅡ","外部講師(パソナ日本総務部)","https://cssy.aasa.ac.jp/syllabusHtml/2026/00/00_104122-11_ja_JP.html"
"933","後期","後期","水1","104122-12","コンピュータリテラシーⅡ","外部講師(パソナ日本総務部)","https://cssy.aasa.ac.jp/syllabusHtml/2026/00/00_104122-12_ja_JP.html"
"934","後期","後期","水4","104122-13","コンピュータリテラシーⅡ","外部講師(パソナ日本総務部)","https://cssy.aasa.ac.jp/syllabusHtml/2026/00/00_104122-13_ja_JP.html"
"935","後期","後期","水5","104122-14","コンピュータリテラシーⅡ","外部講師(パソナ日本総務部)","https://cssy.aasa.ac.jp/syllabusHtml/2026/00/00_104122-14_ja_JP.html"
"936","後期","後期","木4","104122-15","コンピュータリテラシーⅡ","外部講師(パソナ日本総務部)","https://cssy.aasa.ac.jp/syllabusHtml/2026/00/00_104122-15_ja_JP.html"
"937","後期","後期","木5","104122-16","コンピュータリテラシーⅡ","外部講師(パソナ日本総務部)","https://cssy.aasa.ac.jp/syllabusHtml/2026/00/00_104122-16_ja_JP.html"
"938","後期","後期","金2","104122-17","コンピュータリテラシーⅡ","外部講師(パソナ日本総務部)","https://cssy.aasa.ac.jp/syllabusHtml/2026/00/00_104122-17_ja_JP.html"
"939","後期","後期","金3","104122-18","コンピュータリテラシーⅡ","外部講師(パソナ日本総務部)","https://cssy.aasa.ac.jp/syllabusHtml/2026/00/00_104122-18_ja_JP.html"
"940","後期","後期","金4","104122-19","コンピュータリテラシーⅡ","外部講師(パソナ日本総務部)","https://cssy.aasa.ac.jp/syllabusHtml/2026/00/00_104122-19_ja_JP.html"
"941","後期","後期","金4","104122-20","コンピュータリテラシーⅡ","外部講師(パソナ日本総務部)","https://cssy.aasa.ac.jp/syllabusHtml/2026/00/00_104122-20_ja_JP.html"
"942","後期","後期","金5","104122-21","コンピュータリテラシーⅡ","外部講師(パソナ日本総務部)","https://cssy.aasa.ac.jp/syllabusHtml/2026/00/00_104122-21_ja_JP.html"
"943","後期","後期","月4","104122-51","コンピュータリテラシーⅡ","外部講師(パソナ日本総務部)","https://cssy.aasa.ac.jp/syllabusHtml/2026/00/00_104122-51_ja_JP.html"
"944","後期","後期","火3","104122-52","コンピュータリテラシーⅡ","外部講師(パソナ日本総務部)","https://cssy.aasa.ac.jp/syllabusHtml/2026/00/00_104122-52_ja_JP.html"
"945","後期","後期","火3","104122-53","コンピュータリテラシーⅡ","外部講師(パソナ日本総務部)","https://cssy.aasa.ac.jp/syllabusHtml/2026/00/00_104122-53_ja_JP.html"
"946","後期","後期","火4","104122-54","コンピュータリテラシーⅡ","外部講師(パソナ日本総務部)","https://cssy.aasa.ac.jp/syllabusHtml/2026/00/00_104122-54_ja_JP.html"
"947","後期","後期","水3","104122-55","コンピュータリテラシーⅡ","外部講師(パソナ日本総務部)","https://cssy.aasa.ac.jp/syllabusHtml/2026/00/00_104122-55_ja_JP.html"
"948","後期","後期","水4","104122-56","コンピュータリテラシーⅡ","外部講師(パソナ日本総務部)","https://cssy.aasa.ac.jp/syllabusHtml/2026/00/00_104122-56_ja_JP.html"
"949","後期","後期","木2","104122-57","コンピュータリテラシーⅡ","外部講師(パソナ日本総務部)","https://cssy.aasa.ac.jp/syllabusHtml/2026/00/00_104122-57_ja_JP.html"
"950","後期","後期","木3","104122-58","コンピュータリテラシーⅡ","山崎 真照","https://cssy.aasa.ac.jp/syllabusHtml/2026/00/00_104122-58_ja_JP.html"
"951","後期","後期","金1","104122-59","コンピュータリテラシーⅡ","外部講師(パソナ日本総務部)","https://cssy.aasa.ac.jp/syllabusHtml/2026/00/00_104122-59_ja_JP.html"
"952","後期","後期","金2","104122-60","コンピュータリテラシーⅡ","外部講師(パソナ日本総務部)","https://cssy.aasa.ac.jp/syllabusHtml/2026/00/00_104122-60_ja_JP.html"
"953","後期","後期","金4","104122-61","コンピュータリテラシーⅡ","外部講師(パソナ日本総務部)","https://cssy.aasa.ac.jp/syllabusHtml/2026/00/00_104122-61_ja_JP.html"
"954","後期","後期","火4","104129-04","ITパスポート対策講座Ⅰ","外部講師(大原学園) コン活","https://cssy.aasa.ac.jp/syllabusHtml/2026/00/00_104129-04_ja_JP.html"
"955","後期","後期","水2","104129-05","ITパスポート対策講座Ⅰ","外部講師(大原学園) コン活","https://cssy.aasa.ac.jp/syllabusHtml/2026/00/00_104129-05_ja_JP.html"
"956","後期","後期","水4","104129-06","ITパスポート対策講座Ⅰ","外部講師(大原学園) コン活","https://cssy.aasa.ac.jp/syllabusHtml/2026/00/00_104129-06_ja_JP.html"
"957","後期","後期","金4","104129-07","ITパスポート対策講座Ⅰ","外部講師(大原学園) コン活","https://cssy.aasa.ac.jp/syllabusHtml/2026/00/00_104129-07_ja_JP.html"
"958","後期","後期","火2","104129-54","ITパスポート対策講座Ⅰ","外部講師(大原学園) コン活","https://cssy.aasa.ac.jp/syllabusHtml/2026/00/00_104129-54_ja_JP.html"
"959","後期","後期","水4","104129-55","ITパスポート対策講座Ⅰ","外部講師(大原学園) コン活","https://cssy.aasa.ac.jp/syllabusHtml/2026/00/00_104129-55_ja_JP.html"
"960","後期","後期","金2","104129-56","ITパスポート対策講座Ⅰ","外部講師(大原学園) コン活","https://cssy.aasa.ac.jp/syllabusHtml/2026/00/00_104129-56_ja_JP.html"
"961","後期","後期","火3","104130-04","ITパスポート対策講座Ⅱ","外部講師(大原学園) コン活","https://cssy.aasa.ac.jp/syllabusHtml/2026/00/00_104130-04_ja_JP.html"
"962","後期","後期","水1","104130-05","ITパスポート対策講座Ⅱ","外部講師(大原学園) コン活","https://cssy.aasa.ac.jp/syllabusHtml/2026/00/00_104130-05_ja_JP.html"
"963","後期","後期","水3","104130-06","ITパスポート対策講座Ⅱ","外部講師(大原学園) コン活","https://cssy.aasa.ac.jp/syllabusHtml/2026/00/00_104130-06_ja_JP.html"
"964","後期","後期","金3","104130-07","ITパスポート対策講座Ⅱ","外部講師(大原学園) コン活","https://cssy.aasa.ac.jp/syllabusHtml/2026/00/00_104130-07_ja_JP.html"
"965","後期","後期","火1","104130-54","ITパスポート対策講座Ⅱ","外部講師(大原学園) コン活","https://cssy.aasa.ac.jp/syllabusHtml/2026/00/00_104130-54_ja_JP.html"
"966","後期","後期","水3","104130-55","ITパスポート対策講座Ⅱ","外部講師(大原学園) コン活","https://cssy.aasa.ac.jp/syllabusHtml/2026/00/00_104130-55_ja_JP.html"
"967","後期","後期","金1","104130-56","ITパスポート対策講座Ⅱ","外部講師(大原学園) コン活","https://cssy.aasa.ac.jp/syllabusHtml/2026/00/00_104130-56_ja_JP.html"
"968","後期","後期","木2","104134-02","ウェブデザイン技能検定対策講座","大嶽 麻里子","https://cssy.aasa.ac.jp/syllabusHtml/2026/00/00_104134-02_ja_JP.html"
"969","後期","後期","木4","104134-52","ウェブデザイン技能検定対策講座","大嶽 麻里子","https://cssy.aasa.ac.jp/syllabusHtml/2026/00/00_104134-52_ja_JP.html"
"970","後期","後期","金1","104135-02","情報セキュリティマネジメント試験対策講座Ⅰ","戸谷 英司","https://cssy.aasa.ac.jp/syllabusHtml/2026/00/00_104135-02_ja_JP.html"
"971","後期","後期","木1","104135-52","情報セキュリティマネジメント試験対策講座Ⅰ","戸谷 英司","https://cssy.aasa.ac.jp/syllabusHtml/2026/00/00_104135-52_ja_JP.html"
"972","後期","後期","金2","104136-02","情報セキュリティマネジメント試験対策講座Ⅱ","戸谷 英司","https://cssy.aasa.ac.jp/syllabusHtml/2026/00/00_104136-02_ja_JP.html"
"973","後期","後期","木2","104136-52","情報セキュリティマネジメント試験対策講座Ⅱ","戸谷 英司","https://cssy.aasa.ac.jp/syllabusHtml/2026/00/00_104136-52_ja_JP.html"
"974","後期","後期","水2","106001-04","初めての外国語1(ドイツ語)","吉田 敬","https://cssy.aasa.ac.jp/syllabusHtml/2026/00/00_106001-04_ja_JP.html"
"975","後期","後期","木3","106001-05","初めての外国語1(ドイツ語)","平岩 英恵","https://cssy.aasa.ac.jp/syllabusHtml/2026/00/00_106001-05_ja_JP.html"
"976","後期","後期","木4","106001-06","初めての外国語1(ドイツ語)","平岩 英恵","https://cssy.aasa.ac.jp/syllabusHtml/2026/00/00_106001-06_ja_JP.html"
"977","後期","後期","木2","106001-52","初めての外国語1(ドイツ語)","平岩 英恵","https://cssy.aasa.ac.jp/syllabusHtml/2026/00/00_106001-52_ja_JP.html"
"978","後期","後期","火1","106002-04","初めての外国語2(フランス語)","清水 ベアトリックス","https://cssy.aasa.ac.jp/syllabusHtml/2026/00/00_106002-04_ja_JP.html"
"979","後期","後期","火2","106002-05","初めての外国語2(フランス語)","清水 ベアトリックス","https://cssy.aasa.ac.jp/syllabusHtml/2026/00/00_106002-05_ja_JP.html"
"980","後期","後期","木1","106002-06","初めての外国語2(フランス語)","清水 ベアトリックス","https://cssy.aasa.ac.jp/syllabusHtml/2026/00/00_106002-06_ja_JP.html"
"981","後期","後期","水3","106002-53","初めての外国語2(フランス語)","清水 ベアトリックス","https://cssy.aasa.ac.jp/syllabusHtml/2026/00/00_106002-53_ja_JP.html"
"982","後期","後期","水4","106002-54","初めての外国語2(フランス語)","田崎 明子","https://cssy.aasa.ac.jp/syllabusHtml/2026/00/00_106002-54_ja_JP.html"
"983","後期","後期","木3","106003-02","初めての外国語3(ロシア語)","水野 晶子","https://cssy.aasa.ac.jp/syllabusHtml/2026/00/00_106003-02_ja_JP.html"
"984","後期","後期","水2","106003-52","初めての外国語3(ロシア語)","水野 晶子","https://cssy.aasa.ac.jp/syllabusHtml/2026/00/00_106003-52_ja_JP.html"
"985","後期","後期","水3","106004-03","初めての外国語4(スペイン語)","GUTIERREZ CERVANTES Lenin","https://cssy.aasa.ac.jp/syllabusHtml/2026/00/00_106004-03_ja_JP.html"
"986","後期","後期","水4","106004-04","初めての外国語4(スペイン語)","GUTIERREZ CERVANTES Lenin","https://cssy.aasa.ac.jp/syllabusHtml/2026/00/00_106004-04_ja_JP.html"
"987","後期","後期","水1","106004-52","初めての外国語4(スペイン語)","GUTIERREZ CERVANTES Lenin","https://cssy.aasa.ac.jp/syllabusHtml/2026/00/00_106004-52_ja_JP.html"
"988","後期","後期","月1","106005-03","初めての外国語5(イタリア語)","柴田 有香","https://cssy.aasa.ac.jp/syllabusHtml/2026/00/00_106005-03_ja_JP.html"
"989","後期","後期","月2","106005-04","初めての外国語5(イタリア語)","柴田 有香","https://cssy.aasa.ac.jp/syllabusHtml/2026/00/00_106005-04_ja_JP.html"
"990","後期","後期","火4","106005-52","初めての外国語5(イタリア語)","柴田 有香","https://cssy.aasa.ac.jp/syllabusHtml/2026/00/00_106005-52_ja_JP.html"
"991","後期","後期","月3","106006-03","初めての外国語6(ポルトガル語)","瀧藤 千恵美","https://cssy.aasa.ac.jp/syllabusHtml/2026/00/00_106006-03_ja_JP.html"
"992","後期","後期","月4","106006-04","初めての外国語6(ポルトガル語)","瀧藤 千恵美","https://cssy.aasa.ac.jp/syllabusHtml/2026/00/00_106006-04_ja_JP.html"
"993","後期","後期","月1","106006-53","初めての外国語6(ポルトガル語)","瀧藤 千恵美","https://cssy.aasa.ac.jp/syllabusHtml/2026/00/00_106006-53_ja_JP.html"
"994","後期","後期","月3","106007-14","初めての外国語7(中国語)","陳 惠貞","https://cssy.aasa.ac.jp/syllabusHtml/2026/00/00_106007-14_ja_JP.html"
"995","後期","後期","月4","106007-15","初めての外国語7(中国語)","陳 惠貞","https://cssy.aasa.ac.jp/syllabusHtml/2026/00/00_106007-15_ja_JP.html"
"996","後期","後期","火2","106007-16","初めての外国語7(中国語)","華 イ","https://cssy.aasa.ac.jp/syllabusHtml/2026/00/00_106007-16_ja_JP.html"
"997","後期","後期","火4","106007-17","初めての外国語7(中国語)","王 麗英","https://cssy.aasa.ac.jp/syllabusHtml/2026/00/00_106007-17_ja_JP.html"
"998","後期","後期","水1","106007-18","初めての外国語7(中国語)","袁 莉萍","https://cssy.aasa.ac.jp/syllabusHtml/2026/00/00_106007-18_ja_JP.html"
"999","後期","後期","水2","106007-19","初めての外国語7(中国語)","袁 莉萍","https://cssy.aasa.ac.jp/syllabusHtml/2026/00/00_106007-19_ja_JP.html"
"1000","後期","後期","木4","106007-20","初めての外国語7(中国語)","鄧 秀","https://cssy.aasa.ac.jp/syllabusHtml/2026/00/00_106007-20_ja_JP.html"
"1001","後期","後期","金2","106007-21","初めての外国語7(中国語)","華 イ","https://cssy.aasa.ac.jp/syllabusHtml/2026/00/00_106007-21_ja_JP.html"
"1002","後期","後期","金3","106007-22","初めての外国語7(中国語)","華 イ","https://cssy.aasa.ac.jp/syllabusHtml/2026/00/00_106007-22_ja_JP.html"
"1003","後期","後期","月3","106007-55","初めての外国語7(中国語)","馬 麗梅","https://cssy.aasa.ac.jp/syllabusHtml/2026/00/00_106007-55_ja_JP.html"
"1004","後期","後期","月4","106007-56","初めての外国語7(中国語)","馬 麗梅","https://cssy.aasa.ac.jp/syllabusHtml/2026/00/00_106007-56_ja_JP.html"
"1005","後期","後期","火3","106007-57","初めての外国語7(中国語)","中塚 亮","https://cssy.aasa.ac.jp/syllabusHtml/2026/00/00_106007-57_ja_JP.html"
"1006","後期","後期","水2","106007-58","初めての外国語7(中国語)","高 飛","https://cssy.aasa.ac.jp/syllabusHtml/2026/00/00_106007-58_ja_JP.html"
"1007","後期","後期","火1","106008-11","初めての外国語8(韓国・朝鮮語)","キム ソヨン","https://cssy.aasa.ac.jp/syllabusHtml/2026/00/00_106008-11_ja_JP.html"
"1008","後期","後期","火1","106008-12","初めての外国語8(韓国・朝鮮語)","梁 勝奎","https://cssy.aasa.ac.jp/syllabusHtml/2026/00/00_106008-12_ja_JP.html"
"1009","後期","後期","火2","106008-13","初めての外国語8(韓国・朝鮮語)","キム ソヨン","https://cssy.aasa.ac.jp/syllabusHtml/2026/00/00_106008-13_ja_JP.html"
"1010","後期","後期","火2","106008-14","初めての外国語8(韓国・朝鮮語)","梁 勝奎","https://cssy.aasa.ac.jp/syllabusHtml/2026/00/00_106008-14_ja_JP.html"
"1011","後期","後期","火3","106008-15","初めての外国語8(韓国・朝鮮語)","キム ソヨン","https://cssy.aasa.ac.jp/syllabusHtml/2026/00/00_106008-15_ja_JP.html"
"1012","後期","後期","火4","106008-16","初めての外国語8(韓国・朝鮮語)","キム ソヨン","https://cssy.aasa.ac.jp/syllabusHtml/2026/00/00_106008-16_ja_JP.html"
"1013","後期","後期","水1","106008-17","初めての外国語8(韓国・朝鮮語)","梁 勝奎","https://cssy.aasa.ac.jp/syllabusHtml/2026/00/00_106008-17_ja_JP.html"
"1014","後期","後期","水2","106008-18","初めての外国語8(韓国・朝鮮語)","梁 勝奎","https://cssy.aasa.ac.jp/syllabusHtml/2026/00/00_106008-18_ja_JP.html"
"1015","後期","後期","木3","106008-19","初めての外国語8(韓国・朝鮮語)","キム ソヨン","https://cssy.aasa.ac.jp/syllabusHtml/2026/00/00_106008-19_ja_JP.html"
"1016","後期","後期","木4","106008-20","初めての外国語8(韓国・朝鮮語)","キム ソヨン","https://cssy.aasa.ac.jp/syllabusHtml/2026/00/00_106008-20_ja_JP.html"
"1017","後期","後期","月3","106008-55","初めての外国語8(韓国・朝鮮語)","柳 朱燕","https://cssy.aasa.ac.jp/syllabusHtml/2026/00/00_106008-55_ja_JP.html"
"1018","後期","後期","火3","106008-56","初めての外国語8(韓国・朝鮮語)","楊 アラム","https://cssy.aasa.ac.jp/syllabusHtml/2026/00/00_106008-56_ja_JP.html"
"1019","後期","後期","水4","106008-57","初めての外国語8(韓国・朝鮮語)","楊 アラム","https://cssy.aasa.ac.jp/syllabusHtml/2026/00/00_106008-57_ja_JP.html"
"1020","後期","後期","木3","106008-58","初めての外国語8(韓国・朝鮮語)","李 正子","https://cssy.aasa.ac.jp/syllabusHtml/2026/00/00_106008-58_ja_JP.html"
"1021","後期","後期","火4","106010-51","日本語Ⅱ","山本 裕子","https://cssy.aasa.ac.jp/syllabusHtml/2026/00/00_106010-51_ja_JP.html"
"1022","後期","後期","火4","106012-51","日本語Ⅳ","中林 律子","https://cssy.aasa.ac.jp/syllabusHtml/2026/00/00_106012-51_ja_JP.html"
"1023","後期","後期","水2","108003-67","日本語表現1","吉本 裕史","https://cssy.aasa.ac.jp/syllabusHtml/2026/00/00_108003-67_ja_JP.html"
"1024","後期","後期","木2","108003-68","日本語表現1","中村 建","https://cssy.aasa.ac.jp/syllabusHtml/2026/00/00_108003-68_ja_JP.html"
"1025","後期","後期","金4","108003-69","日本語表現1","吉本 裕史","https://cssy.aasa.ac.jp/syllabusHtml/2026/00/00_108003-69_ja_JP.html"
"1026","後期","後期","月3","108003-94","日本語表現1","柴田 龍希","https://cssy.aasa.ac.jp/syllabusHtml/2026/00/00_108003-94_ja_JP.html"
"1027","後期","後期","木3","108003-95","日本語表現1","市川 遥","https://cssy.aasa.ac.jp/syllabusHtml/2026/00/00_108003-95_ja_JP.html"
"1028","後期","後期","火4","108003-96","日本語表現1","本間 妙","https://cssy.aasa.ac.jp/syllabusHtml/2026/00/00_108003-96_ja_JP.html"
"1029","後期","後期","月1","108004-02","日本語表現2","中野 遙","https://cssy.aasa.ac.jp/syllabusHtml/2026/00/00_108004-02_ja_JP.html"
"1030","後期","後期","月2","108004-03","日本語表現2","中野 遙","https://cssy.aasa.ac.jp/syllabusHtml/2026/00/00_108004-03_ja_JP.html"
"1031","後期","後期","月2","108004-04","日本語表現2","川村 祐斗","https://cssy.aasa.ac.jp/syllabusHtml/2026/00/00_108004-04_ja_JP.html"
"1032","後期","後期","月3","108004-05","日本語表現2","久保田 一充","https://cssy.aasa.ac.jp/syllabusHtml/2026/00/00_108004-05_ja_JP.html"
"1033","後期","後期","月3","108004-06","日本語表現2","中村 建","https://cssy.aasa.ac.jp/syllabusHtml/2026/00/00_108004-06_ja_JP.html"
"1034","後期","後期","月4","108004-07","日本語表現2","中村 建","https://cssy.aasa.ac.jp/syllabusHtml/2026/00/00_108004-07_ja_JP.html"
"1035","後期","後期","月5","108004-08","日本語表現2","中村 建","https://cssy.aasa.ac.jp/syllabusHtml/2026/00/00_108004-08_ja_JP.html"
"1036","後期","後期","火1","108004-09","日本語表現2","川村 祐斗","https://cssy.aasa.ac.jp/syllabusHtml/2026/00/00_108004-09_ja_JP.html"
"1037","後期","後期","火1","108004-10","日本語表現2","中村 建","https://cssy.aasa.ac.jp/syllabusHtml/2026/00/00_108004-10_ja_JP.html"
"1038","後期","後期","火2","108004-11","日本語表現2","久保田 一充","https://cssy.aasa.ac.jp/syllabusHtml/2026/00/00_108004-11_ja_JP.html"
"1039","後期","後期","火2","108004-12","日本語表現2","中村 建","https://cssy.aasa.ac.jp/syllabusHtml/2026/00/00_108004-12_ja_JP.html"
"1040","後期","後期","火3","108004-13","日本語表現2","久保田 一充","https://cssy.aasa.ac.jp/syllabusHtml/2026/00/00_108004-13_ja_JP.html"
"1041","後期","後期","火3","108004-14","日本語表現2","中村 建","https://cssy.aasa.ac.jp/syllabusHtml/2026/00/00_108004-14_ja_JP.html"
"1042","後期","後期","火4","108004-15","日本語表現2","川村 祐斗","https://cssy.aasa.ac.jp/syllabusHtml/2026/00/00_108004-15_ja_JP.html"
"1043","後期","後期","火4","108004-16","日本語表現2","吉本 裕史","https://cssy.aasa.ac.jp/syllabusHtml/2026/00/00_108004-16_ja_JP.html"
"1044","後期","後期","火5","108004-17","日本語表現2","川村 祐斗","https://cssy.aasa.ac.jp/syllabusHtml/2026/00/00_108004-17_ja_JP.html"
"1045","後期","後期","水2","108004-18","日本語表現2","川村 祐斗","https://cssy.aasa.ac.jp/syllabusHtml/2026/00/00_108004-18_ja_JP.html"
"1046","後期","後期","水3","108004-19","日本語表現2","川村 祐斗","https://cssy.aasa.ac.jp/syllabusHtml/2026/00/00_108004-19_ja_JP.html"
"1047","後期","後期","水3","108004-20","日本語表現2","久保田 一充","https://cssy.aasa.ac.jp/syllabusHtml/2026/00/00_108004-20_ja_JP.html"
"1048","後期","後期","水4","108004-21","日本語表現2","吉本 裕史","https://cssy.aasa.ac.jp/syllabusHtml/2026/00/00_108004-21_ja_JP.html"
"1049","後期","後期","水4","108004-22","日本語表現2","川村 祐斗","https://cssy.aasa.ac.jp/syllabusHtml/2026/00/00_108004-22_ja_JP.html"
"1050","後期","後期","木1","108004-23","日本語表現2","久保田 一充","https://cssy.aasa.ac.jp/syllabusHtml/2026/00/00_108004-23_ja_JP.html"
"1051","後期","後期","木2","108004-24","日本語表現2","吉本 裕史","https://cssy.aasa.ac.jp/syllabusHtml/2026/00/00_108004-24_ja_JP.html"
"1052","後期","後期","木3","108004-25","日本語表現2","吉本 裕史","https://cssy.aasa.ac.jp/syllabusHtml/2026/00/00_108004-25_ja_JP.html"
"1053","後期","後期","木4","108004-26","日本語表現2","小林 祐也","https://cssy.aasa.ac.jp/syllabusHtml/2026/00/00_108004-26_ja_JP.html"
"1054","後期","後期","木4","108004-27","日本語表現2","久保田 一充","https://cssy.aasa.ac.jp/syllabusHtml/2026/00/00_108004-27_ja_JP.html"
"1055","後期","後期","金2","108004-28","日本語表現2","吉本 裕史","https://cssy.aasa.ac.jp/syllabusHtml/2026/00/00_108004-28_ja_JP.html"
"1056","後期","後期","金3","108004-29","日本語表現2","吉本 裕史","https://cssy.aasa.ac.jp/syllabusHtml/2026/00/00_108004-29_ja_JP.html"
"1057","後期","後期","月1","108004-52","日本語表現2","柴田 龍希","https://cssy.aasa.ac.jp/syllabusHtml/2026/00/00_108004-52_ja_JP.html"
"1058","後期","後期","月2","108004-53","日本語表現2","市川 遥","https://cssy.aasa.ac.jp/syllabusHtml/2026/00/00_108004-53_ja_JP.html"
"1059","後期","後期","火1","108004-54","日本語表現2","小椋 愛子","https://cssy.aasa.ac.jp/syllabusHtml/2026/00/00_108004-54_ja_JP.html"
"1060","後期","後期","火2","108004-55","日本語表現2","柴田 龍希","https://cssy.aasa.ac.jp/syllabusHtml/2026/00/00_108004-55_ja_JP.html"
"1061","後期","後期","火3","108004-56","日本語表現2","市川 遥","https://cssy.aasa.ac.jp/syllabusHtml/2026/00/00_108004-56_ja_JP.html"
"1062","後期","後期","火4","108004-57","日本語表現2","柴田 龍希","https://cssy.aasa.ac.jp/syllabusHtml/2026/00/00_108004-57_ja_JP.html"
"1063","後期","後期","火4","108004-58","日本語表現2","市川 遥","https://cssy.aasa.ac.jp/syllabusHtml/2026/00/00_108004-58_ja_JP.html"
"1064","後期","後期","火5","108004-59","日本語表現2","柴田 龍希","https://cssy.aasa.ac.jp/syllabusHtml/2026/00/00_108004-59_ja_JP.html"
"1065","後期","後期","火5","108004-60","日本語表現2","市川 遥","https://cssy.aasa.ac.jp/syllabusHtml/2026/00/00_108004-60_ja_JP.html"
"1066","後期","後期","木2","108004-61","日本語表現2","柴田 龍希","https://cssy.aasa.ac.jp/syllabusHtml/2026/00/00_108004-61_ja_JP.html"
"1067","後期","後期","木4","108004-62","日本語表現2","市川 遥","https://cssy.aasa.ac.jp/syllabusHtml/2026/00/00_108004-62_ja_JP.html"
"1068","後期","後期","木4","108004-63","日本語表現2","蕗谷 雄輝","https://cssy.aasa.ac.jp/syllabusHtml/2026/00/00_108004-63_ja_JP.html"
"1069","後期","後期","木5","108004-64","日本語表現2","市川 遥","https://cssy.aasa.ac.jp/syllabusHtml/2026/00/00_108004-64_ja_JP.html"
"1070","後期","後期","木5","108004-65","日本語表現2","柴田 龍希","https://cssy.aasa.ac.jp/syllabusHtml/2026/00/00_108004-65_ja_JP.html"
"1071","後期","後期","金2","108004-66","日本語表現2","市川 遥","https://cssy.aasa.ac.jp/syllabusHtml/2026/00/00_108004-66_ja_JP.html"
"1072","後期","後期","金4","108004-67","日本語表現2","柴田 龍希","https://cssy.aasa.ac.jp/syllabusHtml/2026/00/00_108004-67_ja_JP.html"
"1073","後期","後期","金4","108004-68","日本語表現2","市川 遥","https://cssy.aasa.ac.jp/syllabusHtml/2026/00/00_108004-68_ja_JP.html"
"1074","後期","後期","金4","108004-69","日本語表現2","蕗谷 雄輝","https://cssy.aasa.ac.jp/syllabusHtml/2026/00/00_108004-69_ja_JP.html"
"1075","後期","後期","金1","108004-71","日本語表現2","本間 妙","https://cssy.aasa.ac.jp/syllabusHtml/2026/00/00_108004-71_ja_JP.html"
"1076","後期","後期","月4","108005-12","日本語表現3","久保田 一充","https://cssy.aasa.ac.jp/syllabusHtml/2026/00/00_108005-12_ja_JP.html"
"1077","後期","後期","火3","108005-13","日本語表現3","樋口 貴子","https://cssy.aasa.ac.jp/syllabusHtml/2026/00/00_108005-13_ja_JP.html"
"1078","後期","後期","水2","108005-14","日本語表現3","吉田 智美","https://cssy.aasa.ac.jp/syllabusHtml/2026/00/00_108005-14_ja_JP.html"
"1079","後期","後期","木2","108005-15","日本語表現3","川村 祐斗","https://cssy.aasa.ac.jp/syllabusHtml/2026/00/00_108005-15_ja_JP.html"
"1080","後期","後期","木3","108005-16","日本語表現3","小林 祐也","https://cssy.aasa.ac.jp/syllabusHtml/2026/00/00_108005-16_ja_JP.html"
"1081","後期","後期","木4","108005-17","日本語表現3","中村 建","https://cssy.aasa.ac.jp/syllabusHtml/2026/00/00_108005-17_ja_JP.html"
"1082","後期","後期","木4","108005-18","日本語表現3","吉本 裕史","https://cssy.aasa.ac.jp/syllabusHtml/2026/00/00_108005-18_ja_JP.html"
"1083","後期","後期","金3","108005-19","日本語表現3","高宮 貴代美","https://cssy.aasa.ac.jp/syllabusHtml/2026/00/00_108005-19_ja_JP.html"
"1084","後期","後期","月4","108005-55","日本語表現3","柴田 龍希","https://cssy.aasa.ac.jp/syllabusHtml/2026/00/00_108005-55_ja_JP.html"
"1085","後期","後期","水4","108005-56","日本語表現3","三井 裕美","https://cssy.aasa.ac.jp/syllabusHtml/2026/00/00_108005-56_ja_JP.html"
"1086","後期","後期","金3","108005-57","日本語表現3","市川 遥","https://cssy.aasa.ac.jp/syllabusHtml/2026/00/00_108005-57_ja_JP.html"
"1087","後期","後期","水1","109010-52","日本語教材研究","梶川 しのぶ","https://cssy.aasa.ac.jp/syllabusHtml/2026/00/00_109010-52_ja_JP.html"
"1088","後期","後期","火1","109011-52","日本語教授法1","村瀬 由佳","https://cssy.aasa.ac.jp/syllabusHtml/2026/00/00_109011-52_ja_JP.html"
"1089","後期","後期","水5","109011-53","日本語教授法1","村瀬 由佳","https://cssy.aasa.ac.jp/syllabusHtml/2026/00/00_109011-53_ja_JP.html"
"1090","後期","後期","木5","109012-53","日本語教授法2","小川 満梨奈","https://cssy.aasa.ac.jp/syllabusHtml/2026/00/00_109012-53_ja_JP.html"
"1091","後期","後期","金1","109013-52","日本語教授法3","中林 律子","https://cssy.aasa.ac.jp/syllabusHtml/2026/00/00_109013-52_ja_JP.html"
"1092","後期","後期","木1","109014-53","日本語教授法4","宮口 徹也","https://cssy.aasa.ac.jp/syllabusHtml/2026/00/00_109014-53_ja_JP.html"
"1093","後期","後期","他","109015-52","日本語教育実習(国内)","中林 律子 宮口 徹也","https://cssy.aasa.ac.jp/syllabusHtml/2026/00/00_109015-52_ja_JP.html"
"1094","後期","後期","他","110003-01","英語海外セミナーⅢ","熊澤 友紀子","https://cssy.aasa.ac.jp/syllabusHtml/2026/00/00_110003-01_ja_JP.html"
"1095","後期","後期","木3","110010-01","Traditional Arts in Japan","熊澤 友紀子 二村 慎一 若山 真幸","https://cssy.aasa.ac.jp/syllabusHtml/2026/00/00_110010-01_ja_JP.html"
"1096","後期","後期","木2","110010-51","Traditional Arts in Japan","熊澤 友紀子 福本 明子 檞 茉佑保 李 承珉","https://cssy.aasa.ac.jp/syllabusHtml/2026/00/00_110010-51_ja_JP.html"
"1097","後期","後期","他","110015-01","中国語海外セミナーⅠ","馮 富榮","https://cssy.aasa.ac.jp/syllabusHtml/2026/00/00_110015-01_ja_JP.html"
"1098","後期","後期","火5","110017-51","海外アクティブラーニング入門","熊澤 友紀子","https://cssy.aasa.ac.jp/syllabusHtml/2026/00/00_110017-51_ja_JP.html"
"1099","後期","後期","他","110018-01","海外アクティブラーニング研修","熊澤 友紀子","https://cssy.aasa.ac.jp/syllabusHtml/2026/00/00_110018-01_ja_JP.html"
"1100","後期","後期","木3","110019-01","Globalization and Society","熊澤 友紀子 二村 慎一 若山 真幸","https://cssy.aasa.ac.jp/syllabusHtml/2026/00/00_110019-01_ja_JP.html"
"1101","後期","後期","木2","110019-51","Globalization and Society","熊澤 友紀子 福本 明子 檞 茉佑保 李 承珉","https://cssy.aasa.ac.jp/syllabusHtml/2026/00/00_110019-51_ja_JP.html"
"1102","後期","後期","木1","110021-51","English for Study AbroadⅡ","外部講師(アルク)","https://cssy.aasa.ac.jp/syllabusHtml/2026/00/00_110021-51_ja_JP.html"
"1103","後期","後期","金2","110054-52","日本語非母語話者のためのアカデミック・ライティングⅡ","中林 律子","https://cssy.aasa.ac.jp/syllabusHtml/2026/00/00_110054-52_ja_JP.html"
"1104","後期","後期","月3,木3","110055-52","入門日本語A","小川 満梨奈 梶川 しのぶ","https://cssy.aasa.ac.jp/syllabusHtml/2026/00/00_110055-52_ja_JP.html"
"1105","後期","後期","月3,水3","110056-52","入門日本語B","小川 満梨奈 鈴木 かおり","https://cssy.aasa.ac.jp/syllabusHtml/2026/00/00_110056-52_ja_JP.html"
"1106","後期","後期","水4","110058-51","N1対策講座Ⅱ","村瀬 由佳","https://cssy.aasa.ac.jp/syllabusHtml/2026/00/00_110058-51_ja_JP.html"
"1107","後期","後期","水2","110201-06","CCCスタートアップ講座","黄 璐","https://cssy.aasa.ac.jp/syllabusHtml/2026/00/00_110201-06_ja_JP.html"
"1108","後期","後期","木1","110201-07","CCCスタートアップ講座","岡田 守弘","https://cssy.aasa.ac.jp/syllabusHtml/2026/00/00_110201-07_ja_JP.html"
"1109","後期","後期","木2","110201-08","CCCスタートアップ講座","岡田 守弘","https://cssy.aasa.ac.jp/syllabusHtml/2026/00/00_110201-08_ja_JP.html"
"1110","後期","後期","金2","110201-09","CCCスタートアップ講座","黄 璐","https://cssy.aasa.ac.jp/syllabusHtml/2026/00/00_110201-09_ja_JP.html"
"1111","後期","後期","金4","110201-10","CCCスタートアップ講座","黄 璐","https://cssy.aasa.ac.jp/syllabusHtml/2026/00/00_110201-10_ja_JP.html"
"1112","後期","後期","水2","110201-53","CCCスタートアップ講座","岡田 守弘","https://cssy.aasa.ac.jp/syllabusHtml/2026/00/00_110201-53_ja_JP.html"
"1113","後期","後期","水4","110202-02","ボランティア","黄 璐","https://cssy.aasa.ac.jp/syllabusHtml/2026/00/00_110202-02_ja_JP.html"
"1114","後期","後期","木3","110202-03","ボランティア","岡田 守弘","https://cssy.aasa.ac.jp/syllabusHtml/2026/00/00_110202-03_ja_JP.html"
"1115","後期","後期","火2","110203-01","障がい者支援ボランティア","荒賀 博志","https://cssy.aasa.ac.jp/syllabusHtml/2026/00/00_110203-01_ja_JP.html"
"1116","後期","後期","火2","110204-51","企画立案の基礎","藤井 勉","https://cssy.aasa.ac.jp/syllabusHtml/2026/00/00_110204-51_ja_JP.html"
"1117","後期","後期","木4","110206-02","ファシリテーター養成講座","岡田 守弘","https://cssy.aasa.ac.jp/syllabusHtml/2026/00/00_110206-02_ja_JP.html"
"1118","後期","後期","木4","110206-52","ファシリテーター養成講座","黄 璐","https://cssy.aasa.ac.jp/syllabusHtml/2026/00/00_110206-52_ja_JP.html"
"1119","後期","後期","水1","110208-51","CCCキズナプロジェクトB","岡田 守弘","https://cssy.aasa.ac.jp/syllabusHtml/2026/00/00_110208-51_ja_JP.html"
"1120","後期","後期","金3","110209-01","まちづくりと地域活動","黄 璐","https://cssy.aasa.ac.jp/syllabusHtml/2026/00/00_110209-01_ja_JP.html"
"1121","後期","後期","火1","110401-03","キャリアに役立つ数学力(基礎)","外部講師(PSES)","https://cssy.aasa.ac.jp/syllabusHtml/2026/00/00_110401-03_ja_JP.html"
"1122","後期","後期","火2","110401-04","キャリアに役立つ数学力(基礎)","外部講師(PSES)","https://cssy.aasa.ac.jp/syllabusHtml/2026/00/00_110401-04_ja_JP.html"
"1123","後期","後期","月3","110401-53","キャリアに役立つ数学力(基礎)","外部講師(大原学園) キャリア","https://cssy.aasa.ac.jp/syllabusHtml/2026/00/00_110401-53_ja_JP.html"
"1124","後期","後期","月4","110401-54","キャリアに役立つ数学力(基礎)","外部講師(大原学園) キャリア","https://cssy.aasa.ac.jp/syllabusHtml/2026/00/00_110401-54_ja_JP.html"
"1125","後期","後期","金1","110402-03","キャリアに役立つ数学力(実践)","外部講師(PSES)","https://cssy.aasa.ac.jp/syllabusHtml/2026/00/00_110402-03_ja_JP.html"
"1126","後期","後期","金2","110402-04","キャリアに役立つ数学力(実践)","外部講師(PSES)","https://cssy.aasa.ac.jp/syllabusHtml/2026/00/00_110402-04_ja_JP.html"
"1127","後期","後期","木3","110402-53","キャリアに役立つ数学力(実践)","外部講師(大原学園) キャリア","https://cssy.aasa.ac.jp/syllabusHtml/2026/00/00_110402-53_ja_JP.html"
"1128","後期","後期","木4","110402-54","キャリアに役立つ数学力(実践)","外部講師(大原学園) キャリア","https://cssy.aasa.ac.jp/syllabusHtml/2026/00/00_110402-54_ja_JP.html"
"1129","後期","後期","火3","110403-07","インターンシップ概論","伊藤 華余子","https://cssy.aasa.ac.jp/syllabusHtml/2026/00/00_110403-07_ja_JP.html"
"1130","後期","後期","水3","110403-08","インターンシップ概論","藤岡 繭","https://cssy.aasa.ac.jp/syllabusHtml/2026/00/00_110403-08_ja_JP.html"
"1131","後期","後期","木3","110403-09","インターンシップ概論","上本 裕子","https://cssy.aasa.ac.jp/syllabusHtml/2026/00/00_110403-09_ja_JP.html"
"1132","後期","後期","金3","110403-10","インターンシップ概論","三井 裕美","https://cssy.aasa.ac.jp/syllabusHtml/2026/00/00_110403-10_ja_JP.html"
"1133","後期","後期","月2","110403-54","インターンシップ概論","上本 裕子","https://cssy.aasa.ac.jp/syllabusHtml/2026/00/00_110403-54_ja_JP.html"
"1134","後期","後期","木3","110403-55","インターンシップ概論","伊藤 華余子","https://cssy.aasa.ac.jp/syllabusHtml/2026/00/00_110403-55_ja_JP.html"
"1135","後期","後期","金3","110403-56","インターンシップ概論","稲葉 直子","https://cssy.aasa.ac.jp/syllabusHtml/2026/00/00_110403-56_ja_JP.html"
"1136","後期","後期","木2","110408-01","新社会人の基礎","上本 裕子","https://cssy.aasa.ac.jp/syllabusHtml/2026/00/00_110408-01_ja_JP.html"
"1137","後期","後期","木4","110408-02","新社会人の基礎","上本 裕子","https://cssy.aasa.ac.jp/syllabusHtml/2026/00/00_110408-02_ja_JP.html"
"1138","後期","後期","月3","110408-51","新社会人の基礎","上本 裕子","https://cssy.aasa.ac.jp/syllabusHtml/2026/00/00_110408-51_ja_JP.html"
"1139","後期","後期","月4","110408-52","新社会人の基礎","上本 裕子","https://cssy.aasa.ac.jp/syllabusHtml/2026/00/00_110408-52_ja_JP.html"
"1140","後期","後期","月3","110409-05","キャリアの形成","樋口 貴子","https://cssy.aasa.ac.jp/syllabusHtml/2026/00/00_110409-05_ja_JP.html"
"1141","後期","後期","火2","110409-06","キャリアの形成","藤岡 繭","https://cssy.aasa.ac.jp/syllabusHtml/2026/00/00_110409-06_ja_JP.html"
"1142","後期","後期","水1","110409-07","キャリアの形成","藤岡 繭","https://cssy.aasa.ac.jp/syllabusHtml/2026/00/00_110409-07_ja_JP.html"
"1143","後期","後期","月2","110409-53","キャリアの形成","樋口 貴子","https://cssy.aasa.ac.jp/syllabusHtml/2026/00/00_110409-53_ja_JP.html"
"1144","後期","後期","木1","110409-54","キャリアの形成","伊藤 華余子","https://cssy.aasa.ac.jp/syllabusHtml/2026/00/00_110409-54_ja_JP.html"
"1145","後期","後期","他","110410-02","インターンシップ・就業実践","藤岡 繭 伊藤 華余子","https://cssy.aasa.ac.jp/syllabusHtml/2026/00/00_110410-02_ja_JP.html"
"1146","後期","後期","他","110411-02","海外インターンシップ・就業実践","伊藤 華余子 藤岡 繭","https://cssy.aasa.ac.jp/syllabusHtml/2026/00/00_110411-02_ja_JP.html"
"1147","後期","後期","月1","110601-04","日常生活とダイバーシティ","中村 奈津子","https://cssy.aasa.ac.jp/syllabusHtml/2026/00/00_110601-04_ja_JP.html"
"1148","後期","後期","月2","110601-05","日常生活とダイバーシティ","中村 奈津子","https://cssy.aasa.ac.jp/syllabusHtml/2026/00/00_110601-05_ja_JP.html"
"1149","後期","後期","月4","110601-06","日常生活とダイバーシティ","石河 敦子","https://cssy.aasa.ac.jp/syllabusHtml/2026/00/00_110601-06_ja_JP.html"
"1150","後期","後期","火3","110601-09","日常生活とダイバーシティ","山中 海瑠","https://cssy.aasa.ac.jp/syllabusHtml/2026/00/00_110601-09_ja_JP.html"
"1151","後期","後期","火4","110601-10","日常生活とダイバーシティ","山中 海瑠","https://cssy.aasa.ac.jp/syllabusHtml/2026/00/00_110601-10_ja_JP.html"
"1152","後期","後期","木4","110601-53","日常生活とダイバーシティ","石河 敦子","https://cssy.aasa.ac.jp/syllabusHtml/2026/00/00_110601-53_ja_JP.html"
"1153","後期","後期","金3","110601-54","日常生活とダイバーシティ","中村 奈津子","https://cssy.aasa.ac.jp/syllabusHtml/2026/00/00_110601-54_ja_JP.html"
"1154","後期","後期","火2","110602-03","大学生のためのダイバーシティ入門","反橋 一憲","https://cssy.aasa.ac.jp/syllabusHtml/2026/00/00_110602-03_ja_JP.html"
"1155","後期","後期","金3","110602-04","大学生のためのダイバーシティ入門","中島 美幸","https://cssy.aasa.ac.jp/syllabusHtml/2026/00/00_110602-04_ja_JP.html"
"1156","後期","後期","木3","110602-07","大学生のためのダイバーシティ入門","山中 海瑠","https://cssy.aasa.ac.jp/syllabusHtml/2026/00/00_110602-07_ja_JP.html"
"1157","後期","後期","木4","110602-08","大学生のためのダイバーシティ入門","山中 海瑠","https://cssy.aasa.ac.jp/syllabusHtml/2026/00/00_110602-08_ja_JP.html"
"1158","後期","後期","月2","110602-53","大学生のためのダイバーシティ入門","中島 美幸","https://cssy.aasa.ac.jp/syllabusHtml/2026/00/00_110602-53_ja_JP.html"
"1159","後期","後期","火3","110602-54","大学生のためのダイバーシティ入門","早野 実花","https://cssy.aasa.ac.jp/syllabusHtml/2026/00/00_110602-54_ja_JP.html"
"1160","後期","後期","火1","110603-02","ダイバーシティ研究法概論","反橋 一憲","https://cssy.aasa.ac.jp/syllabusHtml/2026/00/00_110603-02_ja_JP.html"
"1161","後期","後期","火1","110603-52","ダイバーシティ研究法概論","鈴木 崇夫","https://cssy.aasa.ac.jp/syllabusHtml/2026/00/00_110603-52_ja_JP.html"
"1162","後期","後期","水4","110604-01","ダイバーシティ研究法演習","鈴木 崇夫","https://cssy.aasa.ac.jp/syllabusHtml/2026/00/00_110604-01_ja_JP.html"
"1163","後期","後期","金2","110604-02","ダイバーシティ研究法演習","山中 海瑠","https://cssy.aasa.ac.jp/syllabusHtml/2026/00/00_110604-02_ja_JP.html"
"1164","後期","後期","水1","110604-51","ダイバーシティ研究法演習","反橋 一憲","https://cssy.aasa.ac.jp/syllabusHtml/2026/00/00_110604-51_ja_JP.html"
"1165","後期","後期","他","110605-02","ダイバーシティ関係行政論 [M]","森 絵里","https://cssy.aasa.ac.jp/syllabusHtml/2026/00/00_110605-02_ja_JP.html"
"1166","後期","後期","他","110605-52","ダイバーシティ関係行政論 [M]","森 絵里","https://cssy.aasa.ac.jp/syllabusHtml/2026/00/00_110605-52_ja_JP.html"
"1167","後期","後期","金2","110608-51","セクシュアリティとメディア","藤井 誠二","https://cssy.aasa.ac.jp/syllabusHtml/2026/00/00_110608-51_ja_JP.html"
"1168","後期","後期","他","110609-01","思想としてのフェミニズム","綾部 六郎","https://cssy.aasa.ac.jp/syllabusHtml/2026/00/00_110609-01_ja_JP.html"
"1169","後期","後期","月4,5,木4,5","113001-02","初級簿記(3級程度) *基礎総合","外部講師(大原学園) 会計","https://cssy.aasa.ac.jp/syllabusHtml/2026/00/00_113001-02_ja_JP.html"
"1170","後期","後期","金4,5","113001-03","初級簿記(3級程度) *基礎総合","外部講師(大原学園) 会計","https://cssy.aasa.ac.jp/syllabusHtml/2026/00/00_113001-03_ja_JP.html"
"1171","後期","後期","火5,6,金5,6","113001-53","初級簿記(3級程度) *基礎総合","外部講師(大原学園) 会計","https://cssy.aasa.ac.jp/syllabusHtml/2026/00/00_113001-53_ja_JP.html"
"1172","後期","後期","月5,6,木5,6","113002-52","中級簿記(2級程度)A *商業簿記","外部講師(大原学園) 会計","https://cssy.aasa.ac.jp/syllabusHtml/2026/00/00_113002-52_ja_JP.html"
"1173","後期","後期","月5,6,木5,6","113003-52","中級簿記(2級程度)B *工業簿記","外部講師(大原学園) 会計","https://cssy.aasa.ac.jp/syllabusHtml/2026/00/00_113003-52_ja_JP.html"
"1174","後期","後期","水5,6,他","113004-52","中級簿記(2級程度)C *実践(試験直前対策)","外部講師(大原学園) 会計","https://cssy.aasa.ac.jp/syllabusHtml/2026/00/00_113004-52_ja_JP.html"
"1175","後期","後期","火5,6,木5,6","113009-51","上級簿記(1級程度)E *実践(試験直前対策)","外部講師(大原学園) 会計","https://cssy.aasa.ac.jp/syllabusHtml/2026/00/00_113009-51_ja_JP.html"
"1176","後期","後期","月5,6","113011-52","中級簿記演習A *商業簿記","外部講師(大原学園) 会計","https://cssy.aasa.ac.jp/syllabusHtml/2026/00/00_113011-52_ja_JP.html"
"1177","後期","後期","木5,6","113012-52","中級簿記演習B *工業簿記","外部講師(大原学園) 会計","https://cssy.aasa.ac.jp/syllabusHtml/2026/00/00_113012-52_ja_JP.html"
"1178","前期","前期","他","125041-01","人間探究","中野 謙一 吉田 竜也 小沢 茂 野井 未加 橋本 あゆみ 白石 朝子 藤本 恭子 塩山 貴奈","https://cssy.aasa.ac.jp/syllabusHtml/2026/10/10_125041-01_ja_JP.html"
"1179","前期","前期","他","125041-02","人間探究","中野 謙一 二村 慎一 小沢 茂 野井 未加 橋本 あゆみ 白石 朝子 藤本 恭子 塩山 貴奈","https://cssy.aasa.ac.jp/syllabusHtml/2026/10/10_125041-02_ja_JP.html"
"1180","前期","前期","水1","030021-01","国文学史(1)a","深谷 大","https://cssy.aasa.ac.jp/syllabusHtml/2026/1010/1010_030021-01_ja_JP.html"
"1181","前期","前期","木3","030021-02","国文学史(1)a","篗田 将樹","https://cssy.aasa.ac.jp/syllabusHtml/2026/1010/1010_030021-02_ja_JP.html"
"1182","前期","前期","木4","030021-03","国文学史(1)a","篗田 将樹","https://cssy.aasa.ac.jp/syllabusHtml/2026/1010/1010_030021-03_ja_JP.html"
"1183","前期","前期","金1","030021-04","国文学史(1)a","篗田 将樹","https://cssy.aasa.ac.jp/syllabusHtml/2026/1010/1010_030021-04_ja_JP.html"
"1184","前期","前期","金2","030021-05","国文学史(1)a","篗田 将樹","https://cssy.aasa.ac.jp/syllabusHtml/2026/1010/1010_030021-05_ja_JP.html"
"1185","後期","後期","金2","030022-01","国文学史(1)b","篗田 将樹","https://cssy.aasa.ac.jp/syllabusHtml/2026/1010/1010_030022-01_ja_JP.html"
"1186","後期","後期","金3","030022-02","国文学史(1)b","篗田 将樹","https://cssy.aasa.ac.jp/syllabusHtml/2026/1010/1010_030022-02_ja_JP.html"
"1187","前期","前期","木1","030031-01","国文学史(2)a","小倉 斉","https://cssy.aasa.ac.jp/syllabusHtml/2026/1010/1010_030031-01_ja_JP.html"
"1188","後期","後期","木1","030031-02","国文学史(2)a","小倉 斉","https://cssy.aasa.ac.jp/syllabusHtml/2026/1010/1010_030031-02_ja_JP.html"
"1189","前期","前期","水1","030032-01","国文学史(2)b","橋本 あゆみ","https://cssy.aasa.ac.jp/syllabusHtml/2026/1010/1010_030032-01_ja_JP.html"
"1190","後期","後期","水1","030032-02","国文学史(2)b","橋本 あゆみ","https://cssy.aasa.ac.jp/syllabusHtml/2026/1010/1010_030032-02_ja_JP.html"
"1191","前期","前期","水3","030101-01","国語学演習Ⅰ(2)a","吉田 健二","https://cssy.aasa.ac.jp/syllabusHtml/2026/1010/1010_030101-01_ja_JP.html"
"1192","後期","後期","水3","030102-01","国語学演習Ⅰ(2)b","吉田 健二","https://cssy.aasa.ac.jp/syllabusHtml/2026/1010/1010_030102-01_ja_JP.html"
"1193","前期","前期","火1","030131-01","文章表現a","佐々木 亜紀子","https://cssy.aasa.ac.jp/syllabusHtml/2026/1010/1010_030131-01_ja_JP.html"
"1194","前期","前期","火1","030131-02","文章表現a","松原 久子","https://cssy.aasa.ac.jp/syllabusHtml/2026/1010/1010_030131-02_ja_JP.html"
"1195","前期","前期","火2","030131-03","文章表現a","佐々木 亜紀子","https://cssy.aasa.ac.jp/syllabusHtml/2026/1010/1010_030131-03_ja_JP.html"
"1196","前期","前期","木1","030131-04","文章表現a","佐々木 亜紀子","https://cssy.aasa.ac.jp/syllabusHtml/2026/1010/1010_030131-04_ja_JP.html"
"1197","前期","前期","木2","030131-05","文章表現a","佐々木 亜紀子","https://cssy.aasa.ac.jp/syllabusHtml/2026/1010/1010_030131-05_ja_JP.html"
"1198","後期","後期","火1","030132-01","文章表現b","佐々木 亜紀子","https://cssy.aasa.ac.jp/syllabusHtml/2026/1010/1010_030132-01_ja_JP.html"
"1199","後期","後期","火1","030132-02","文章表現b","松原 久子","https://cssy.aasa.ac.jp/syllabusHtml/2026/1010/1010_030132-02_ja_JP.html"
"1200","後期","後期","火2","030132-03","文章表現b","佐々木 亜紀子","https://cssy.aasa.ac.jp/syllabusHtml/2026/1010/1010_030132-03_ja_JP.html"
"1201","後期","後期","木1","030132-04","文章表現b","佐々木 亜紀子","https://cssy.aasa.ac.jp/syllabusHtml/2026/1010/1010_030132-04_ja_JP.html"
"1202","後期","後期","木2","030132-05","文章表現b","佐々木 亜紀子","https://cssy.aasa.ac.jp/syllabusHtml/2026/1010/1010_030132-05_ja_JP.html"
"1203","前期","通年","他","030250-01","卒業論文","吉田 竜也","https://cssy.aasa.ac.jp/syllabusHtml/2026/1010/1010_030250-01_ja_JP.html"
"1204","前期","前期","他","030250-02","卒業論文","吉田 竜也","https://cssy.aasa.ac.jp/syllabusHtml/2026/1010/1010_030250-02_ja_JP.html"
"1205","前期","前期","月1","030281-01","国文学講義(1)上代a","中野 謙一","https://cssy.aasa.ac.jp/syllabusHtml/2026/1010/1010_030281-01_ja_JP.html"
"1206","前期","前期","月2","030281-02","国文学講義(1)上代a","中野 謙一","https://cssy.aasa.ac.jp/syllabusHtml/2026/1010/1010_030281-02_ja_JP.html"
"1207","後期","後期","月1","030282-01","国文学講義(1)上代b","中野 謙一","https://cssy.aasa.ac.jp/syllabusHtml/2026/1010/1010_030282-01_ja_JP.html"
"1208","後期","後期","月2","030282-02","国文学講義(1)上代b","中野 謙一","https://cssy.aasa.ac.jp/syllabusHtml/2026/1010/1010_030282-02_ja_JP.html"
"1209","前期","前期","金2","030291-01","国文学講義(2)中古a","外山 敦子","https://cssy.aasa.ac.jp/syllabusHtml/2026/1010/1010_030291-01_ja_JP.html"
"1210","前期","前期","金3","030291-02","国文学講義(2)中古a","外山 敦子","https://cssy.aasa.ac.jp/syllabusHtml/2026/1010/1010_030291-02_ja_JP.html"
"1211","後期","後期","金2","030292-01","国文学講義(2)中古b","外山 敦子","https://cssy.aasa.ac.jp/syllabusHtml/2026/1010/1010_030292-01_ja_JP.html"
"1212","後期","後期","金3","030292-02","国文学講義(2)中古b","外山 敦子","https://cssy.aasa.ac.jp/syllabusHtml/2026/1010/1010_030292-02_ja_JP.html"
"1213","前期","前期","木3","030301-01","国文学講義(3)中世a","有賀 夏紀","https://cssy.aasa.ac.jp/syllabusHtml/2026/1010/1010_030301-01_ja_JP.html"
"1214","前期","前期","木4","030301-02","国文学講義(3)中世a","有賀 夏紀","https://cssy.aasa.ac.jp/syllabusHtml/2026/1010/1010_030301-02_ja_JP.html"
"1215","後期","後期","木3","030302-01","国文学講義(3)中世b","有賀 夏紀","https://cssy.aasa.ac.jp/syllabusHtml/2026/1010/1010_030302-01_ja_JP.html"
"1216","後期","後期","木4","030302-02","国文学講義(3)中世b","有賀 夏紀","https://cssy.aasa.ac.jp/syllabusHtml/2026/1010/1010_030302-02_ja_JP.html"
"1217","前期","前期","火3","030311-01","国文学講義(4)近世a","松波 伸浩","https://cssy.aasa.ac.jp/syllabusHtml/2026/1010/1010_030311-01_ja_JP.html"
"1218","前期","前期","火4","030311-02","国文学講義(4)近世a","松波 伸浩","https://cssy.aasa.ac.jp/syllabusHtml/2026/1010/1010_030311-02_ja_JP.html"
"1219","後期","後期","火3","030312-01","国文学講義(4)近世b","松波 伸浩","https://cssy.aasa.ac.jp/syllabusHtml/2026/1010/1010_030312-01_ja_JP.html"
"1220","後期","後期","火4","030312-02","国文学講義(4)近世b","松波 伸浩","https://cssy.aasa.ac.jp/syllabusHtml/2026/1010/1010_030312-02_ja_JP.html"
"1221","前期","前期","月1","030323-01","国文学講義(5)近代Ⅰa","吉田 竜也","https://cssy.aasa.ac.jp/syllabusHtml/2026/1010/1010_030323-01_ja_JP.html"
"1222","前期","前期","水1","030323-02","国文学講義(5)近代Ⅰa","吉田 竜也","https://cssy.aasa.ac.jp/syllabusHtml/2026/1010/1010_030323-02_ja_JP.html"
"1223","後期","後期","月1","030324-01","国文学講義(5)近代Ⅰb","吉田 竜也","https://cssy.aasa.ac.jp/syllabusHtml/2026/1010/1010_030324-01_ja_JP.html"
"1224","後期","後期","水1","030324-02","国文学講義(5)近代Ⅰb","吉田 竜也","https://cssy.aasa.ac.jp/syllabusHtml/2026/1010/1010_030324-02_ja_JP.html"
"1225","前期","前期","火1","030391-01","国文学概論a","野間 颯","https://cssy.aasa.ac.jp/syllabusHtml/2026/1010/1010_030391-01_ja_JP.html"
"1226","前期","前期","火2","030391-02","国文学概論a","野間 颯","https://cssy.aasa.ac.jp/syllabusHtml/2026/1010/1010_030391-02_ja_JP.html"
"1227","前期","前期","火4","030391-03","国文学概論a","野間 颯","https://cssy.aasa.ac.jp/syllabusHtml/2026/1010/1010_030391-03_ja_JP.html"
"1228","前期","前期","水2","030391-04","国文学概論a","野間 颯","https://cssy.aasa.ac.jp/syllabusHtml/2026/1010/1010_030391-04_ja_JP.html"
"1229","前期","前期","水3","030391-05","国文学概論a","野間 颯","https://cssy.aasa.ac.jp/syllabusHtml/2026/1010/1010_030391-05_ja_JP.html"
"1230","前期","前期","木1","030391-06","国文学概論a","野間 颯","https://cssy.aasa.ac.jp/syllabusHtml/2026/1010/1010_030391-06_ja_JP.html"
"1231","前期","前期","木1","030391-07","国文学概論a","亀田 夕佳","https://cssy.aasa.ac.jp/syllabusHtml/2026/1010/1010_030391-07_ja_JP.html"
"1232","前期","前期","金1","030391-08","国文学概論a","野間 颯","https://cssy.aasa.ac.jp/syllabusHtml/2026/1010/1010_030391-08_ja_JP.html"
"1233","前期","前期","金2","030391-09","国文学概論a","野間 颯","https://cssy.aasa.ac.jp/syllabusHtml/2026/1010/1010_030391-09_ja_JP.html"
"1234","後期","後期","火1","030392-01","国文学概論b","野間 颯","https://cssy.aasa.ac.jp/syllabusHtml/2026/1010/1010_030392-01_ja_JP.html"
"1235","後期","後期","火2","030392-02","国文学概論b","野間 颯","https://cssy.aasa.ac.jp/syllabusHtml/2026/1010/1010_030392-02_ja_JP.html"
"1236","後期","後期","火4","030392-03","国文学概論b","野間 颯","https://cssy.aasa.ac.jp/syllabusHtml/2026/1010/1010_030392-03_ja_JP.html"
"1237","後期","後期","水2","030392-04","国文学概論b","野間 颯","https://cssy.aasa.ac.jp/syllabusHtml/2026/1010/1010_030392-04_ja_JP.html"
"1238","後期","後期","水3","030392-05","国文学概論b","野間 颯","https://cssy.aasa.ac.jp/syllabusHtml/2026/1010/1010_030392-05_ja_JP.html"
"1239","後期","後期","木1","030392-06","国文学概論b","野間 颯","https://cssy.aasa.ac.jp/syllabusHtml/2026/1010/1010_030392-06_ja_JP.html"
"1240","後期","後期","木1","030392-07","国文学概論b","亀田 夕佳","https://cssy.aasa.ac.jp/syllabusHtml/2026/1010/1010_030392-07_ja_JP.html"
"1241","後期","後期","金1","030392-08","国文学概論b","野間 颯","https://cssy.aasa.ac.jp/syllabusHtml/2026/1010/1010_030392-08_ja_JP.html"
"1242","後期","後期","金2","030392-09","国文学概論b","野間 颯","https://cssy.aasa.ac.jp/syllabusHtml/2026/1010/1010_030392-09_ja_JP.html"
"1243","前期","前期","月5","030481-01","国文学特殊講義 仏教文学a","三好 俊徳","https://cssy.aasa.ac.jp/syllabusHtml/2026/1010/1010_030481-01_ja_JP.html"
"1244","後期","後期","月5","030482-01","国文学特殊講義 仏教文学b","三好 俊徳","https://cssy.aasa.ac.jp/syllabusHtml/2026/1010/1010_030482-01_ja_JP.html"
"1245","前期","前期","水5","030501-01","国語概説(音声言語及び文章表現を含む)a","吉田 健二","https://cssy.aasa.ac.jp/syllabusHtml/2026/1010/1010_030501-01_ja_JP.html"
"1246","前期","前期","金1","030501-02","国語概説(音声言語及び文章表現を含む)a","増井 典夫","https://cssy.aasa.ac.jp/syllabusHtml/2026/1010/1010_030501-02_ja_JP.html"
"1247","前期","前期","金2","030501-03","国語概説(音声言語及び文章表現を含む)a","増井 典夫","https://cssy.aasa.ac.jp/syllabusHtml/2026/1010/1010_030501-03_ja_JP.html"
"1248","後期","後期","水5","030502-01","国語概説(音声言語及び文章表現を含む)b","吉田 健二","https://cssy.aasa.ac.jp/syllabusHtml/2026/1010/1010_030502-01_ja_JP.html"
"1249","後期","後期","金1","030502-02","国語概説(音声言語及び文章表現を含む)b","増井 典夫","https://cssy.aasa.ac.jp/syllabusHtml/2026/1010/1010_030502-02_ja_JP.html"
"1250","後期","後期","金2","030502-03","国語概説(音声言語及び文章表現を含む)b","増井 典夫","https://cssy.aasa.ac.jp/syllabusHtml/2026/1010/1010_030502-03_ja_JP.html"
"1251","前期","前期","月3","030711-01","書道(書写を中心とする)a","小坂 克子","https://cssy.aasa.ac.jp/syllabusHtml/2026/1010/1010_030711-01_ja_JP.html"
"1252","前期","前期","月4","030711-02","書道(書写を中心とする)a","小坂 克子","https://cssy.aasa.ac.jp/syllabusHtml/2026/1010/1010_030711-02_ja_JP.html"
"1253","前期","前期","金4","030711-03","書道(書写を中心とする)a","高桑 康","https://cssy.aasa.ac.jp/syllabusHtml/2026/1010/1010_030711-03_ja_JP.html"
"1254","後期","後期","月3","030712-01","書道(書写を中心とする)b","小坂 克子","https://cssy.aasa.ac.jp/syllabusHtml/2026/1010/1010_030712-01_ja_JP.html"
"1255","後期","後期","月4","030712-02","書道(書写を中心とする)b","小坂 克子","https://cssy.aasa.ac.jp/syllabusHtml/2026/1010/1010_030712-02_ja_JP.html"
"1256","後期","後期","金4","030712-03","書道(書写を中心とする)b","高桑 康","https://cssy.aasa.ac.jp/syllabusHtml/2026/1010/1010_030712-03_ja_JP.html"
"1257","前期","前期","水1","030721-01","中国文学講義a","住谷 孝之","https://cssy.aasa.ac.jp/syllabusHtml/2026/1010/1010_030721-01_ja_JP.html"
"1258","前期","前期","水2","030721-02","中国文学講義a","住谷 孝之","https://cssy.aasa.ac.jp/syllabusHtml/2026/1010/1010_030721-02_ja_JP.html"
"1259","前期","前期","木5","030721-03","中国文学講義a","河井 昭乃","https://cssy.aasa.ac.jp/syllabusHtml/2026/1010/1010_030721-03_ja_JP.html"
"1260","後期","後期","水1","030722-01","中国文学講義b","住谷 孝之","https://cssy.aasa.ac.jp/syllabusHtml/2026/1010/1010_030722-01_ja_JP.html"
"1261","後期","後期","水2","030722-02","中国文学講義b","住谷 孝之","https://cssy.aasa.ac.jp/syllabusHtml/2026/1010/1010_030722-02_ja_JP.html"
"1262","後期","後期","木4","030722-03","中国文学講義b","河井 昭乃","https://cssy.aasa.ac.jp/syllabusHtml/2026/1010/1010_030722-03_ja_JP.html"
"1263","前期","前期","水3","030741-01","国文学演習Ⅰ(1)上代a","中野 謙一","https://cssy.aasa.ac.jp/syllabusHtml/2026/1010/1010_030741-01_ja_JP.html"
"1264","後期","後期","水3","030742-01","国文学演習Ⅰ(1)上代b","中野 謙一","https://cssy.aasa.ac.jp/syllabusHtml/2026/1010/1010_030742-01_ja_JP.html"
"1265","前期","前期","水3","030751-01","国文学演習Ⅰ(2)中古a","外山 敦子","https://cssy.aasa.ac.jp/syllabusHtml/2026/1010/1010_030751-01_ja_JP.html"
"1266","後期","後期","水3","030752-01","国文学演習Ⅰ(2)中古b","外山 敦子","https://cssy.aasa.ac.jp/syllabusHtml/2026/1010/1010_030752-01_ja_JP.html"
"1267","前期","前期","水2","030761-01","国文学演習Ⅰ(3)中世a","有賀 夏紀","https://cssy.aasa.ac.jp/syllabusHtml/2026/1010/1010_030761-01_ja_JP.html"
"1268","後期","後期","水2","030762-01","国文学演習Ⅰ(3)中世b","有賀 夏紀","https://cssy.aasa.ac.jp/syllabusHtml/2026/1010/1010_030762-01_ja_JP.html"
"1269","前期","前期","水2","030771-01","国文学演習Ⅰ(4)近世a","早川 由美","https://cssy.aasa.ac.jp/syllabusHtml/2026/1010/1010_030771-01_ja_JP.html"
"1270","後期","後期","水2","030772-01","国文学演習Ⅰ(4)近世b","早川 由美","https://cssy.aasa.ac.jp/syllabusHtml/2026/1010/1010_030772-01_ja_JP.html"
"1271","前期","前期","水3","030781-01","国文学演習Ⅰ(5)近・現代Ⅰa","吉田 竜也","https://cssy.aasa.ac.jp/syllabusHtml/2026/1010/1010_030781-01_ja_JP.html"
"1272","後期","後期","水3","030782-01","国文学演習Ⅰ(5)近・現代Ⅰb","吉田 竜也","https://cssy.aasa.ac.jp/syllabusHtml/2026/1010/1010_030782-01_ja_JP.html"
"1273","前期","前期","水2","030801-01","国語学演習Ⅰ(1)a","増井 典夫","https://cssy.aasa.ac.jp/syllabusHtml/2026/1010/1010_030801-01_ja_JP.html"
"1274","後期","後期","水2","030802-01","国語学演習Ⅰ(1)b","増井 典夫","https://cssy.aasa.ac.jp/syllabusHtml/2026/1010/1010_030802-01_ja_JP.html"
"1275","前期","前期","水4","030821-01","中国文学演習Ⅰa","中塚 亮","https://cssy.aasa.ac.jp/syllabusHtml/2026/1010/1010_030821-01_ja_JP.html"
"1276","後期","後期","火1","030822-01","中国文学演習Ⅰb","中塚 亮","https://cssy.aasa.ac.jp/syllabusHtml/2026/1010/1010_030822-01_ja_JP.html"
"1277","前期","前期","月4","030831-01","国文学演習Ⅱ(1)上代a","中野 謙一","https://cssy.aasa.ac.jp/syllabusHtml/2026/1010/1010_030831-01_ja_JP.html"
"1278","後期","後期","月4","030832-01","国文学演習Ⅱ(1)上代b","中野 謙一","https://cssy.aasa.ac.jp/syllabusHtml/2026/1010/1010_030832-01_ja_JP.html"
"1279","前期","前期","火4","030841-01","国文学演習Ⅱ(2)中古a","外山 敦子","https://cssy.aasa.ac.jp/syllabusHtml/2026/1010/1010_030841-01_ja_JP.html"
"1280","後期","後期","火4","030842-01","国文学演習Ⅱ(2)中古b","外山 敦子","https://cssy.aasa.ac.jp/syllabusHtml/2026/1010/1010_030842-01_ja_JP.html"
"1281","前期","前期","月4","030851-01","国文学演習Ⅱ(3)中世a","有賀 夏紀","https://cssy.aasa.ac.jp/syllabusHtml/2026/1010/1010_030851-01_ja_JP.html"
"1282","後期","後期","月4","030852-01","国文学演習Ⅱ(3)中世b","有賀 夏紀","https://cssy.aasa.ac.jp/syllabusHtml/2026/1010/1010_030852-01_ja_JP.html"
"1283","前期","前期","水3","030861-01","国文学演習Ⅱ(4)近世a","早川 由美","https://cssy.aasa.ac.jp/syllabusHtml/2026/1010/1010_030861-01_ja_JP.html"
"1284","後期","後期","水3","030862-01","国文学演習Ⅱ(4)近世b","早川 由美","https://cssy.aasa.ac.jp/syllabusHtml/2026/1010/1010_030862-01_ja_JP.html"
"1285","前期","前期","月4","030871-01","国文学演習Ⅱ(5)近・現代Ⅰa","吉田 竜也","https://cssy.aasa.ac.jp/syllabusHtml/2026/1010/1010_030871-01_ja_JP.html"
"1286","後期","後期","月4","030872-01","国文学演習Ⅱ(5)近・現代Ⅰb","吉田 竜也","https://cssy.aasa.ac.jp/syllabusHtml/2026/1010/1010_030872-01_ja_JP.html"
"1287","前期","前期","火4","030881-01","国文学演習Ⅱ(6)近・現代Ⅱa","竹内 瑞穂","https://cssy.aasa.ac.jp/syllabusHtml/2026/1010/1010_030881-01_ja_JP.html"
"1288","後期","後期","火4","030882-01","国文学演習Ⅱ(6)近・現代Ⅱb","竹内 瑞穂","https://cssy.aasa.ac.jp/syllabusHtml/2026/1010/1010_030882-01_ja_JP.html"
"1289","前期","前期","火4","030882-02","国文学演習Ⅱ(6)近・現代Ⅱb","竹内 瑞穂","https://cssy.aasa.ac.jp/syllabusHtml/2026/1010/1010_030882-02_ja_JP.html"
"1290","前期","前期","火4","030891-01","国語学演習Ⅱ(1)a","増井 典夫","https://cssy.aasa.ac.jp/syllabusHtml/2026/1010/1010_030891-01_ja_JP.html"
"1291","後期","後期","火4","030892-01","国語学演習Ⅱ(1)b","増井 典夫","https://cssy.aasa.ac.jp/syllabusHtml/2026/1010/1010_030892-01_ja_JP.html"
"1292","前期","前期","月4","030893-01","国語学演習Ⅱ(2)a","吉田 健二","https://cssy.aasa.ac.jp/syllabusHtml/2026/1010/1010_030893-01_ja_JP.html"
"1293","後期","後期","月4","030894-01","国語学演習Ⅱ(2)b","吉田 健二","https://cssy.aasa.ac.jp/syllabusHtml/2026/1010/1010_030894-01_ja_JP.html"
"1294","前期","前期","火4","030911-01","中国文学演習Ⅱa","中塚 亮","https://cssy.aasa.ac.jp/syllabusHtml/2026/1010/1010_030911-01_ja_JP.html"
"1295","後期","後期","水4","030912-01","中国文学演習Ⅱb","中塚 亮","https://cssy.aasa.ac.jp/syllabusHtml/2026/1010/1010_030912-01_ja_JP.html"
"1296","前期","前期","月1","030931-01","国文学特殊講義 王朝物語a","勝亦 志織","https://cssy.aasa.ac.jp/syllabusHtml/2026/1010/1010_030931-01_ja_JP.html"
"1297","後期","後期","月1","030932-01","国文学特殊講義 王朝物語b","勝亦 志織","https://cssy.aasa.ac.jp/syllabusHtml/2026/1010/1010_030932-01_ja_JP.html"
"1298","前期","前期","金4","030941-01","国文学特殊講義 近代詩a","渡邉 章夫","https://cssy.aasa.ac.jp/syllabusHtml/2026/1010/1010_030941-01_ja_JP.html"
"1299","後期","後期","金4","030942-01","国文学特殊講義 近代詩b","渡邉 章夫","https://cssy.aasa.ac.jp/syllabusHtml/2026/1010/1010_030942-01_ja_JP.html"
"1300","前期","前期","水4","030951-01","国語学講義a","吉田 健二","https://cssy.aasa.ac.jp/syllabusHtml/2026/1010/1010_030951-01_ja_JP.html"
"1301","後期","後期","水4","030951-02","国語学講義a","吉田 健二","https://cssy.aasa.ac.jp/syllabusHtml/2026/1010/1010_030951-02_ja_JP.html"
"1302","前期","前期","火3","030952-01","国語学講義b","増井 典夫","https://cssy.aasa.ac.jp/syllabusHtml/2026/1010/1010_030952-01_ja_JP.html"
"1303","後期","後期","火3","030952-02","国語学講義b","増井 典夫","https://cssy.aasa.ac.jp/syllabusHtml/2026/1010/1010_030952-02_ja_JP.html"
"1304","後期","後期","月1","030981-01","国文学と情報技術","松原 久子","https://cssy.aasa.ac.jp/syllabusHtml/2026/1010/1010_030981-01_ja_JP.html"
"1305","後期","後期","月2","030981-02","国文学と情報技術","松原 久子","https://cssy.aasa.ac.jp/syllabusHtml/2026/1010/1010_030981-02_ja_JP.html"
"1306","前期","前期","金1","030982-01","国文学講義(6)近代Ⅱa","竹内 瑞穂","https://cssy.aasa.ac.jp/syllabusHtml/2026/1010/1010_030982-01_ja_JP.html"
"1307","前期","前期","金2","030982-02","国文学講義(6)近代Ⅱa","竹内 瑞穂","https://cssy.aasa.ac.jp/syllabusHtml/2026/1010/1010_030982-02_ja_JP.html"
"1308","後期","後期","金1","030983-01","国文学講義(6)近代Ⅱb","竹内 瑞穂","https://cssy.aasa.ac.jp/syllabusHtml/2026/1010/1010_030983-01_ja_JP.html"
"1309","後期","後期","金2","030983-02","国文学講義(6)近代Ⅱb","竹内 瑞穂","https://cssy.aasa.ac.jp/syllabusHtml/2026/1010/1010_030983-02_ja_JP.html"
"1310","前期","前期","月1","030984-01","国文学講義(7)現代a","橋本 あゆみ","https://cssy.aasa.ac.jp/syllabusHtml/2026/1010/1010_030984-01_ja_JP.html"
"1311","前期","前期","月2","030984-02","国文学講義(7)現代a","橋本 あゆみ","https://cssy.aasa.ac.jp/syllabusHtml/2026/1010/1010_030984-02_ja_JP.html"
"1312","後期","後期","月1","030985-01","国文学講義(7)現代b","橋本 あゆみ","https://cssy.aasa.ac.jp/syllabusHtml/2026/1010/1010_030985-01_ja_JP.html"
"1313","後期","後期","月2","030985-02","国文学講義(7)現代b","橋本 あゆみ","https://cssy.aasa.ac.jp/syllabusHtml/2026/1010/1010_030985-02_ja_JP.html"
"1314","前期","前期","木3","030986-01","国文学特殊講義 日本漢文学a","河井 昭乃","https://cssy.aasa.ac.jp/syllabusHtml/2026/1010/1010_030986-01_ja_JP.html"
"1315","後期","後期","木3","030987-01","国文学特殊講義 日本漢文学b","河井 昭乃","https://cssy.aasa.ac.jp/syllabusHtml/2026/1010/1010_030987-01_ja_JP.html"
"1316","前期","前期","金5","030988-01","キャリアプランニング -国文学科での学びと社会で生きること-","松波 伸浩","https://cssy.aasa.ac.jp/syllabusHtml/2026/1010/1010_030988-01_ja_JP.html"
"1317","前期","前期","火5","030989-01","実践国語教育演習Aa","武藤 洋子","https://cssy.aasa.ac.jp/syllabusHtml/2026/1010/1010_030989-01_ja_JP.html"
"1318","後期","後期","火5","030991-01","実践国語教育演習Ab","武藤 洋子","https://cssy.aasa.ac.jp/syllabusHtml/2026/1010/1010_030991-01_ja_JP.html"
"1319","前期","前期","金3","030992-01","実践国語教育演習Ba","武藤 洋子","https://cssy.aasa.ac.jp/syllabusHtml/2026/1010/1010_030992-01_ja_JP.html"
"1320","後期","後期","金3","030993-01","実践国語教育演習Bb","武藤 洋子","https://cssy.aasa.ac.jp/syllabusHtml/2026/1010/1010_030993-01_ja_JP.html"
"1321","前期","前期","火3","030994-01","実践国語表現a","内田 直人","https://cssy.aasa.ac.jp/syllabusHtml/2026/1010/1010_030994-01_ja_JP.html"
"1322","後期","後期","火3","030995-01","実践国語表現b","内田 直人","https://cssy.aasa.ac.jp/syllabusHtml/2026/1010/1010_030995-01_ja_JP.html"
"1323","前期","前期","木3","030996-01","実践国語文法","武藤 洋子","https://cssy.aasa.ac.jp/syllabusHtml/2026/1010/1010_030996-01_ja_JP.html"
"1324","後期","後期","木4","030997-01","実践古文読解","武藤 洋子","https://cssy.aasa.ac.jp/syllabusHtml/2026/1010/1010_030997-01_ja_JP.html"
"1325","前期","前期","木4","030998-01","実践漢文読解","武藤 洋子","https://cssy.aasa.ac.jp/syllabusHtml/2026/1010/1010_030998-01_ja_JP.html"
"1326","後期","後期","金2","030999-01","実践現代文読解","武藤 洋子","https://cssy.aasa.ac.jp/syllabusHtml/2026/1010/1010_030999-01_ja_JP.html"
"1327","前期","前期","水2","031041-01","国文学演習Ⅰ(6)近・現代Ⅱa","竹内 瑞穂","https://cssy.aasa.ac.jp/syllabusHtml/2026/1010/1010_031041-01_ja_JP.html"
"1328","後期","後期","水2","031042-01","国文学演習Ⅰ(6)近・現代Ⅱb","竹内 瑞穂","https://cssy.aasa.ac.jp/syllabusHtml/2026/1010/1010_031042-01_ja_JP.html"
"1329","前期","前期","火4","031135-01","国文学演習Ⅱ(7)近・現代Ⅲa","橋本 あゆみ","https://cssy.aasa.ac.jp/syllabusHtml/2026/1010/1010_031135-01_ja_JP.html"
"1330","後期","後期","火4","031136-01","国文学演習Ⅱ(7)近・現代Ⅲb","橋本 あゆみ","https://cssy.aasa.ac.jp/syllabusHtml/2026/1010/1010_031136-01_ja_JP.html"
"1331","前期","前期","金2","031171-01","国文学特殊講義 現代短歌a","加藤 孝男","https://cssy.aasa.ac.jp/syllabusHtml/2026/1010/1010_031171-01_ja_JP.html"
"1332","後期","後期","金2","031172-01","国文学特殊講義 現代短歌b","加藤 孝男","https://cssy.aasa.ac.jp/syllabusHtml/2026/1010/1010_031172-01_ja_JP.html"
"1333","前期","前期","水4","031182-01","作品講読(古典文学)a","内藤 英子","https://cssy.aasa.ac.jp/syllabusHtml/2026/1010/1010_031182-01_ja_JP.html"
"1334","後期","後期","水4","031183-01","作品講読(古典文学)b","内藤 英子","https://cssy.aasa.ac.jp/syllabusHtml/2026/1010/1010_031183-01_ja_JP.html"
"1335","前期","前期","水3","031201-01","国文学演習Ⅰ(7)近・現代Ⅲa","橋本 あゆみ","https://cssy.aasa.ac.jp/syllabusHtml/2026/1010/1010_031201-01_ja_JP.html"
"1336","後期","後期","水3","031202-01","国文学演習Ⅰ(7)近・現代Ⅲb","橋本 あゆみ","https://cssy.aasa.ac.jp/syllabusHtml/2026/1010/1010_031202-01_ja_JP.html"
"1337","前期","前期","月5","031311-01","国文学文献講読演習(1)a","中野 謙一","https://cssy.aasa.ac.jp/syllabusHtml/2026/1010/1010_031311-01_ja_JP.html"
"1338","後期","後期","月5","031312-01","国文学文献講読演習(1)b","中野 謙一","https://cssy.aasa.ac.jp/syllabusHtml/2026/1010/1010_031312-01_ja_JP.html"
"1339","前期","前期","火5","031321-01","国文学文献講読演習(2)a","外山 敦子","https://cssy.aasa.ac.jp/syllabusHtml/2026/1010/1010_031321-01_ja_JP.html"
"1340","後期","後期","火5","031322-01","国文学文献講読演習(2)b","外山 敦子","https://cssy.aasa.ac.jp/syllabusHtml/2026/1010/1010_031322-01_ja_JP.html"
"1341","前期","前期","月5","031331-01","国文学文献講読演習(3)a","有賀 夏紀","https://cssy.aasa.ac.jp/syllabusHtml/2026/1010/1010_031331-01_ja_JP.html"
"1342","後期","後期","月5","031332-01","国文学文献講読演習(3)b","有賀 夏紀","https://cssy.aasa.ac.jp/syllabusHtml/2026/1010/1010_031332-01_ja_JP.html"
"1343","前期","前期","水4","031341-01","国文学文献講読演習(4)a","早川 由美","https://cssy.aasa.ac.jp/syllabusHtml/2026/1010/1010_031341-01_ja_JP.html"
"1344","後期","後期","水4","031342-01","国文学文献講読演習(4)b","早川 由美","https://cssy.aasa.ac.jp/syllabusHtml/2026/1010/1010_031342-01_ja_JP.html"
"1345","前期","前期","月5","031351-01","国文学文献講読演習(5)a","吉田 竜也","https://cssy.aasa.ac.jp/syllabusHtml/2026/1010/1010_031351-01_ja_JP.html"
"1346","後期","後期","月5","031352-01","国文学文献講読演習(5)b","吉田 竜也","https://cssy.aasa.ac.jp/syllabusHtml/2026/1010/1010_031352-01_ja_JP.html"
"1347","前期","前期","火5","031361-01","国文学文献講読演習(6)a","竹内 瑞穂","https://cssy.aasa.ac.jp/syllabusHtml/2026/1010/1010_031361-01_ja_JP.html"
"1348","後期","後期","火5","031362-01","国文学文献講読演習(6)b","竹内 瑞穂","https://cssy.aasa.ac.jp/syllabusHtml/2026/1010/1010_031362-01_ja_JP.html"
"1349","前期","前期","火5","031362-02","国文学文献講読演習(6)b","竹内 瑞穂","https://cssy.aasa.ac.jp/syllabusHtml/2026/1010/1010_031362-02_ja_JP.html"
"1350","前期","前期","火5","031371-01","国文学文献講読演習(7)a","橋本 あゆみ","https://cssy.aasa.ac.jp/syllabusHtml/2026/1010/1010_031371-01_ja_JP.html"
"1351","後期","後期","火5","031372-01","国文学文献講読演習(7)b","橋本 あゆみ","https://cssy.aasa.ac.jp/syllabusHtml/2026/1010/1010_031372-01_ja_JP.html"
"1352","前期","前期","火5","031381-01","国語学文献講読演習(1)a","増井 典夫","https://cssy.aasa.ac.jp/syllabusHtml/2026/1010/1010_031381-01_ja_JP.html"
"1353","後期","後期","火5","031382-01","国語学文献講読演習(1)b","増井 典夫","https://cssy.aasa.ac.jp/syllabusHtml/2026/1010/1010_031382-01_ja_JP.html"
"1354","前期","前期","月5","031383-01","国語学文献講読演習(2)a","吉田 健二","https://cssy.aasa.ac.jp/syllabusHtml/2026/1010/1010_031383-01_ja_JP.html"
"1355","後期","後期","月5","031384-01","国語学文献講読演習(2)b","吉田 健二","https://cssy.aasa.ac.jp/syllabusHtml/2026/1010/1010_031384-01_ja_JP.html"
"1356","前期","前期","火5","031391-01","中国文学文献講読演習a","中塚 亮","https://cssy.aasa.ac.jp/syllabusHtml/2026/1010/1010_031391-01_ja_JP.html"
"1357","後期","後期","水5","031392-01","中国文学文献講読演習b","中塚 亮","https://cssy.aasa.ac.jp/syllabusHtml/2026/1010/1010_031392-01_ja_JP.html"
"1358","前期","前期","月2","032987-01","国文学特殊講義 文献学a","日比野 浩信","https://cssy.aasa.ac.jp/syllabusHtml/2026/1010/1010_032987-01_ja_JP.html"
"1359","後期","後期","月2","032988-01","国文学特殊講義 文献学b","日比野 浩信","https://cssy.aasa.ac.jp/syllabusHtml/2026/1010/1010_032988-01_ja_JP.html"
"1360","前期","前期","金3","032996-01","国文学特殊講義 俳文学a","寺島 徹","https://cssy.aasa.ac.jp/syllabusHtml/2026/1010/1010_032996-01_ja_JP.html"
"1361","後期","後期","金3","032997-01","国文学特殊講義 俳文学b","寺島 徹","https://cssy.aasa.ac.jp/syllabusHtml/2026/1010/1010_032997-01_ja_JP.html"
"1362","後期","後期","水1","033002-01","古典基礎","外山 敦子","https://cssy.aasa.ac.jp/syllabusHtml/2026/1010/1010_033002-01_ja_JP.html"
"1363","後期","後期","水2","033002-02","古典基礎","外山 敦子","https://cssy.aasa.ac.jp/syllabusHtml/2026/1010/1010_033002-02_ja_JP.html"
"1364","後期","後期","木1","033004-01","漢文基礎","住谷 孝之","https://cssy.aasa.ac.jp/syllabusHtml/2026/1010/1010_033004-01_ja_JP.html"
"1365","後期","後期","木2","033004-02","漢文基礎","住谷 孝之","https://cssy.aasa.ac.jp/syllabusHtml/2026/1010/1010_033004-02_ja_JP.html"
"1366","前期","前期","金3","033011-01","国文学特殊講義 現代小説a","水川 敬章","https://cssy.aasa.ac.jp/syllabusHtml/2026/1010/1010_033011-01_ja_JP.html"
"1367","後期","後期","金3","033012-01","国文学特殊講義 現代小説b","水川 敬章","https://cssy.aasa.ac.jp/syllabusHtml/2026/1010/1010_033012-01_ja_JP.html"
"1368","前期","前期","水2","033013-01","国文学特殊講義 日本芸能史a","深谷 大","https://cssy.aasa.ac.jp/syllabusHtml/2026/1010/1010_033013-01_ja_JP.html"
"1369","後期","後期","水2","033014-01","国文学特殊講義 日本芸能史b","深谷 大","https://cssy.aasa.ac.jp/syllabusHtml/2026/1010/1010_033014-01_ja_JP.html"
"1370","前期","前期","水1","033015-01","国文学特殊講義 文学と映像表現a","小倉 斉","https://cssy.aasa.ac.jp/syllabusHtml/2026/1010/1010_033015-01_ja_JP.html"
"1371","後期","後期","水1","033016-01","国文学特殊講義 文学と映像表現b","小倉 斉","https://cssy.aasa.ac.jp/syllabusHtml/2026/1010/1010_033016-01_ja_JP.html"
"1372","前期","前期","木3","033017-01","国語学特殊講義 ことばの認知科学a","森本 俊之","https://cssy.aasa.ac.jp/syllabusHtml/2026/1010/1010_033017-01_ja_JP.html"
"1373","後期","後期","木3","033018-01","国語学特殊講義 ことばの認知科学b","森本 俊之","https://cssy.aasa.ac.jp/syllabusHtml/2026/1010/1010_033018-01_ja_JP.html"
"1374","前期","前期","月3","033049-01","大学の学び入門-文学と共に生きる-a","中嶋 優隆","https://cssy.aasa.ac.jp/syllabusHtml/2026/1010/1010_033049-01_ja_JP.html"
"1375","前期","前期","月4","033049-02","大学の学び入門-文学と共に生きる-a","中嶋 優隆","https://cssy.aasa.ac.jp/syllabusHtml/2026/1010/1010_033049-02_ja_JP.html"
"1376","前期","前期","火1","033049-03","大学の学び入門-文学と共に生きる-a","中嶋 優隆","https://cssy.aasa.ac.jp/syllabusHtml/2026/1010/1010_033049-03_ja_JP.html"
"1377","前期","前期","火2","033049-04","大学の学び入門-文学と共に生きる-a","中嶋 優隆","https://cssy.aasa.ac.jp/syllabusHtml/2026/1010/1010_033049-04_ja_JP.html"
"1378","前期","前期","木1","033049-05","大学の学び入門-文学と共に生きる-a","中嶋 優隆","https://cssy.aasa.ac.jp/syllabusHtml/2026/1010/1010_033049-05_ja_JP.html"
"1379","前期","前期","木2","033049-06","大学の学び入門-文学と共に生きる-a","中嶋 優隆","https://cssy.aasa.ac.jp/syllabusHtml/2026/1010/1010_033049-06_ja_JP.html"
"1380","前期","前期","金4","033049-07","大学の学び入門-文学と共に生きる-a","中嶋 優隆","https://cssy.aasa.ac.jp/syllabusHtml/2026/1010/1010_033049-07_ja_JP.html"
"1381","前期","前期","金5","033049-08","大学の学び入門-文学と共に生きる-a","中嶋 優隆","https://cssy.aasa.ac.jp/syllabusHtml/2026/1010/1010_033049-08_ja_JP.html"
"1382","後期","後期","月3","033050-01","大学の学び入門-文学と共に生きる-b","中嶋 優隆","https://cssy.aasa.ac.jp/syllabusHtml/2026/1010/1010_033050-01_ja_JP.html"
"1383","後期","後期","月4","033050-02","大学の学び入門-文学と共に生きる-b","中嶋 優隆","https://cssy.aasa.ac.jp/syllabusHtml/2026/1010/1010_033050-02_ja_JP.html"
"1384","後期","後期","火2","033050-03","大学の学び入門-文学と共に生きる-b","中嶋 優隆","https://cssy.aasa.ac.jp/syllabusHtml/2026/1010/1010_033050-03_ja_JP.html"
"1385","後期","後期","火3","033050-04","大学の学び入門-文学と共に生きる-b","中嶋 優隆","https://cssy.aasa.ac.jp/syllabusHtml/2026/1010/1010_033050-04_ja_JP.html"
"1386","後期","後期","火4","033050-05","大学の学び入門-文学と共に生きる-b","中嶋 優隆","https://cssy.aasa.ac.jp/syllabusHtml/2026/1010/1010_033050-05_ja_JP.html"
"1387","後期","後期","木1","033050-06","大学の学び入門-文学と共に生きる-b","中嶋 優隆","https://cssy.aasa.ac.jp/syllabusHtml/2026/1010/1010_033050-06_ja_JP.html"
"1388","後期","後期","木2","033050-07","大学の学び入門-文学と共に生きる-b","中嶋 優隆","https://cssy.aasa.ac.jp/syllabusHtml/2026/1010/1010_033050-07_ja_JP.html"
"1389","後期","後期","金4","033050-08","大学の学び入門-文学と共に生きる-b","中嶋 優隆","https://cssy.aasa.ac.jp/syllabusHtml/2026/1010/1010_033050-08_ja_JP.html"
"1390","前期","前期","木2","033051-01","くずし字読解a","篗田 将樹","https://cssy.aasa.ac.jp/syllabusHtml/2026/1010/1010_033051-01_ja_JP.html"
"1391","前期","前期","木3","033051-02","くずし字読解a","松波 伸浩","https://cssy.aasa.ac.jp/syllabusHtml/2026/1010/1010_033051-02_ja_JP.html"
"1392","前期","前期","木4","033051-03","くずし字読解a","松波 伸浩","https://cssy.aasa.ac.jp/syllabusHtml/2026/1010/1010_033051-03_ja_JP.html"
"1393","前期","前期","金3","033051-04","くずし字読解a","篗田 将樹","https://cssy.aasa.ac.jp/syllabusHtml/2026/1010/1010_033051-04_ja_JP.html"
"1394","後期","後期","木2","033052-01","くずし字読解b","篗田 将樹","https://cssy.aasa.ac.jp/syllabusHtml/2026/1010/1010_033052-01_ja_JP.html"
"1395","後期","後期","木3","033052-02","くずし字読解b","篗田 将樹","https://cssy.aasa.ac.jp/syllabusHtml/2026/1010/1010_033052-02_ja_JP.html"
"1396","後期","後期","木3","033052-03","くずし字読解b","松波 伸浩","https://cssy.aasa.ac.jp/syllabusHtml/2026/1010/1010_033052-03_ja_JP.html"
"1397","後期","後期","木4","033052-04","くずし字読解b","松波 伸浩","https://cssy.aasa.ac.jp/syllabusHtml/2026/1010/1010_033052-04_ja_JP.html"
"1398","前期","前期","月3","033053-01","和歌文学a","日比野 浩信","https://cssy.aasa.ac.jp/syllabusHtml/2026/1010/1010_033053-01_ja_JP.html"
"1399","後期","後期","月3","033054-01","和歌文学b","日比野 浩信","https://cssy.aasa.ac.jp/syllabusHtml/2026/1010/1010_033054-01_ja_JP.html"
"1400","前期","前期","金3","033055-01","批評理論","竹内 瑞穂","https://cssy.aasa.ac.jp/syllabusHtml/2026/1010/1010_033055-01_ja_JP.html"
"1401","後期","後期","金3","033055-02","批評理論","竹内 瑞穂","https://cssy.aasa.ac.jp/syllabusHtml/2026/1010/1010_033055-02_ja_JP.html"
"1402","前期","前期","木2","033056-01","言語学a","森本 俊之","https://cssy.aasa.ac.jp/syllabusHtml/2026/1010/1010_033056-01_ja_JP.html"
"1403","後期","後期","木2","033057-01","言語学b","森本 俊之","https://cssy.aasa.ac.jp/syllabusHtml/2026/1010/1010_033057-01_ja_JP.html"
"1404","後期","後期","金3","033096-01","比較文学","小沢 茂","https://cssy.aasa.ac.jp/syllabusHtml/2026/1010/1010_033096-01_ja_JP.html"
"1405","前期","前期","木5","033097-01","日本の歴史","中野 謙一","https://cssy.aasa.ac.jp/syllabusHtml/2026/1010/1010_033097-01_ja_JP.html"
"1406","後期","後期","木5","033097-02","日本の歴史","中野 謙一","https://cssy.aasa.ac.jp/syllabusHtml/2026/1010/1010_033097-02_ja_JP.html"
"1407","前期","前期","金4","033098-01","文化人類学・神話学","神谷 良法","https://cssy.aasa.ac.jp/syllabusHtml/2026/1010/1010_033098-01_ja_JP.html"
"1408","後期","後期","金4","033098-02","文化人類学・神話学","神谷 良法","https://cssy.aasa.ac.jp/syllabusHtml/2026/1010/1010_033098-02_ja_JP.html"
"1409","前期","前期","木2","033099-01","現代中国語(中級程度)","住谷 孝之","https://cssy.aasa.ac.jp/syllabusHtml/2026/1010/1010_033099-01_ja_JP.html"
"1410","前期","前期","火4","033100-01","児童文学","酒井 晶代","https://cssy.aasa.ac.jp/syllabusHtml/2026/1010/1010_033100-01_ja_JP.html"
"1411","前期","前期","水2","033101-01","学びなおし古文","内藤 英子","https://cssy.aasa.ac.jp/syllabusHtml/2026/1010/1010_033101-01_ja_JP.html"
"1412","前期","前期","水3","033101-02","学びなおし古文","内藤 英子","https://cssy.aasa.ac.jp/syllabusHtml/2026/1010/1010_033101-02_ja_JP.html"
"1413","後期","後期","水3","033101-03","学びなおし古文","内藤 英子","https://cssy.aasa.ac.jp/syllabusHtml/2026/1010/1010_033101-03_ja_JP.html"
"1414","前期","前期","水3","033102-01","学びなおし漢文","住谷 孝之","https://cssy.aasa.ac.jp/syllabusHtml/2026/1010/1010_033102-01_ja_JP.html"
"1415","前期","前期","水4","033102-02","学びなおし漢文","住谷 孝之","https://cssy.aasa.ac.jp/syllabusHtml/2026/1010/1010_033102-02_ja_JP.html"
"1416","後期","後期","水3","033102-03","学びなおし漢文","住谷 孝之","https://cssy.aasa.ac.jp/syllabusHtml/2026/1010/1010_033102-03_ja_JP.html"
"1417","前期","通年","月1,水5","124008-01","介護実践演習","吉田 伸一","https://cssy.aasa.ac.jp/syllabusHtml/2026/1050/1050_124008-01_ja_JP.html"
"1418","前期","前期","木4","124009-01","専門演習Ⅰa","伊藤 真理","https://cssy.aasa.ac.jp/syllabusHtml/2026/1050/1050_124009-01_ja_JP.html"
"1419","前期","前期","木4","124009-02","専門演習Ⅰa","海老崎 功","https://cssy.aasa.ac.jp/syllabusHtml/2026/1050/1050_124009-02_ja_JP.html"
"1420","前期","前期","木4","124009-03","専門演習Ⅰa","加藤 智","https://cssy.aasa.ac.jp/syllabusHtml/2026/1050/1050_124009-03_ja_JP.html"
"1421","前期","前期","木4","124009-05","専門演習Ⅰa","白石 朝子","https://cssy.aasa.ac.jp/syllabusHtml/2026/1050/1050_124009-05_ja_JP.html"
"1422","前期","前期","木4","124009-06","専門演習Ⅰa","猶原 秀明","https://cssy.aasa.ac.jp/syllabusHtml/2026/1050/1050_124009-06_ja_JP.html"
"1423","前期","前期","木4","124009-07","専門演習Ⅰa","中嶋 真弓","https://cssy.aasa.ac.jp/syllabusHtml/2026/1050/1050_124009-07_ja_JP.html"
"1424","前期","前期","木4","124009-08","専門演習Ⅰa","野井 未加","https://cssy.aasa.ac.jp/syllabusHtml/2026/1050/1050_124009-08_ja_JP.html"
"1425","前期","前期","木4","124009-09","専門演習Ⅰa","平子 晶規","https://cssy.aasa.ac.jp/syllabusHtml/2026/1050/1050_124009-09_ja_JP.html"
"1426","前期","前期","木4","124009-10","専門演習Ⅰa","星野 将直","https://cssy.aasa.ac.jp/syllabusHtml/2026/1050/1050_124009-10_ja_JP.html"
"1427","前期","前期","木4","124009-11","専門演習Ⅰa","松井 千代","https://cssy.aasa.ac.jp/syllabusHtml/2026/1050/1050_124009-11_ja_JP.html"
"1428","前期","前期","木4","124009-12","専門演習Ⅰa","松田 秀子","https://cssy.aasa.ac.jp/syllabusHtml/2026/1050/1050_124009-12_ja_JP.html"
"1429","前期","前期","木4","124009-13","専門演習Ⅰa","三和 義武","https://cssy.aasa.ac.jp/syllabusHtml/2026/1050/1050_124009-13_ja_JP.html"
"1430","前期","前期","木4","124009-14","専門演習Ⅰa","山本 和久","https://cssy.aasa.ac.jp/syllabusHtml/2026/1050/1050_124009-14_ja_JP.html"
"1431","前期","前期","木4","124009-15","専門演習Ⅰa","吉田 伸一","https://cssy.aasa.ac.jp/syllabusHtml/2026/1050/1050_124009-15_ja_JP.html"
"1432","前期","前期","木4","124009-16","専門演習Ⅰa","渡辺 かよ子","https://cssy.aasa.ac.jp/syllabusHtml/2026/1050/1050_124009-16_ja_JP.html"
"1433","後期","後期","木4","124010-01","専門演習Ⅰb","伊藤 真理","https://cssy.aasa.ac.jp/syllabusHtml/2026/1050/1050_124010-01_ja_JP.html"
"1434","後期","後期","木4","124010-02","専門演習Ⅰb","海老崎 功","https://cssy.aasa.ac.jp/syllabusHtml/2026/1050/1050_124010-02_ja_JP.html"
"1435","後期","後期","木4","124010-03","専門演習Ⅰb","加藤 智","https://cssy.aasa.ac.jp/syllabusHtml/2026/1050/1050_124010-03_ja_JP.html"
"1436","後期","後期","木4","124010-04","専門演習Ⅰb","佐藤 実芳","https://cssy.aasa.ac.jp/syllabusHtml/2026/1050/1050_124010-04_ja_JP.html"
"1437","後期","後期","木4","124010-05","専門演習Ⅰb","白石 朝子","https://cssy.aasa.ac.jp/syllabusHtml/2026/1050/1050_124010-05_ja_JP.html"
"1438","後期","後期","木4","124010-06","専門演習Ⅰb","猶原 秀明","https://cssy.aasa.ac.jp/syllabusHtml/2026/1050/1050_124010-06_ja_JP.html"
"1439","後期","後期","木4","124010-07","専門演習Ⅰb","中嶋 真弓","https://cssy.aasa.ac.jp/syllabusHtml/2026/1050/1050_124010-07_ja_JP.html"
"1440","後期","後期","木4","124010-08","専門演習Ⅰb","野井 未加","https://cssy.aasa.ac.jp/syllabusHtml/2026/1050/1050_124010-08_ja_JP.html"
"1441","後期","後期","木4","124010-09","専門演習Ⅰb","平子 晶規","https://cssy.aasa.ac.jp/syllabusHtml/2026/1050/1050_124010-09_ja_JP.html"
"1442","後期","後期","木4","124010-10","専門演習Ⅰb","星野 将直","https://cssy.aasa.ac.jp/syllabusHtml/2026/1050/1050_124010-10_ja_JP.html"
"1443","後期","後期","木4","124010-11","専門演習Ⅰb","松井 千代","https://cssy.aasa.ac.jp/syllabusHtml/2026/1050/1050_124010-11_ja_JP.html"
"1444","後期","後期","木4","124010-12","専門演習Ⅰb","松田 秀子","https://cssy.aasa.ac.jp/syllabusHtml/2026/1050/1050_124010-12_ja_JP.html"
"1445","後期","後期","木4","124010-13","専門演習Ⅰb","三和 義武","https://cssy.aasa.ac.jp/syllabusHtml/2026/1050/1050_124010-13_ja_JP.html"
"1446","後期","後期","木4","124010-14","専門演習Ⅰb","山本 和久","https://cssy.aasa.ac.jp/syllabusHtml/2026/1050/1050_124010-14_ja_JP.html"
"1447","後期","後期","木4","124010-15","専門演習Ⅰb","吉田 伸一","https://cssy.aasa.ac.jp/syllabusHtml/2026/1050/1050_124010-15_ja_JP.html"
"1448","後期","後期","木4","124010-16","専門演習Ⅰb","渡辺 かよ子","https://cssy.aasa.ac.jp/syllabusHtml/2026/1050/1050_124010-16_ja_JP.html"
"1449","前期","前期","木5","124011-02","専門演習Ⅱa","海老崎 功","https://cssy.aasa.ac.jp/syllabusHtml/2026/1050/1050_124011-02_ja_JP.html"
"1450","前期","前期","木5","124011-03","専門演習Ⅱa","加藤 智","https://cssy.aasa.ac.jp/syllabusHtml/2026/1050/1050_124011-03_ja_JP.html"
"1451","前期","前期","木5","124011-04","専門演習Ⅱa","佐藤 実芳","https://cssy.aasa.ac.jp/syllabusHtml/2026/1050/1050_124011-04_ja_JP.html"
"1452","前期","前期","木5","124011-05","専門演習Ⅱa","白石 朝子","https://cssy.aasa.ac.jp/syllabusHtml/2026/1050/1050_124011-05_ja_JP.html"
"1453","前期","前期","木5","124011-06","専門演習Ⅱa","猶原 秀明","https://cssy.aasa.ac.jp/syllabusHtml/2026/1050/1050_124011-06_ja_JP.html"
"1454","前期","前期","木5","124011-07","専門演習Ⅱa","中嶋 真弓","https://cssy.aasa.ac.jp/syllabusHtml/2026/1050/1050_124011-07_ja_JP.html"
"1455","前期","前期","木5","124011-08","専門演習Ⅱa","野井 未加","https://cssy.aasa.ac.jp/syllabusHtml/2026/1050/1050_124011-08_ja_JP.html"
"1456","前期","前期","木5","124011-09","専門演習Ⅱa","平子 晶規","https://cssy.aasa.ac.jp/syllabusHtml/2026/1050/1050_124011-09_ja_JP.html"
"1457","前期","前期","木5","124011-10","専門演習Ⅱa","星野 将直","https://cssy.aasa.ac.jp/syllabusHtml/2026/1050/1050_124011-10_ja_JP.html"
"1458","前期","前期","木5","124011-11","専門演習Ⅱa","松井 千代","https://cssy.aasa.ac.jp/syllabusHtml/2026/1050/1050_124011-11_ja_JP.html"
"1459","前期","前期","木5","124011-12","専門演習Ⅱa","松田 秀子","https://cssy.aasa.ac.jp/syllabusHtml/2026/1050/1050_124011-12_ja_JP.html"
"1460","前期","前期","木5","124011-13","専門演習Ⅱa","三和 義武","https://cssy.aasa.ac.jp/syllabusHtml/2026/1050/1050_124011-13_ja_JP.html"
"1461","前期","前期","木5","124011-14","専門演習Ⅱa","山本 和久","https://cssy.aasa.ac.jp/syllabusHtml/2026/1050/1050_124011-14_ja_JP.html"
"1462","前期","前期","木5","124011-15","専門演習Ⅱa","吉田 伸一","https://cssy.aasa.ac.jp/syllabusHtml/2026/1050/1050_124011-15_ja_JP.html"
"1463","前期","前期","木5","124011-16","専門演習Ⅱa","渡辺 かよ子","https://cssy.aasa.ac.jp/syllabusHtml/2026/1050/1050_124011-16_ja_JP.html"
"1464","後期","後期","木5","124012-01","専門演習Ⅱb","伊藤 真理","https://cssy.aasa.ac.jp/syllabusHtml/2026/1050/1050_124012-01_ja_JP.html"
"1465","後期","後期","木5","124012-02","専門演習Ⅱb","海老崎 功","https://cssy.aasa.ac.jp/syllabusHtml/2026/1050/1050_124012-02_ja_JP.html"
"1466","後期","後期","木5","124012-03","専門演習Ⅱb","加藤 智","https://cssy.aasa.ac.jp/syllabusHtml/2026/1050/1050_124012-03_ja_JP.html"
"1467","後期","後期","木5","124012-04","専門演習Ⅱb","佐藤 実芳","https://cssy.aasa.ac.jp/syllabusHtml/2026/1050/1050_124012-04_ja_JP.html"
"1468","後期","後期","木5","124012-05","専門演習Ⅱb","白石 朝子","https://cssy.aasa.ac.jp/syllabusHtml/2026/1050/1050_124012-05_ja_JP.html"
"1469","後期","後期","木5","124012-06","専門演習Ⅱb","猶原 秀明","https://cssy.aasa.ac.jp/syllabusHtml/2026/1050/1050_124012-06_ja_JP.html"
"1470","後期","後期","木5","124012-07","専門演習Ⅱb","中嶋 真弓","https://cssy.aasa.ac.jp/syllabusHtml/2026/1050/1050_124012-07_ja_JP.html"
"1471","後期","後期","木5","124012-08","専門演習Ⅱb","野井 未加","https://cssy.aasa.ac.jp/syllabusHtml/2026/1050/1050_124012-08_ja_JP.html"
"1472","後期","後期","木5","124012-09","専門演習Ⅱb","平子 晶規","https://cssy.aasa.ac.jp/syllabusHtml/2026/1050/1050_124012-09_ja_JP.html"
"1473","後期","後期","木5","124012-10","専門演習Ⅱb","星野 将直","https://cssy.aasa.ac.jp/syllabusHtml/2026/1050/1050_124012-10_ja_JP.html"
"1474","後期","後期","木5","124012-11","専門演習Ⅱb","松井 千代","https://cssy.aasa.ac.jp/syllabusHtml/2026/1050/1050_124012-11_ja_JP.html"
"1475","後期","後期","木5","124012-12","専門演習Ⅱb","松田 秀子","https://cssy.aasa.ac.jp/syllabusHtml/2026/1050/1050_124012-12_ja_JP.html"
"1476","後期","後期","木5","124012-13","専門演習Ⅱb","三和 義武","https://cssy.aasa.ac.jp/syllabusHtml/2026/1050/1050_124012-13_ja_JP.html"
"1477","後期","後期","木5","124012-14","専門演習Ⅱb","山本 和久","https://cssy.aasa.ac.jp/syllabusHtml/2026/1050/1050_124012-14_ja_JP.html"
"1478","後期","後期","木5","124012-15","専門演習Ⅱb","吉田 伸一","https://cssy.aasa.ac.jp/syllabusHtml/2026/1050/1050_124012-15_ja_JP.html"
"1479","後期","後期","木5","124012-16","専門演習Ⅱb","渡辺 かよ子","https://cssy.aasa.ac.jp/syllabusHtml/2026/1050/1050_124012-16_ja_JP.html"
"1480","前期","通年","他","124013-02","卒業研究","海老崎 功","https://cssy.aasa.ac.jp/syllabusHtml/2026/1050/1050_124013-02_ja_JP.html"
"1481","前期","通年","他","124013-03","卒業研究","加藤 智","https://cssy.aasa.ac.jp/syllabusHtml/2026/1050/1050_124013-03_ja_JP.html"
"1482","前期","通年","他","124013-04","卒業研究","佐藤 実芳","https://cssy.aasa.ac.jp/syllabusHtml/2026/1050/1050_124013-04_ja_JP.html"
"1483","前期","通年","他","124013-05","卒業研究","白石 朝子","https://cssy.aasa.ac.jp/syllabusHtml/2026/1050/1050_124013-05_ja_JP.html"
"1484","前期","通年","他","124013-06","卒業研究","猶原 秀明","https://cssy.aasa.ac.jp/syllabusHtml/2026/1050/1050_124013-06_ja_JP.html"
"1485","前期","通年","他","124013-07","卒業研究","中嶋 真弓","https://cssy.aasa.ac.jp/syllabusHtml/2026/1050/1050_124013-07_ja_JP.html"
"1486","前期","通年","他","124013-08","卒業研究","野井 未加","https://cssy.aasa.ac.jp/syllabusHtml/2026/1050/1050_124013-08_ja_JP.html"
"1487","前期","通年","他","124013-09","卒業研究","平子 晶規","https://cssy.aasa.ac.jp/syllabusHtml/2026/1050/1050_124013-09_ja_JP.html"
"1488","前期","通年","他","124013-10","卒業研究","星野 将直","https://cssy.aasa.ac.jp/syllabusHtml/2026/1050/1050_124013-10_ja_JP.html"
"1489","前期","通年","他","124013-11","卒業研究","松井 千代","https://cssy.aasa.ac.jp/syllabusHtml/2026/1050/1050_124013-11_ja_JP.html"
"1490","前期","通年","他","124013-12","卒業研究","松田 秀子","https://cssy.aasa.ac.jp/syllabusHtml/2026/1050/1050_124013-12_ja_JP.html"
"1491","前期","通年","他","124013-13","卒業研究","三和 義武","https://cssy.aasa.ac.jp/syllabusHtml/2026/1050/1050_124013-13_ja_JP.html"
"1492","前期","通年","他","124013-14","卒業研究","山本 和久","https://cssy.aasa.ac.jp/syllabusHtml/2026/1050/1050_124013-14_ja_JP.html"
"1493","前期","通年","他","124013-15","卒業研究","吉田 伸一","https://cssy.aasa.ac.jp/syllabusHtml/2026/1050/1050_124013-15_ja_JP.html"
"1494","前期","通年","他","124013-16","卒業研究","渡辺 かよ子","https://cssy.aasa.ac.jp/syllabusHtml/2026/1050/1050_124013-16_ja_JP.html"
"1495","前期","通年","木3","124014-01","総合表現","白石 朝子","https://cssy.aasa.ac.jp/syllabusHtml/2026/1050/1050_124014-01_ja_JP.html"
"1496","前期","前期","金3","124017-01","環境教育","加藤 智","https://cssy.aasa.ac.jp/syllabusHtml/2026/1050/1050_124017-01_ja_JP.html"
"1497","前期","前期","水1","124022-01","児童福祉論","柴田 瞳","https://cssy.aasa.ac.jp/syllabusHtml/2026/1050/1050_124022-01_ja_JP.html"
"1498","前期","前期","水3","124028-01","教育文化史","渡辺 かよ子","https://cssy.aasa.ac.jp/syllabusHtml/2026/1050/1050_124028-01_ja_JP.html"
"1499","前期","前期","水2","124030-01","生涯発達支援論","渡辺 かよ子","https://cssy.aasa.ac.jp/syllabusHtml/2026/1050/1050_124030-01_ja_JP.html"
"1500","後期","後期","木2","124031-01","国際理解教育論","渡辺 かよ子","https://cssy.aasa.ac.jp/syllabusHtml/2026/1050/1050_124031-01_ja_JP.html"
"1501","後期","後期","月4","124045-01","教育課程","小川 裕之","https://cssy.aasa.ac.jp/syllabusHtml/2026/1050/1050_124045-01_ja_JP.html"
"1502","前期","前期","木2","124049-01","社会科教育法Ⅱ","平子 晶規","https://cssy.aasa.ac.jp/syllabusHtml/2026/1050/1050_124049-01_ja_JP.html"
"1503","前期","前期","木2","124057-01","音楽科教育法Ⅱ","白石 朝子","https://cssy.aasa.ac.jp/syllabusHtml/2026/1050/1050_124057-01_ja_JP.html"
"1504","前期","前期","火4","124059-01","図画工作科教育法Ⅱ","山本 和久","https://cssy.aasa.ac.jp/syllabusHtml/2026/1050/1050_124059-01_ja_JP.html"
"1505","前期","前期","金2","124061-01","家庭科教育法Ⅱ","加藤 厚子","https://cssy.aasa.ac.jp/syllabusHtml/2026/1050/1050_124061-01_ja_JP.html"
"1506","後期","後期","木3","124064-01","道徳指導法","中嶋 真弓","https://cssy.aasa.ac.jp/syllabusHtml/2026/1050/1050_124064-01_ja_JP.html"
"1507","前期","前期","月2","124065-01","特別活動指導法","太田 敬一郎","https://cssy.aasa.ac.jp/syllabusHtml/2026/1050/1050_124065-01_ja_JP.html"
"1508","後期","後期","木2","124066-01","教育方法","星野 将直","https://cssy.aasa.ac.jp/syllabusHtml/2026/1050/1050_124066-01_ja_JP.html"
"1509","後期","後期","月2","124067-01","生徒・進路指導","太田 敬一郎","https://cssy.aasa.ac.jp/syllabusHtml/2026/1050/1050_124067-01_ja_JP.html"
"1510","前期","前期","火4","124069-01","カウンセリング","野井 未加","https://cssy.aasa.ac.jp/syllabusHtml/2026/1050/1050_124069-01_ja_JP.html"
"1511","前期","通年","金1","124070-01","教育実習(小)","加藤 智","https://cssy.aasa.ac.jp/syllabusHtml/2026/1050/1050_124070-01_ja_JP.html"
"1512","前期","通年","水3","124071-01","教職実践演習(小)","猶原 秀明 松田 秀子 中嶋 真弓 加藤 智 星野 将直 山本 和久 松井 千代 野井 未加 海老崎 功 吉田 伸一 白石 朝子 平子 晶規","https://cssy.aasa.ac.jp/syllabusHtml/2026/1050/1050_124071-01_ja_JP.html"
"1513","前期","前期","月4","124076-01","知的障害者の心理・生理・病理","猶原 秀明","https://cssy.aasa.ac.jp/syllabusHtml/2026/1050/1050_124076-01_ja_JP.html"
"1514","前期","前期","月5","124077-01","肢体不自由者の心理・生理・病理","野井 未加","https://cssy.aasa.ac.jp/syllabusHtml/2026/1050/1050_124077-01_ja_JP.html"
"1515","前期","前期","月2","124078-01","病弱者の心理・生理・病理","松井 通記","https://cssy.aasa.ac.jp/syllabusHtml/2026/1050/1050_124078-01_ja_JP.html"
"1516","前期","前期","火1","124079-01","言語障害者の心理・生理・病理","板倉 寿明","https://cssy.aasa.ac.jp/syllabusHtml/2026/1050/1050_124079-01_ja_JP.html"
"1517","前期","前期","水3","124080-01","情緒障害者の心理・生理・病理","平野 銘子","https://cssy.aasa.ac.jp/syllabusHtml/2026/1050/1050_124080-01_ja_JP.html"
"1518","後期","後期","月5","124088-01","重複障害者の指導","吉田 伸一","https://cssy.aasa.ac.jp/syllabusHtml/2026/1050/1050_124088-01_ja_JP.html"
"1519","後期","後期","水4","124089-01","言語障害者・情緒障害者の指導","板倉 寿明","https://cssy.aasa.ac.jp/syllabusHtml/2026/1050/1050_124089-01_ja_JP.html"
"1520","後期","後期","水3","124090-01","発達障害者の指導","野井 未加","https://cssy.aasa.ac.jp/syllabusHtml/2026/1050/1050_124090-01_ja_JP.html"
"1521","後期","後期","月2","124091-01","知的障害者の教育課程及び指導法","猶原 秀明","https://cssy.aasa.ac.jp/syllabusHtml/2026/1050/1050_124091-01_ja_JP.html"
"1522","後期","後期","水1","124092-01","肢体不自由者の教育課程及び指導法","野井 未加","https://cssy.aasa.ac.jp/syllabusHtml/2026/1050/1050_124092-01_ja_JP.html"
"1523","後期","後期","月3","124093-01","病弱者の教育課程及び指導法","松井 通記","https://cssy.aasa.ac.jp/syllabusHtml/2026/1050/1050_124093-01_ja_JP.html"
"1524","後期","後期","火1","124094-01","言語障害者の教育課程及び指導法","板倉 寿明","https://cssy.aasa.ac.jp/syllabusHtml/2026/1050/1050_124094-01_ja_JP.html"
"1525","後期","後期","水3","124095-01","情緒障害者の教育課程及び指導法","平野 銘子","https://cssy.aasa.ac.jp/syllabusHtml/2026/1050/1050_124095-01_ja_JP.html"
"1526","前期","通年","木2","124098-01","教育実習(特)","吉田 伸一","https://cssy.aasa.ac.jp/syllabusHtml/2026/1050/1050_124098-01_ja_JP.html"
"1527","後期","後期","火2","124102-01","学級経営","田中 信夫","https://cssy.aasa.ac.jp/syllabusHtml/2026/1050/1050_124102-01_ja_JP.html"
"1528","後期","後期","金2","124103-01","職業としての教育","三和 義武","https://cssy.aasa.ac.jp/syllabusHtml/2026/1050/1050_124103-01_ja_JP.html"
"1529","後期","後期","金2","124103-02","職業としての教育","三和 義武","https://cssy.aasa.ac.jp/syllabusHtml/2026/1050/1050_124103-02_ja_JP.html"
"1530","前期","前期","火3","124107-01","外国人児童生徒教育概論Ⅰ","松井 千代","https://cssy.aasa.ac.jp/syllabusHtml/2026/1050/1050_124107-01_ja_JP.html"
"1531","後期","後期","他","124108-01","外国人児童生徒教育概論Ⅱ","松井 千代","https://cssy.aasa.ac.jp/syllabusHtml/2026/1050/1050_124108-01_ja_JP.html"
"1532","前期","前期","他","124109-01","総合的な学習の時間の指導法","加藤 智","https://cssy.aasa.ac.jp/syllabusHtml/2026/1050/1050_124109-01_ja_JP.html"
"1533","後期","後期","月4","124110-01","特別支援と児童理解","吉田 伸一 猶原 秀明 野井 未加","https://cssy.aasa.ac.jp/syllabusHtml/2026/1050/1050_124110-01_ja_JP.html"
"1534","後期","後期","水2","124114-01","教育とICT活用","星野 将直","https://cssy.aasa.ac.jp/syllabusHtml/2026/1050/1050_124114-01_ja_JP.html"
"1535","後期","後期","水2","124114-02","教育とICT活用","星野 将直","https://cssy.aasa.ac.jp/syllabusHtml/2026/1050/1050_124114-02_ja_JP.html"
"1536","後期","後期","水3","124114-03","教育とICT活用","星野 将直","https://cssy.aasa.ac.jp/syllabusHtml/2026/1050/1050_124114-03_ja_JP.html"
"1537","後期","後期","水3","124114-04","教育とICT活用","星野 将直","https://cssy.aasa.ac.jp/syllabusHtml/2026/1050/1050_124114-04_ja_JP.html"
"1538","前期","前期","水1","124119-01","学習指導と学校図書館","伊藤 真理","https://cssy.aasa.ac.jp/syllabusHtml/2026/1050/1050_124119-01_ja_JP.html"
"1539","後期","後期","木1","124120-01","情報メディアの活用","伊藤 真理","https://cssy.aasa.ac.jp/syllabusHtml/2026/1050/1050_124120-01_ja_JP.html"
"1540","前期","前期","月4","126102-01","Elementary English 2","EDMUNDS Robert D.","https://cssy.aasa.ac.jp/syllabusHtml/2026/1060/1060_126102-01_ja_JP.html"
"1541","前期","前期","金5","126103-01","Elementary English 3","HARRIS Richard S.","https://cssy.aasa.ac.jp/syllabusHtml/2026/1060/1060_126103-01_ja_JP.html"
"1542","前期","前期","金3","126104-01","Elementary English 4","NOTESTINE Russell","https://cssy.aasa.ac.jp/syllabusHtml/2026/1060/1060_126104-01_ja_JP.html"
"1543","前期","前期","水5","126105-01","Elementary English 5","MARSHALL Michael","https://cssy.aasa.ac.jp/syllabusHtml/2026/1060/1060_126105-01_ja_JP.html"
"1544","前期","前期","火5","126106-01","Elementary English 6","NOTESTINE Russell","https://cssy.aasa.ac.jp/syllabusHtml/2026/1060/1060_126106-01_ja_JP.html"
"1545","後期","後期","他","126107-01","Intermediate English 1","ANG Donna","https://cssy.aasa.ac.jp/syllabusHtml/2026/1060/1060_126107-01_ja_JP.html"
"1546","後期","後期","水2","126108-01","Intermediate English 2","DYCUS David C.","https://cssy.aasa.ac.jp/syllabusHtml/2026/1060/1060_126108-01_ja_JP.html"
"1547","後期","後期","金1","126109-01","Intermediate English 3","PUDWILL Larry A.","https://cssy.aasa.ac.jp/syllabusHtml/2026/1060/1060_126109-01_ja_JP.html"
"1548","後期","後期","木4","126110-01","Intermediate English 4","RICART Michael","https://cssy.aasa.ac.jp/syllabusHtml/2026/1060/1060_126110-01_ja_JP.html"
"1549","後期","後期","火3","126111-01","Intermediate English 5","SU Jia A.","https://cssy.aasa.ac.jp/syllabusHtml/2026/1060/1060_126111-01_ja_JP.html"
"1550","後期","後期","木5","126112-01","Intermediate English 6","RICART Michael","https://cssy.aasa.ac.jp/syllabusHtml/2026/1060/1060_126112-01_ja_JP.html"
"1551","前期","前期","木1","126113-01","Advanced English 1","EDMUNDS Robert D.","https://cssy.aasa.ac.jp/syllabusHtml/2026/1060/1060_126113-01_ja_JP.html"
"1552","前期","前期","火4","126114-01","Advanced English 2","DYCUS David C.","https://cssy.aasa.ac.jp/syllabusHtml/2026/1060/1060_126114-01_ja_JP.html"
"1553","前期","前期","月4","126115-01","Advanced English 3","BAILEY Mark","https://cssy.aasa.ac.jp/syllabusHtml/2026/1060/1060_126115-01_ja_JP.html"
"1554","前期","前期","水1","126116-01","Advanced English 4","WILLIAMS Allen D.","https://cssy.aasa.ac.jp/syllabusHtml/2026/1060/1060_126116-01_ja_JP.html"
"1555","前期","前期","水2","126117-01","Advanced English 5","WILLIAMS Allen D.","https://cssy.aasa.ac.jp/syllabusHtml/2026/1060/1060_126117-01_ja_JP.html"
"1556","前期","前期","水3","126118-01","Advanced English 6","WILLIAMS Allen D.","https://cssy.aasa.ac.jp/syllabusHtml/2026/1060/1060_126118-01_ja_JP.html"
"1557","後期","後期","月3","126119-01","Proficient English 1","CHEW Hui Yan","https://cssy.aasa.ac.jp/syllabusHtml/2026/1060/1060_126119-01_ja_JP.html"
"1558","後期","後期","月2","126120-01","Proficient English 2","CHEW Hui Yan","https://cssy.aasa.ac.jp/syllabusHtml/2026/1060/1060_126120-01_ja_JP.html"
"1559","後期","後期","月4","126121-01","Proficient English 3","CHEW Hui Yan","https://cssy.aasa.ac.jp/syllabusHtml/2026/1060/1060_126121-01_ja_JP.html"
"1560","後期","後期","水3","126122-01","Proficient English 4","WILLIAMS Allen D.","https://cssy.aasa.ac.jp/syllabusHtml/2026/1060/1060_126122-01_ja_JP.html"
"1561","後期","後期","水1","126123-01","Proficient English 5","WILLIAMS Allen D.","https://cssy.aasa.ac.jp/syllabusHtml/2026/1060/1060_126123-01_ja_JP.html"
"1562","後期","後期","水4","126124-01","Proficient English 6","WILLIAMS Allen D.","https://cssy.aasa.ac.jp/syllabusHtml/2026/1060/1060_126124-01_ja_JP.html"
"1563","後期","後期","月4","126134-01","Sociolinguistics","笠井 俊宏","https://cssy.aasa.ac.jp/syllabusHtml/2026/1060/1060_126134-01_ja_JP.html"
"1564","後期","後期","月1","126142-01","Tell your Story ! Ⅱ","EDMUNDS Robert D.","https://cssy.aasa.ac.jp/syllabusHtml/2026/1060/1060_126142-01_ja_JP.html"
"1565","前期","前期","月2","126146-01","Research Writing Ⅰ","WILLIAMS Allen D.","https://cssy.aasa.ac.jp/syllabusHtml/2026/1060/1060_126146-01_ja_JP.html"
"1566","後期","後期","月2","126147-01","Research Writing Ⅱ","WILLIAMS Allen D.","https://cssy.aasa.ac.jp/syllabusHtml/2026/1060/1060_126147-01_ja_JP.html"
"1567","前期","前期","火3","126209-01","Culturomics","若山 真幸","https://cssy.aasa.ac.jp/syllabusHtml/2026/1060/1060_126209-01_ja_JP.html"
"1568","前期","前期","火2","126212-01","Topics in International Culture and Society 1","中川 亜紀子","https://cssy.aasa.ac.jp/syllabusHtml/2026/1060/1060_126212-01_ja_JP.html"
"1569","前期","前期","火3","126212-02","Topics in International Culture and Society 1","清水 ベアトリックス","https://cssy.aasa.ac.jp/syllabusHtml/2026/1060/1060_126212-02_ja_JP.html"
"1570","前期","前期","火3","126212-03","Topics in International Culture and Society 1","中川 亜紀子","https://cssy.aasa.ac.jp/syllabusHtml/2026/1060/1060_126212-03_ja_JP.html"
"1571","前期","前期","火4","126212-04","Topics in International Culture and Society 1","清水 ベアトリックス","https://cssy.aasa.ac.jp/syllabusHtml/2026/1060/1060_126212-04_ja_JP.html"
"1572","後期","後期","火2","126213-01","Topics in International Culture and Society 2","中川 亜紀子","https://cssy.aasa.ac.jp/syllabusHtml/2026/1060/1060_126213-01_ja_JP.html"
"1573","後期","後期","火3","126213-02","Topics in International Culture and Society 2","清水 ベアトリックス","https://cssy.aasa.ac.jp/syllabusHtml/2026/1060/1060_126213-02_ja_JP.html"
"1574","後期","後期","火3","126213-03","Topics in International Culture and Society 2","中川 亜紀子","https://cssy.aasa.ac.jp/syllabusHtml/2026/1060/1060_126213-03_ja_JP.html"
"1575","後期","後期","火4","126213-04","Topics in International Culture and Society 2","清水 ベアトリックス","https://cssy.aasa.ac.jp/syllabusHtml/2026/1060/1060_126213-04_ja_JP.html"
"1576","前期","前期","火3","126214-01","Topics in International Culture and Society 3","NOTESTINE Russell","https://cssy.aasa.ac.jp/syllabusHtml/2026/1060/1060_126214-01_ja_JP.html"
"1577","後期","後期","月3","126214-02","Topics in International Culture and Society 3","WILLIAMS Allen D.","https://cssy.aasa.ac.jp/syllabusHtml/2026/1060/1060_126214-02_ja_JP.html"
"1578","後期","後期","火3","126214-03","Topics in International Culture and Society 3","NOTESTINE Russell","https://cssy.aasa.ac.jp/syllabusHtml/2026/1060/1060_126214-03_ja_JP.html"
"1579","前期","前期","火3","126216-01","Topics in Japanese Culture and Society","佐々木 智美","https://cssy.aasa.ac.jp/syllabusHtml/2026/1060/1060_126216-01_ja_JP.html"
"1580","前期","前期","木4","126216-02","Topics in Japanese Culture and Society","藤本 恭子","https://cssy.aasa.ac.jp/syllabusHtml/2026/1060/1060_126216-02_ja_JP.html"
"1581","前期","前期","金4","126216-03","Topics in Japanese Culture and Society","篗田 将樹","https://cssy.aasa.ac.jp/syllabusHtml/2026/1060/1060_126216-03_ja_JP.html"
"1582","後期","後期","木4","126216-04","Topics in Japanese Culture and Society","藤本 恭子","https://cssy.aasa.ac.jp/syllabusHtml/2026/1060/1060_126216-04_ja_JP.html"
"1583","後期","後期","木4","126217-01","欧米思想","竹村 朋子","https://cssy.aasa.ac.jp/syllabusHtml/2026/1060/1060_126217-01_ja_JP.html"
"1584","前期","前期","月4","126301-01","専門演習Ⅰ","WILLIAMS Allen D.","https://cssy.aasa.ac.jp/syllabusHtml/2026/1060/1060_126301-01_ja_JP.html"
"1585","前期","前期","火3","126301-02","専門演習Ⅰ","DYCUS David C.","https://cssy.aasa.ac.jp/syllabusHtml/2026/1060/1060_126301-02_ja_JP.html"
"1586","前期","前期","水2","126301-03","専門演習Ⅰ","二村 慎一","https://cssy.aasa.ac.jp/syllabusHtml/2026/1060/1060_126301-03_ja_JP.html"
"1587","前期","前期","水3","126301-04","専門演習Ⅰ","太田 直子","https://cssy.aasa.ac.jp/syllabusHtml/2026/1060/1060_126301-04_ja_JP.html"
"1588","前期","前期","木2","126301-05","専門演習Ⅰ","小沢 茂","https://cssy.aasa.ac.jp/syllabusHtml/2026/1060/1060_126301-05_ja_JP.html"
"1589","前期","前期","木2","126301-06","専門演習Ⅰ","樗木 勇作","https://cssy.aasa.ac.jp/syllabusHtml/2026/1060/1060_126301-06_ja_JP.html"
"1590","前期","前期","木2","126301-07","専門演習Ⅰ","佐々木 智美","https://cssy.aasa.ac.jp/syllabusHtml/2026/1060/1060_126301-07_ja_JP.html"
"1591","前期","前期","木2","126301-08","専門演習Ⅰ","藤本 恭子","https://cssy.aasa.ac.jp/syllabusHtml/2026/1060/1060_126301-08_ja_JP.html"
"1592","前期","前期","木2","126301-09","専門演習Ⅰ","若山 真幸","https://cssy.aasa.ac.jp/syllabusHtml/2026/1060/1060_126301-09_ja_JP.html"
"1593","後期","後期","月4","126302-01","専門演習Ⅱ","WILLIAMS Allen D.","https://cssy.aasa.ac.jp/syllabusHtml/2026/1060/1060_126302-01_ja_JP.html"
"1594","後期","後期","水2","126302-02","専門演習Ⅱ","二村 慎一","https://cssy.aasa.ac.jp/syllabusHtml/2026/1060/1060_126302-02_ja_JP.html"
"1595","後期","後期","水2","126302-03","専門演習Ⅱ","若山 真幸","https://cssy.aasa.ac.jp/syllabusHtml/2026/1060/1060_126302-03_ja_JP.html"
"1596","後期","後期","水3","126302-04","専門演習Ⅱ","太田 直子","https://cssy.aasa.ac.jp/syllabusHtml/2026/1060/1060_126302-04_ja_JP.html"
"1597","後期","後期","木2","126302-05","専門演習Ⅱ","樗木 勇作","https://cssy.aasa.ac.jp/syllabusHtml/2026/1060/1060_126302-05_ja_JP.html"
"1598","後期","後期","木2","126302-06","専門演習Ⅱ","佐々木 智美","https://cssy.aasa.ac.jp/syllabusHtml/2026/1060/1060_126302-06_ja_JP.html"
"1599","後期","後期","木2","126302-07","専門演習Ⅱ","藤本 恭子","https://cssy.aasa.ac.jp/syllabusHtml/2026/1060/1060_126302-07_ja_JP.html"
"1600","後期","後期","木2","126302-08","専門演習Ⅱ","DYCUS David C.","https://cssy.aasa.ac.jp/syllabusHtml/2026/1060/1060_126302-08_ja_JP.html"
"1601","後期","後期","金2","126302-09","専門演習Ⅱ","小沢 茂","https://cssy.aasa.ac.jp/syllabusHtml/2026/1060/1060_126302-09_ja_JP.html"
"1602","前期","前期","月1","126303-01","専門演習Ⅲ","平林 美都子","https://cssy.aasa.ac.jp/syllabusHtml/2026/1060/1060_126303-01_ja_JP.html"
"1603","前期","前期","火1","126303-02","専門演習Ⅲ","藤本 恭子","https://cssy.aasa.ac.jp/syllabusHtml/2026/1060/1060_126303-02_ja_JP.html"
"1604","前期","前期","火2","126303-03","専門演習Ⅲ","WILLIAMS Allen D.","https://cssy.aasa.ac.jp/syllabusHtml/2026/1060/1060_126303-03_ja_JP.html"
"1605","前期","前期","火3","126303-04","専門演習Ⅲ","二村 慎一","https://cssy.aasa.ac.jp/syllabusHtml/2026/1060/1060_126303-04_ja_JP.html"
"1606","前期","前期","水2","126303-05","専門演習Ⅲ","太田 直子","https://cssy.aasa.ac.jp/syllabusHtml/2026/1060/1060_126303-05_ja_JP.html"
"1607","前期","前期","水2","126303-06","専門演習Ⅲ","小沢 茂","https://cssy.aasa.ac.jp/syllabusHtml/2026/1060/1060_126303-06_ja_JP.html"
"1608","前期","前期","木1","126303-07","専門演習Ⅲ","BILODEAU Isabelle","https://cssy.aasa.ac.jp/syllabusHtml/2026/1060/1060_126303-07_ja_JP.html"
"1609","前期","前期","木3","126303-08","専門演習Ⅲ","DYCUS David C.","https://cssy.aasa.ac.jp/syllabusHtml/2026/1060/1060_126303-08_ja_JP.html"
"1610","前期","前期","金3","126303-09","専門演習Ⅲ","樗木 勇作","https://cssy.aasa.ac.jp/syllabusHtml/2026/1060/1060_126303-09_ja_JP.html"
"1611","前期","前期","金3","126303-10","専門演習Ⅲ","若山 真幸","https://cssy.aasa.ac.jp/syllabusHtml/2026/1060/1060_126303-10_ja_JP.html"
"1612","後期","後期","月1","126304-01","専門演習Ⅳ","平林 美都子","https://cssy.aasa.ac.jp/syllabusHtml/2026/1060/1060_126304-01_ja_JP.html"
"1613","後期","後期","火1","126304-02","専門演習Ⅳ","藤本 恭子","https://cssy.aasa.ac.jp/syllabusHtml/2026/1060/1060_126304-02_ja_JP.html"
"1614","後期","後期","火2","126304-03","専門演習Ⅳ","WILLIAMS Allen D.","https://cssy.aasa.ac.jp/syllabusHtml/2026/1060/1060_126304-03_ja_JP.html"
"1615","後期","後期","火3","126304-04","専門演習Ⅳ","二村 慎一","https://cssy.aasa.ac.jp/syllabusHtml/2026/1060/1060_126304-04_ja_JP.html"
"1616","後期","後期","水2","126304-05","専門演習Ⅳ","太田 直子","https://cssy.aasa.ac.jp/syllabusHtml/2026/1060/1060_126304-05_ja_JP.html"
"1617","後期","後期","水3","126304-06","専門演習Ⅳ","小沢 茂","https://cssy.aasa.ac.jp/syllabusHtml/2026/1060/1060_126304-06_ja_JP.html"
"1618","後期","後期","木1","126304-07","専門演習Ⅳ","BILODEAU Isabelle","https://cssy.aasa.ac.jp/syllabusHtml/2026/1060/1060_126304-07_ja_JP.html"
"1619","後期","後期","金2","126304-08","専門演習Ⅳ","DYCUS David C.","https://cssy.aasa.ac.jp/syllabusHtml/2026/1060/1060_126304-08_ja_JP.html"
"1620","後期","後期","金3","126304-09","専門演習Ⅳ","若山 真幸","https://cssy.aasa.ac.jp/syllabusHtml/2026/1060/1060_126304-09_ja_JP.html"
"1621","後期","後期","金3","126304-10","専門演習Ⅳ","樗木 勇作","https://cssy.aasa.ac.jp/syllabusHtml/2026/1060/1060_126304-10_ja_JP.html"
"1622","前期","前期","月2","126305-01","課題実践演習Ⅰ","平林 美都子","https://cssy.aasa.ac.jp/syllabusHtml/2026/1060/1060_126305-01_ja_JP.html"
"1623","前期","前期","火2","126305-02","課題実践演習Ⅰ","藤本 恭子","https://cssy.aasa.ac.jp/syllabusHtml/2026/1060/1060_126305-02_ja_JP.html"
"1624","前期","前期","火3","126305-03","課題実践演習Ⅰ","WILLIAMS Allen D.","https://cssy.aasa.ac.jp/syllabusHtml/2026/1060/1060_126305-03_ja_JP.html"
"1625","前期","前期","火4","126305-04","課題実践演習Ⅰ","二村 慎一","https://cssy.aasa.ac.jp/syllabusHtml/2026/1060/1060_126305-04_ja_JP.html"
"1626","前期","前期","水1","126305-05","課題実践演習Ⅰ","太田 直子","https://cssy.aasa.ac.jp/syllabusHtml/2026/1060/1060_126305-05_ja_JP.html"
"1627","前期","前期","水3","126305-06","課題実践演習Ⅰ","小沢 茂","https://cssy.aasa.ac.jp/syllabusHtml/2026/1060/1060_126305-06_ja_JP.html"
"1628","前期","前期","木2","126305-07","課題実践演習Ⅰ","BILODEAU Isabelle","https://cssy.aasa.ac.jp/syllabusHtml/2026/1060/1060_126305-07_ja_JP.html"
"1629","前期","前期","木4","126305-08","課題実践演習Ⅰ","DYCUS David C.","https://cssy.aasa.ac.jp/syllabusHtml/2026/1060/1060_126305-08_ja_JP.html"
"1630","前期","前期","金2","126305-09","課題実践演習Ⅰ","樗木 勇作","https://cssy.aasa.ac.jp/syllabusHtml/2026/1060/1060_126305-09_ja_JP.html"
"1631","前期","前期","金4","126305-10","課題実践演習Ⅰ","若山 真幸","https://cssy.aasa.ac.jp/syllabusHtml/2026/1060/1060_126305-10_ja_JP.html"
"1632","後期","後期","月2","126306-01","課題実践演習Ⅱ","平林 美都子","https://cssy.aasa.ac.jp/syllabusHtml/2026/1060/1060_126306-01_ja_JP.html"
"1633","後期","後期","火2","126306-02","課題実践演習Ⅱ","藤本 恭子","https://cssy.aasa.ac.jp/syllabusHtml/2026/1060/1060_126306-02_ja_JP.html"
"1634","後期","後期","火3","126306-03","課題実践演習Ⅱ","WILLIAMS Allen D.","https://cssy.aasa.ac.jp/syllabusHtml/2026/1060/1060_126306-03_ja_JP.html"
"1635","後期","後期","火4","126306-04","課題実践演習Ⅱ","二村 慎一","https://cssy.aasa.ac.jp/syllabusHtml/2026/1060/1060_126306-04_ja_JP.html"
"1636","後期","後期","水1","126306-05","課題実践演習Ⅱ","太田 直子","https://cssy.aasa.ac.jp/syllabusHtml/2026/1060/1060_126306-05_ja_JP.html"
"1637","後期","後期","木2","126306-06","課題実践演習Ⅱ","小沢 茂","https://cssy.aasa.ac.jp/syllabusHtml/2026/1060/1060_126306-06_ja_JP.html"
"1638","後期","後期","木2","126306-07","課題実践演習Ⅱ","BILODEAU Isabelle","https://cssy.aasa.ac.jp/syllabusHtml/2026/1060/1060_126306-07_ja_JP.html"
"1639","後期","後期","金2","126306-08","課題実践演習Ⅱ","樗木 勇作","https://cssy.aasa.ac.jp/syllabusHtml/2026/1060/1060_126306-08_ja_JP.html"
"1640","後期","後期","金3","126306-09","課題実践演習Ⅱ","DYCUS David C.","https://cssy.aasa.ac.jp/syllabusHtml/2026/1060/1060_126306-09_ja_JP.html"
"1641","後期","後期","金4","126306-10","課題実践演習Ⅱ","若山 真幸","https://cssy.aasa.ac.jp/syllabusHtml/2026/1060/1060_126306-10_ja_JP.html"
"1642","前期","前期","他","126307-01","長期海外セミナー1(前期)","樗木 勇作 佐々木 智美","https://cssy.aasa.ac.jp/syllabusHtml/2026/1060/1060_126307-01_ja_JP.html"
"1643","前期","前期","他","126308-01","長期海外セミナー2(前期)","樗木 勇作 佐々木 智美","https://cssy.aasa.ac.jp/syllabusHtml/2026/1060/1060_126308-01_ja_JP.html"
"1644","前期","前期","他","126309-01","長期海外セミナー3(前期)","樗木 勇作 佐々木 智美","https://cssy.aasa.ac.jp/syllabusHtml/2026/1060/1060_126309-01_ja_JP.html"
"1645","前期","前期","他","126310-01","長期海外セミナー4(前期)","樗木 勇作 佐々木 智美","https://cssy.aasa.ac.jp/syllabusHtml/2026/1060/1060_126310-01_ja_JP.html"
"1646","前期","前期","他","126311-01","長期海外セミナー5(前期)","樗木 勇作 佐々木 智美","https://cssy.aasa.ac.jp/syllabusHtml/2026/1060/1060_126311-01_ja_JP.html"
"1647","前期","前期","他","126312-01","長期海外セミナー6(前期)","樗木 勇作 佐々木 智美","https://cssy.aasa.ac.jp/syllabusHtml/2026/1060/1060_126312-01_ja_JP.html"
"1648","前期","前期","他","126313-01","長期海外セミナー7(前期)","樗木 勇作 佐々木 智美","https://cssy.aasa.ac.jp/syllabusHtml/2026/1060/1060_126313-01_ja_JP.html"
"1649","前期","前期","他","126314-01","長期海外セミナー8(前期)","樗木 勇作 佐々木 智美","https://cssy.aasa.ac.jp/syllabusHtml/2026/1060/1060_126314-01_ja_JP.html"
"1650","後期","後期","他","126315-01","長期海外セミナー1(後期)","樗木 勇作 佐々木 智美","https://cssy.aasa.ac.jp/syllabusHtml/2026/1060/1060_126315-01_ja_JP.html"
"1651","後期","後期","他","126316-01","長期海外セミナー2(後期)","樗木 勇作 佐々木 智美","https://cssy.aasa.ac.jp/syllabusHtml/2026/1060/1060_126316-01_ja_JP.html"
"1652","後期","後期","他","126317-01","長期海外セミナー3(後期)","樗木 勇作 佐々木 智美","https://cssy.aasa.ac.jp/syllabusHtml/2026/1060/1060_126317-01_ja_JP.html"
"1653","後期","後期","他","126318-01","長期海外セミナー4(後期)","樗木 勇作 佐々木 智美","https://cssy.aasa.ac.jp/syllabusHtml/2026/1060/1060_126318-01_ja_JP.html"
"1654","後期","後期","他","126319-01","長期海外セミナー5(後期)","樗木 勇作 佐々木 智美","https://cssy.aasa.ac.jp/syllabusHtml/2026/1060/1060_126319-01_ja_JP.html"
"1655","後期","後期","他","126320-01","長期海外セミナー6(後期)","樗木 勇作 佐々木 智美","https://cssy.aasa.ac.jp/syllabusHtml/2026/1060/1060_126320-01_ja_JP.html"
"1656","後期","後期","他","126321-01","長期海外セミナー7(後期)","樗木 勇作 佐々木 智美","https://cssy.aasa.ac.jp/syllabusHtml/2026/1060/1060_126321-01_ja_JP.html"
"1657","後期","後期","他","126322-01","長期海外セミナー8(後期)","樗木 勇作 佐々木 智美","https://cssy.aasa.ac.jp/syllabusHtml/2026/1060/1060_126322-01_ja_JP.html"
"1658","前期","前期","火4","126401-01","TOEIC Training Ⅰ","藤本 恭子","https://cssy.aasa.ac.jp/syllabusHtml/2026/1060/1060_126401-01_ja_JP.html"
"1659","前期","前期","木4","126401-02","TOEIC Training Ⅰ","太田 晶子","https://cssy.aasa.ac.jp/syllabusHtml/2026/1060/1060_126401-02_ja_JP.html"
"1660","前期","前期","木5","126402-01","TOEIC Training Ⅱ","太田 晶子","https://cssy.aasa.ac.jp/syllabusHtml/2026/1060/1060_126402-01_ja_JP.html"
"1661","後期","後期","火4","126402-02","TOEIC Training Ⅱ","藤本 恭子","https://cssy.aasa.ac.jp/syllabusHtml/2026/1060/1060_126402-02_ja_JP.html"
"1662","前期","前期","月4","126403-01","IELTS Preparation Ⅰ","佐々木 智美","https://cssy.aasa.ac.jp/syllabusHtml/2026/1060/1060_126403-01_ja_JP.html"
"1663","後期","後期","月4","126404-01","IELTS Preparation Ⅱ","佐々木 智美","https://cssy.aasa.ac.jp/syllabusHtml/2026/1060/1060_126404-01_ja_JP.html"
"1664","前期","前期","水3","126405-01","TOEFL Preparation Ⅰ","佐々木 智美","https://cssy.aasa.ac.jp/syllabusHtml/2026/1060/1060_126405-01_ja_JP.html"
"1665","後期","後期","水3","126406-01","TOEFL Preparation Ⅱ","佐々木 智美","https://cssy.aasa.ac.jp/syllabusHtml/2026/1060/1060_126406-01_ja_JP.html"
"1666","前期","前期","木3","126407-01","Simultaneous Interpretation Ⅰ","藤本 恭子","https://cssy.aasa.ac.jp/syllabusHtml/2026/1060/1060_126407-01_ja_JP.html"
"1667","後期","後期","木3","126408-01","Simultaneous Interpretation Ⅱ","藤本 恭子","https://cssy.aasa.ac.jp/syllabusHtml/2026/1060/1060_126408-01_ja_JP.html"
"1668","前期","前期","水4","126411-01","Business Communication Ⅰ (General Discussion)","ANG Donna","https://cssy.aasa.ac.jp/syllabusHtml/2026/1060/1060_126411-01_ja_JP.html"
"1669","前期","前期","水5","126411-02","Business Communication Ⅰ (General Discussion)","ANG Donna","https://cssy.aasa.ac.jp/syllabusHtml/2026/1060/1060_126411-02_ja_JP.html"
"1670","前期","前期","金3","126411-03","Business Communication Ⅰ (General Discussion)","ANG Donna","https://cssy.aasa.ac.jp/syllabusHtml/2026/1060/1060_126411-03_ja_JP.html"
"1671","前期","前期","金4","126411-04","Business Communication Ⅰ (General Discussion)","ANG Donna","https://cssy.aasa.ac.jp/syllabusHtml/2026/1060/1060_126411-04_ja_JP.html"
"1672","前期","前期","水2","126411-05","Business Communication Ⅰ (General Discussion)","WRINGER Paul","https://cssy.aasa.ac.jp/syllabusHtml/2026/1060/1060_126411-05_ja_JP.html"
"1673","前期","前期","水5","126411-06","Business Communication Ⅰ (General Discussion)","BAILEY Mark","https://cssy.aasa.ac.jp/syllabusHtml/2026/1060/1060_126411-06_ja_JP.html"
"1674","前期","前期","金1","126411-07","Business Communication Ⅰ (General Discussion)","HARRIS Richard S.","https://cssy.aasa.ac.jp/syllabusHtml/2026/1060/1060_126411-07_ja_JP.html"
"1675","前期","前期","金2","126411-08","Business Communication Ⅰ (General Discussion)","HARRIS Richard S.","https://cssy.aasa.ac.jp/syllabusHtml/2026/1060/1060_126411-08_ja_JP.html"
"1676","前期","前期","金3","126411-09","Business Communication Ⅰ (General Discussion)","HARRIS Richard S.","https://cssy.aasa.ac.jp/syllabusHtml/2026/1060/1060_126411-09_ja_JP.html"
"1677","前期","前期","金3","126411-10","Business Communication Ⅰ (General Discussion)","BAILEY Mark","https://cssy.aasa.ac.jp/syllabusHtml/2026/1060/1060_126411-10_ja_JP.html"
"1678","前期","前期","金3","126411-11","Business Communication Ⅰ (General Discussion)","PUDWILL Larry A.","https://cssy.aasa.ac.jp/syllabusHtml/2026/1060/1060_126411-11_ja_JP.html"
"1679","前期","前期","金4","126411-12","Business Communication Ⅰ (General Discussion)","BAILEY Mark","https://cssy.aasa.ac.jp/syllabusHtml/2026/1060/1060_126411-12_ja_JP.html"
"1680","前期","前期","金4","126411-13","Business Communication Ⅰ (General Discussion)","HARRIS Richard S.","https://cssy.aasa.ac.jp/syllabusHtml/2026/1060/1060_126411-13_ja_JP.html"
"1681","前期","前期","金4","126411-14","Business Communication Ⅰ (General Discussion)","PUDWILL Larry A.","https://cssy.aasa.ac.jp/syllabusHtml/2026/1060/1060_126411-14_ja_JP.html"
"1682","前期","前期","金5","126411-15","Business Communication Ⅰ (General Discussion)","BAILEY Mark","https://cssy.aasa.ac.jp/syllabusHtml/2026/1060/1060_126411-15_ja_JP.html"
"1683","前期","前期","月1","126412-01","Business Communication Ⅱ (Theme-based)","LEAF David H.","https://cssy.aasa.ac.jp/syllabusHtml/2026/1060/1060_126412-01_ja_JP.html"
"1684","前期","前期","月2","126412-02","Business Communication Ⅱ (Theme-based)","LEAF David H.","https://cssy.aasa.ac.jp/syllabusHtml/2026/1060/1060_126412-02_ja_JP.html"
"1685","前期","前期","火3","126412-03","Business Communication Ⅱ (Theme-based)","SU Jia A.","https://cssy.aasa.ac.jp/syllabusHtml/2026/1060/1060_126412-03_ja_JP.html"
"1686","前期","前期","火4","126412-04","Business Communication Ⅱ (Theme-based)","SU Jia A.","https://cssy.aasa.ac.jp/syllabusHtml/2026/1060/1060_126412-04_ja_JP.html"
"1687","前期","前期","水1","126412-05","Business Communication Ⅱ (Theme-based)","RICART Michael","https://cssy.aasa.ac.jp/syllabusHtml/2026/1060/1060_126412-05_ja_JP.html"
"1688","前期","前期","水2","126412-06","Business Communication Ⅱ (Theme-based)","RICART Michael","https://cssy.aasa.ac.jp/syllabusHtml/2026/1060/1060_126412-06_ja_JP.html"
"1689","前期","前期","水3","126412-07","Business Communication Ⅱ (Theme-based)","RICART Michael","https://cssy.aasa.ac.jp/syllabusHtml/2026/1060/1060_126412-07_ja_JP.html"
"1690","前期","前期","水3","126412-08","Business Communication Ⅱ (Theme-based)","WRINGER Paul","https://cssy.aasa.ac.jp/syllabusHtml/2026/1060/1060_126412-08_ja_JP.html"
"1691","前期","前期","水4","126412-09","Business Communication Ⅱ (Theme-based)","WRINGER Paul","https://cssy.aasa.ac.jp/syllabusHtml/2026/1060/1060_126412-09_ja_JP.html"
"1692","前期","前期","水4","126412-10","Business Communication Ⅱ (Theme-based)","RICART Michael","https://cssy.aasa.ac.jp/syllabusHtml/2026/1060/1060_126412-10_ja_JP.html"
"1693","前期","前期","水5","126412-11","Business Communication Ⅱ (Theme-based)","RICART Michael","https://cssy.aasa.ac.jp/syllabusHtml/2026/1060/1060_126412-11_ja_JP.html"
"1694","前期","前期","水5","126412-12","Business Communication Ⅱ (Theme-based)","WRINGER Paul","https://cssy.aasa.ac.jp/syllabusHtml/2026/1060/1060_126412-12_ja_JP.html"
"1695","前期","前期","火5","126412-13","Business Communication Ⅱ (Theme-based)","SU Jia A.","https://cssy.aasa.ac.jp/syllabusHtml/2026/1060/1060_126412-13_ja_JP.html"
"1696","前期","前期","木1","126412-14","Business Communication Ⅱ (Theme-based)","LEAF David H.","https://cssy.aasa.ac.jp/syllabusHtml/2026/1060/1060_126412-14_ja_JP.html"
"1697","前期","前期","木3","126412-15","Business Communication Ⅱ (Theme-based)","LEAF David H.","https://cssy.aasa.ac.jp/syllabusHtml/2026/1060/1060_126412-15_ja_JP.html"
"1698","前期","前期","月1","126413-01","Business Communication Ⅲ (Project-based)","EDMUNDS Robert D.","https://cssy.aasa.ac.jp/syllabusHtml/2026/1060/1060_126413-01_ja_JP.html"
"1699","前期","前期","木2","126413-02","Business Communication Ⅲ (Project-based)","EDMUNDS Robert D.","https://cssy.aasa.ac.jp/syllabusHtml/2026/1060/1060_126413-02_ja_JP.html"
"1700","前期","前期","月2","126413-03","Business Communication Ⅲ (Project-based)","CHEW Hui Yan","https://cssy.aasa.ac.jp/syllabusHtml/2026/1060/1060_126413-03_ja_JP.html"
"1701","前期","前期","月2","126413-04","Business Communication Ⅲ (Project-based)","EDMUNDS Robert D.","https://cssy.aasa.ac.jp/syllabusHtml/2026/1060/1060_126413-04_ja_JP.html"
"1702","前期","前期","月3","126413-05","Business Communication Ⅲ (Project-based)","EDMUNDS Robert D.","https://cssy.aasa.ac.jp/syllabusHtml/2026/1060/1060_126413-05_ja_JP.html"
"1703","前期","前期","火2","126413-06","Business Communication Ⅲ (Project-based)","CHEW Hui Yan","https://cssy.aasa.ac.jp/syllabusHtml/2026/1060/1060_126413-06_ja_JP.html"
"1704","前期","前期","火3","126413-07","Business Communication Ⅲ (Project-based)","CHEW Hui Yan","https://cssy.aasa.ac.jp/syllabusHtml/2026/1060/1060_126413-07_ja_JP.html"
"1705","前期","前期","火4","126413-08","Business Communication Ⅲ (Project-based)","NOTESTINE Russell","https://cssy.aasa.ac.jp/syllabusHtml/2026/1060/1060_126413-08_ja_JP.html"
"1706","前期","前期","水1","126413-09","Business Communication Ⅲ (Project-based)","MARSHALL Michael","https://cssy.aasa.ac.jp/syllabusHtml/2026/1060/1060_126413-09_ja_JP.html"
"1707","前期","前期","水1","126413-10","Business Communication Ⅲ (Project-based)","CHEW Hui Yan","https://cssy.aasa.ac.jp/syllabusHtml/2026/1060/1060_126413-10_ja_JP.html"
"1708","前期","前期","水2","126413-11","Business Communication Ⅲ (Project-based)","MARSHALL Michael","https://cssy.aasa.ac.jp/syllabusHtml/2026/1060/1060_126413-11_ja_JP.html"
"1709","前期","前期","水2","126413-12","Business Communication Ⅲ (Project-based)","CHEW Hui Yan","https://cssy.aasa.ac.jp/syllabusHtml/2026/1060/1060_126413-12_ja_JP.html"
"1710","前期","前期","水3","126413-13","Business Communication Ⅲ (Project-based)","MARSHALL Michael","https://cssy.aasa.ac.jp/syllabusHtml/2026/1060/1060_126413-13_ja_JP.html"
"1711","前期","前期","水4","126413-14","Business Communication Ⅲ (Project-based)","MARSHALL Michael","https://cssy.aasa.ac.jp/syllabusHtml/2026/1060/1060_126413-14_ja_JP.html"
"1712","前期","前期","金4","126413-15","Business Communication Ⅲ (Project-based)","CHEW Hui Yan","https://cssy.aasa.ac.jp/syllabusHtml/2026/1060/1060_126413-15_ja_JP.html"
"1713","後期","後期","水2","126416-01","Presentation & Field Work Ⅱ","WILLIAMS Allen D.","https://cssy.aasa.ac.jp/syllabusHtml/2026/1060/1060_126416-01_ja_JP.html"
"1714","後期","後期","水2","126417-01","Introduction to Hospitality Business","嘉悦 祐子","https://cssy.aasa.ac.jp/syllabusHtml/2026/1060/1060_126417-01_ja_JP.html"
"1715","前期","前期","木3","126418-01","ホスピタリティ英語Ⅰ","嘉悦 祐子","https://cssy.aasa.ac.jp/syllabusHtml/2026/1060/1060_126418-01_ja_JP.html"
"1716","後期","後期","月3","126419-01","ホスピタリティ英語Ⅱ","MOLOTSI Prisca","https://cssy.aasa.ac.jp/syllabusHtml/2026/1060/1060_126419-01_ja_JP.html"
"1717","後期","後期","他","126420-01","海外セミナー(Cabin Crew Course)","樗木 勇作","https://cssy.aasa.ac.jp/syllabusHtml/2026/1060/1060_126420-01_ja_JP.html"
"1718","前期","前期","水1","126421-02","Language Acquisition","佐々木 智美","https://cssy.aasa.ac.jp/syllabusHtml/2026/1060/1060_126421-02_ja_JP.html"
"1719","後期","後期","水1","126421-03","Language Acquisition","佐々木 智美","https://cssy.aasa.ac.jp/syllabusHtml/2026/1060/1060_126421-03_ja_JP.html"
"1720","前期","前期","水1","126422-01","日英対照言語学","二村 慎一","https://cssy.aasa.ac.jp/syllabusHtml/2026/1060/1060_126422-01_ja_JP.html"
"1721","後期","後期","木1","126422-02","日英対照言語学","樗木 勇作","https://cssy.aasa.ac.jp/syllabusHtml/2026/1060/1060_126422-02_ja_JP.html"
"1722","前期","前期","火3","126425-01","中学校英語教育実践演習(学校文法)","藤本 恭子","https://cssy.aasa.ac.jp/syllabusHtml/2026/1060/1060_126425-01_ja_JP.html"
"1723","前期","通年","他","126426-01","小学校英語教育実践演習Ⅱ","樗木 勇作","https://cssy.aasa.ac.jp/syllabusHtml/2026/1060/1060_126426-01_ja_JP.html"
"1724","前期","前期","水3","126427-01","高校英語教育実践演習Ⅰ(学校文法)","藤本 恭子","https://cssy.aasa.ac.jp/syllabusHtml/2026/1060/1060_126427-01_ja_JP.html"
"1725","後期","後期","火3","126429-01","高校英語教育実践演習Ⅱ(オーラルコミュニケーション)","藤本 恭子","https://cssy.aasa.ac.jp/syllabusHtml/2026/1060/1060_126429-01_ja_JP.html"
"1726","後期","後期","水1","126430-01","教員採用試験対策講座Ⅰ","藤本 恭子","https://cssy.aasa.ac.jp/syllabusHtml/2026/1060/1060_126430-01_ja_JP.html"
"1727","前期","前期","水1","126431-01","教員採用試験対策講座Ⅱ","藤本 恭子","https://cssy.aasa.ac.jp/syllabusHtml/2026/1060/1060_126431-01_ja_JP.html"
"1728","後期","後期","水3","126432-01","中・高英語教育実践演習","藤本 恭子","https://cssy.aasa.ac.jp/syllabusHtml/2026/1060/1060_126432-01_ja_JP.html"
"1729","前期","前期","木4","126433-01","子ども概論Ⅰ","本山 ひふみ","https://cssy.aasa.ac.jp/syllabusHtml/2026/1060/1060_126433-01_ja_JP.html"
"1730","後期","後期","木3","126433-02","子ども概論Ⅰ","本山 ひふみ","https://cssy.aasa.ac.jp/syllabusHtml/2026/1060/1060_126433-02_ja_JP.html"
"1731","前期","前期","木5","126434-01","子ども概論Ⅱ","本山 ひふみ","https://cssy.aasa.ac.jp/syllabusHtml/2026/1060/1060_126434-01_ja_JP.html"
"1732","後期","後期","木4","126434-02","子ども概論Ⅱ","本山 ひふみ","https://cssy.aasa.ac.jp/syllabusHtml/2026/1060/1060_126434-02_ja_JP.html"
"1733","前期","前期","水1","127001-01","First Year Seminar","海老崎 功","https://cssy.aasa.ac.jp/syllabusHtml/2026/2510/2510_127001-01_ja_JP.html"
"1734","前期","前期","水1","127001-02","First Year Seminar","加藤 智","https://cssy.aasa.ac.jp/syllabusHtml/2026/2510/2510_127001-02_ja_JP.html"
"1735","前期","前期","水1","127001-03","First Year Seminar","佐藤 実芳","https://cssy.aasa.ac.jp/syllabusHtml/2026/2510/2510_127001-03_ja_JP.html"
"1736","前期","前期","水1","127001-04","First Year Seminar","白石 朝子","https://cssy.aasa.ac.jp/syllabusHtml/2026/2510/2510_127001-04_ja_JP.html"
"1737","前期","前期","水1","127001-05","First Year Seminar","猶原 秀明","https://cssy.aasa.ac.jp/syllabusHtml/2026/2510/2510_127001-05_ja_JP.html"
"1738","前期","前期","水1","127001-06","First Year Seminar","中嶋 真弓","https://cssy.aasa.ac.jp/syllabusHtml/2026/2510/2510_127001-06_ja_JP.html"
"1739","前期","前期","水1","127001-07","First Year Seminar","野井 未加","https://cssy.aasa.ac.jp/syllabusHtml/2026/2510/2510_127001-07_ja_JP.html"
"1740","前期","前期","水1","127001-08","First Year Seminar","平子 晶規","https://cssy.aasa.ac.jp/syllabusHtml/2026/2510/2510_127001-08_ja_JP.html"
"1741","前期","前期","水1","127001-09","First Year Seminar","星野 将直","https://cssy.aasa.ac.jp/syllabusHtml/2026/2510/2510_127001-09_ja_JP.html"
"1742","前期","前期","水1","127001-10","First Year Seminar","松井 千代","https://cssy.aasa.ac.jp/syllabusHtml/2026/2510/2510_127001-10_ja_JP.html"
"1743","前期","前期","水1","127001-11","First Year Seminar","松田 秀子","https://cssy.aasa.ac.jp/syllabusHtml/2026/2510/2510_127001-11_ja_JP.html"
"1744","前期","前期","水1","127001-12","First Year Seminar","山本 和久","https://cssy.aasa.ac.jp/syllabusHtml/2026/2510/2510_127001-12_ja_JP.html"
"1745","前期","前期","水1","127001-13","First Year Seminar","吉田 伸一","https://cssy.aasa.ac.jp/syllabusHtml/2026/2510/2510_127001-13_ja_JP.html"
"1746","前期","前期","木1","127001-14","First Year Seminar","伊藤 真理","https://cssy.aasa.ac.jp/syllabusHtml/2026/2510/2510_127001-14_ja_JP.html"
"1747","前期","前期","木1","127001-15","First Year Seminar","藤本 恭子","https://cssy.aasa.ac.jp/syllabusHtml/2026/2510/2510_127001-15_ja_JP.html"
"1748","前期","前期","木1","127001-16","First Year Seminar","樗木 勇作","https://cssy.aasa.ac.jp/syllabusHtml/2026/2510/2510_127001-16_ja_JP.html"
"1749","前期","前期","木1","127001-17","First Year Seminar","太田 直子","https://cssy.aasa.ac.jp/syllabusHtml/2026/2510/2510_127001-17_ja_JP.html"
"1750","前期","前期","木1","127001-18","First Year Seminar","小沢 茂","https://cssy.aasa.ac.jp/syllabusHtml/2026/2510/2510_127001-18_ja_JP.html"
"1751","前期","前期","木1","127001-19","First Year Seminar","神谷 政和","https://cssy.aasa.ac.jp/syllabusHtml/2026/2510/2510_127001-19_ja_JP.html"
"1752","前期","前期","他","127002-01","学校教育体験","加藤 智","https://cssy.aasa.ac.jp/syllabusHtml/2026/2510/2510_127002-01_ja_JP.html"
"1753","後期","後期","木1","127003-01","特別支援教育論","吉田 伸一 猶原 秀明 佐藤 賢","https://cssy.aasa.ac.jp/syllabusHtml/2026/2510/2510_127003-01_ja_JP.html"
"1754","後期","後期","木2","127003-02","特別支援教育論","吉田 伸一 猶原 秀明 佐藤 賢","https://cssy.aasa.ac.jp/syllabusHtml/2026/2510/2510_127003-02_ja_JP.html"
"1755","前期","前期","月2","127004-01","English Collaboration Ⅰ","MOLOTSI Prisca","https://cssy.aasa.ac.jp/syllabusHtml/2026/2510/2510_127004-01_ja_JP.html"
"1756","前期","前期","月4","127004-02","English Collaboration Ⅰ","MOLOTSI Prisca","https://cssy.aasa.ac.jp/syllabusHtml/2026/2510/2510_127004-02_ja_JP.html"
"1757","前期","前期","火1","127004-03","English Collaboration Ⅰ","CHEW Hui Yan","https://cssy.aasa.ac.jp/syllabusHtml/2026/2510/2510_127004-03_ja_JP.html"
"1758","前期","前期","水3","127004-04","English Collaboration Ⅰ","DYCUS David C.","https://cssy.aasa.ac.jp/syllabusHtml/2026/2510/2510_127004-04_ja_JP.html"
"1759","前期","前期","水4","127004-05","English Collaboration Ⅰ","CHEW Hui Yan","https://cssy.aasa.ac.jp/syllabusHtml/2026/2510/2510_127004-05_ja_JP.html"
"1760","前期","前期","木2","127004-06","English Collaboration Ⅰ","MOLOTSI Prisca","https://cssy.aasa.ac.jp/syllabusHtml/2026/2510/2510_127004-06_ja_JP.html"
"1761","前期","前期","木3","127004-07","English Collaboration Ⅰ","MOLOTSI Prisca","https://cssy.aasa.ac.jp/syllabusHtml/2026/2510/2510_127004-07_ja_JP.html"
"1762","前期","前期","木4","127004-08","English Collaboration Ⅰ","MOLOTSI Prisca","https://cssy.aasa.ac.jp/syllabusHtml/2026/2510/2510_127004-08_ja_JP.html"
"1763","前期","前期","木5","127004-09","English Collaboration Ⅰ","MOLOTSI Prisca","https://cssy.aasa.ac.jp/syllabusHtml/2026/2510/2510_127004-09_ja_JP.html"
"1764","前期","前期","金1","127004-10","English Collaboration Ⅰ","CHEW Hui Yan","https://cssy.aasa.ac.jp/syllabusHtml/2026/2510/2510_127004-10_ja_JP.html"
"1765","前期","前期","金2","127004-11","English Collaboration Ⅰ","CHEW Hui Yan","https://cssy.aasa.ac.jp/syllabusHtml/2026/2510/2510_127004-11_ja_JP.html"
"1766","前期","前期","金3","127004-12","English Collaboration Ⅰ","CHEW Hui Yan","https://cssy.aasa.ac.jp/syllabusHtml/2026/2510/2510_127004-12_ja_JP.html"
"1767","前期","前期","金4","127004-13","English Collaboration Ⅰ","MOLOTSI Prisca","https://cssy.aasa.ac.jp/syllabusHtml/2026/2510/2510_127004-13_ja_JP.html"
"1768","前期","前期","金5","127004-14","English Collaboration Ⅰ","MOLOTSI Prisca","https://cssy.aasa.ac.jp/syllabusHtml/2026/2510/2510_127004-14_ja_JP.html"
"1769","後期","後期","火1","127005-01","English Collaboration Ⅱ","CHEW Hui Yan","https://cssy.aasa.ac.jp/syllabusHtml/2026/2510/2510_127005-01_ja_JP.html"
"1770","後期","後期","月4","127005-02","English Collaboration Ⅱ","MOLOTSI Prisca","https://cssy.aasa.ac.jp/syllabusHtml/2026/2510/2510_127005-02_ja_JP.html"
"1771","後期","後期","水3","127005-03","English Collaboration Ⅱ","CHEW Hui Yan","https://cssy.aasa.ac.jp/syllabusHtml/2026/2510/2510_127005-03_ja_JP.html"
"1772","後期","後期","水4","127005-04","English Collaboration Ⅱ","CHEW Hui Yan","https://cssy.aasa.ac.jp/syllabusHtml/2026/2510/2510_127005-04_ja_JP.html"
"1773","後期","後期","木3","127005-05","English Collaboration Ⅱ","MOLOTSI Prisca","https://cssy.aasa.ac.jp/syllabusHtml/2026/2510/2510_127005-05_ja_JP.html"
"1774","後期","後期","木4","127005-06","English Collaboration Ⅱ","MOLOTSI Prisca","https://cssy.aasa.ac.jp/syllabusHtml/2026/2510/2510_127005-06_ja_JP.html"
"1775","後期","後期","木5","127005-07","English Collaboration Ⅱ","MOLOTSI Prisca","https://cssy.aasa.ac.jp/syllabusHtml/2026/2510/2510_127005-07_ja_JP.html"
"1776","後期","後期","金1","127005-08","English Collaboration Ⅱ","CHEW Hui Yan","https://cssy.aasa.ac.jp/syllabusHtml/2026/2510/2510_127005-08_ja_JP.html"
"1777","後期","後期","金2","127005-09","English Collaboration Ⅱ","CHEW Hui Yan","https://cssy.aasa.ac.jp/syllabusHtml/2026/2510/2510_127005-09_ja_JP.html"
"1778","後期","後期","金3","127005-10","English Collaboration Ⅱ","CHEW Hui Yan","https://cssy.aasa.ac.jp/syllabusHtml/2026/2510/2510_127005-10_ja_JP.html"
"1779","後期","後期","金3","127005-11","English Collaboration Ⅱ","MOLOTSI Prisca","https://cssy.aasa.ac.jp/syllabusHtml/2026/2510/2510_127005-11_ja_JP.html"
"1780","後期","後期","金4","127005-12","English Collaboration Ⅱ","DYCUS David C.","https://cssy.aasa.ac.jp/syllabusHtml/2026/2510/2510_127005-12_ja_JP.html"
"1781","後期","後期","金4","127005-13","English Collaboration Ⅱ","MOLOTSI Prisca","https://cssy.aasa.ac.jp/syllabusHtml/2026/2510/2510_127005-13_ja_JP.html"
"1782","後期","後期","金5","127005-14","English Collaboration Ⅱ","MOLOTSI Prisca","https://cssy.aasa.ac.jp/syllabusHtml/2026/2510/2510_127005-14_ja_JP.html"
"1783","前期","前期","水2","127006-01","TOEIC for English teachers","藤本 恭子","https://cssy.aasa.ac.jp/syllabusHtml/2026/2510/2510_127006-01_ja_JP.html"
"1784","後期","後期","水2","127006-02","TOEIC for English teachers","藤本 恭子","https://cssy.aasa.ac.jp/syllabusHtml/2026/2510/2510_127006-02_ja_JP.html"
"1785","前期","前期","月1","127008-01","教育原理","佐藤 実芳","https://cssy.aasa.ac.jp/syllabusHtml/2026/2510/2510_127008-01_ja_JP.html"
"1786","前期","前期","月2","127008-02","教育原理","佐藤 実芳","https://cssy.aasa.ac.jp/syllabusHtml/2026/2510/2510_127008-02_ja_JP.html"
"1787","前期","前期","月1","127008-03","教育原理","小口 功","https://cssy.aasa.ac.jp/syllabusHtml/2026/2510/2510_127008-03_ja_JP.html"
"1788","前期","前期","月2","127008-04","教育原理","小口 功","https://cssy.aasa.ac.jp/syllabusHtml/2026/2510/2510_127008-04_ja_JP.html"
"1789","前期","前期","月3","127008-05","教育原理","佐藤 実芳","https://cssy.aasa.ac.jp/syllabusHtml/2026/2510/2510_127008-05_ja_JP.html"
"1790","前期","前期","木1","127008-06","教育原理","三和 義武","https://cssy.aasa.ac.jp/syllabusHtml/2026/2510/2510_127008-06_ja_JP.html"
"1791","前期","前期","木3","127008-07","教育原理","三和 義武","https://cssy.aasa.ac.jp/syllabusHtml/2026/2510/2510_127008-07_ja_JP.html"
"1792","前期","前期","月4","127008-51","教育原理","小口 功","https://cssy.aasa.ac.jp/syllabusHtml/2026/2510/2510_127008-51_ja_JP.html"
"1793","前期","前期","金1","127008-52","教育原理","渡辺 かよ子","https://cssy.aasa.ac.jp/syllabusHtml/2026/2510/2510_127008-52_ja_JP.html"
"1794","前期","前期","金2","127008-53","教育原理","渡辺 かよ子","https://cssy.aasa.ac.jp/syllabusHtml/2026/2510/2510_127008-53_ja_JP.html"
"1795","前期","前期","他","127008-54","教育原理","小口 功","https://cssy.aasa.ac.jp/syllabusHtml/2026/2510/2510_127008-54_ja_JP.html"
"1796","後期","後期","月2","127010-01","教育制度","佐藤 実芳","https://cssy.aasa.ac.jp/syllabusHtml/2026/2510/2510_127010-01_ja_JP.html"
"1797","後期","後期","水1","127010-02","教育制度","佐藤 実芳","https://cssy.aasa.ac.jp/syllabusHtml/2026/2510/2510_127010-02_ja_JP.html"
"1798","後期","後期","月3","127010-03","教育制度","三和 義武","https://cssy.aasa.ac.jp/syllabusHtml/2026/2510/2510_127010-03_ja_JP.html"
"1799","後期","後期","月4","127010-04","教育制度","佐藤 実芳","https://cssy.aasa.ac.jp/syllabusHtml/2026/2510/2510_127010-04_ja_JP.html"
"1800","後期","後期","月4","127010-05","教育制度","三和 義武","https://cssy.aasa.ac.jp/syllabusHtml/2026/2510/2510_127010-05_ja_JP.html"
"1801","後期","後期","水2","127010-06","教育制度","三和 義武","https://cssy.aasa.ac.jp/syllabusHtml/2026/2510/2510_127010-06_ja_JP.html"
"1802","後期","後期","木3","127010-07","教育制度","三和 義武","https://cssy.aasa.ac.jp/syllabusHtml/2026/2510/2510_127010-07_ja_JP.html"
"1803","後期","後期","火1","127010-51","教育制度","中嶋 哲彦","https://cssy.aasa.ac.jp/syllabusHtml/2026/2510/2510_127010-51_ja_JP.html"
"1804","後期","後期","火2","127010-52","教育制度","中嶋 哲彦","https://cssy.aasa.ac.jp/syllabusHtml/2026/2510/2510_127010-52_ja_JP.html"
"1805","後期","後期","木2","127010-53","教育制度","佐藤 実芳","https://cssy.aasa.ac.jp/syllabusHtml/2026/2510/2510_127010-53_ja_JP.html"
"1806","後期","後期","他","127010-54","教育制度","佐藤 実芳","https://cssy.aasa.ac.jp/syllabusHtml/2026/2510/2510_127010-54_ja_JP.html"
"1807","後期","後期","水2","127011-01","教育心理学","野井 未加","https://cssy.aasa.ac.jp/syllabusHtml/2026/2510/2510_127011-01_ja_JP.html"
"1808","後期","後期","木1","127011-02","教育心理学","野井 未加","https://cssy.aasa.ac.jp/syllabusHtml/2026/2510/2510_127011-02_ja_JP.html"
"1809","前期","前期","月5","127011-03","教育心理学","濱島 秀樹","https://cssy.aasa.ac.jp/syllabusHtml/2026/2510/2510_127011-03_ja_JP.html"
"1810","前期","前期","金2","127011-04","教育心理学","小池 理穂","https://cssy.aasa.ac.jp/syllabusHtml/2026/2510/2510_127011-04_ja_JP.html"
"1811","前期","前期","金3","127011-05","教育心理学","小池 理穂","https://cssy.aasa.ac.jp/syllabusHtml/2026/2510/2510_127011-05_ja_JP.html"
"1812","前期","前期","金4","127011-06","教育心理学","小池 理穂","https://cssy.aasa.ac.jp/syllabusHtml/2026/2510/2510_127011-06_ja_JP.html"
"1813","前期","前期","他","127011-07","教育心理学","濱島 秀樹","https://cssy.aasa.ac.jp/syllabusHtml/2026/2510/2510_127011-07_ja_JP.html"
"1814","前期","前期","金4","127011-51","教育心理学","濱島 秀樹","https://cssy.aasa.ac.jp/syllabusHtml/2026/2510/2510_127011-51_ja_JP.html"
"1815","前期","前期","金5","127011-52","教育心理学","濱島 秀樹","https://cssy.aasa.ac.jp/syllabusHtml/2026/2510/2510_127011-52_ja_JP.html"
"1816","前期","前期","火4","127012-01","教育相談Ⅰ","神谷 政和","https://cssy.aasa.ac.jp/syllabusHtml/2026/2510/2510_127012-01_ja_JP.html"
"1817","前期","前期","火5","127012-02","教育相談Ⅰ","神谷 政和","https://cssy.aasa.ac.jp/syllabusHtml/2026/2510/2510_127012-02_ja_JP.html"
"1818","後期","後期","木2","127012-03","教育相談Ⅰ","濱島 秀樹","https://cssy.aasa.ac.jp/syllabusHtml/2026/2510/2510_127012-03_ja_JP.html"
"1819","後期","後期","木3","127012-04","教育相談Ⅰ","濱島 秀樹","https://cssy.aasa.ac.jp/syllabusHtml/2026/2510/2510_127012-04_ja_JP.html"
"1820","後期","後期","木4","127012-05","教育相談Ⅰ","濱島 秀樹","https://cssy.aasa.ac.jp/syllabusHtml/2026/2510/2510_127012-05_ja_JP.html"
"1821","後期","後期","木5","127012-06","教育相談Ⅰ","濱島 秀樹","https://cssy.aasa.ac.jp/syllabusHtml/2026/2510/2510_127012-06_ja_JP.html"
"1822","後期","後期","金2","127012-07","教育相談Ⅰ","小池 理穂","https://cssy.aasa.ac.jp/syllabusHtml/2026/2510/2510_127012-07_ja_JP.html"
"1823","後期","後期","金3","127012-08","教育相談Ⅰ","小池 理穂","https://cssy.aasa.ac.jp/syllabusHtml/2026/2510/2510_127012-08_ja_JP.html"
"1824","後期","後期","金4","127012-51","教育相談Ⅰ","濱島 秀樹","https://cssy.aasa.ac.jp/syllabusHtml/2026/2510/2510_127012-51_ja_JP.html"
"1825","後期","後期","金5","127012-52","教育相談Ⅰ","濱島 秀樹","https://cssy.aasa.ac.jp/syllabusHtml/2026/2510/2510_127012-52_ja_JP.html"
"1826","後期","後期","他","127012-53","教育相談Ⅰ","小池 理穂","https://cssy.aasa.ac.jp/syllabusHtml/2026/2510/2510_127012-53_ja_JP.html"
"1827","前期","前期","月4","127020-01","初等国語","中嶋 真弓","https://cssy.aasa.ac.jp/syllabusHtml/2026/2510/2510_127020-01_ja_JP.html"
"1828","前期","前期","月5","127020-02","初等国語","中嶋 真弓","https://cssy.aasa.ac.jp/syllabusHtml/2026/2510/2510_127020-02_ja_JP.html"
"1829","前期","前期","金4","127021-01","初等生活","加藤 智","https://cssy.aasa.ac.jp/syllabusHtml/2026/2510/2510_127021-01_ja_JP.html"
"1830","後期","後期","金2","127022-01","初等体育","松田 秀子","https://cssy.aasa.ac.jp/syllabusHtml/2026/2510/2510_127022-01_ja_JP.html"
"1831","後期","後期","金3","127022-02","初等体育","松田 秀子","https://cssy.aasa.ac.jp/syllabusHtml/2026/2510/2510_127022-02_ja_JP.html"
"1832","後期","後期","金4","127022-03","初等体育","松田 秀子","https://cssy.aasa.ac.jp/syllabusHtml/2026/2510/2510_127022-03_ja_JP.html"
"1833","前期","前期","水2","127023-01","初等社会","平子 晶規","https://cssy.aasa.ac.jp/syllabusHtml/2026/2510/2510_127023-01_ja_JP.html"
"1834","後期","後期","水3","127024-01","初等図画工作","山本 和久","https://cssy.aasa.ac.jp/syllabusHtml/2026/2510/2510_127024-01_ja_JP.html"
"1835","前期","前期","火4","127025-01","初等家庭","瀬治山 みど里","https://cssy.aasa.ac.jp/syllabusHtml/2026/2510/2510_127025-01_ja_JP.html"
"1836","前期","前期","火3","127026-01","初等算数","星野 将直","https://cssy.aasa.ac.jp/syllabusHtml/2026/2510/2510_127026-01_ja_JP.html"
"1837","前期","前期","火4","127026-02","初等算数","星野 将直","https://cssy.aasa.ac.jp/syllabusHtml/2026/2510/2510_127026-02_ja_JP.html"
"1838","前期","前期","火5","127026-03","初等算数","星野 将直","https://cssy.aasa.ac.jp/syllabusHtml/2026/2510/2510_127026-03_ja_JP.html"
"1839","後期","後期","金2","127027-01","初等理科","海老崎 功","https://cssy.aasa.ac.jp/syllabusHtml/2026/2510/2510_127027-01_ja_JP.html"
"1840","後期","後期","金3","127027-02","初等理科","海老崎 功","https://cssy.aasa.ac.jp/syllabusHtml/2026/2510/2510_127027-02_ja_JP.html"
"1841","後期","後期","金4","127027-03","初等理科","海老崎 功","https://cssy.aasa.ac.jp/syllabusHtml/2026/2510/2510_127027-03_ja_JP.html"
"1842","後期","後期","火3","127028-01","初等英語","松井 千代","https://cssy.aasa.ac.jp/syllabusHtml/2026/2510/2510_127028-01_ja_JP.html"
"1843","後期","後期","火4","127028-02","初等英語","松井 千代","https://cssy.aasa.ac.jp/syllabusHtml/2026/2510/2510_127028-02_ja_JP.html"
"1844","後期","後期","火5","127028-03","初等英語","松井 千代","https://cssy.aasa.ac.jp/syllabusHtml/2026/2510/2510_127028-03_ja_JP.html"
"1845","前期","前期","火2","127029-01","初等音楽","白石 朝子","https://cssy.aasa.ac.jp/syllabusHtml/2026/2510/2510_127029-01_ja_JP.html"
"1846","前期","前期","火3","127029-02","初等音楽","白石 朝子","https://cssy.aasa.ac.jp/syllabusHtml/2026/2510/2510_127029-02_ja_JP.html"
"1847","後期","後期","月3","127030-01","国語科教育法Ⅰ","中嶋 真弓","https://cssy.aasa.ac.jp/syllabusHtml/2026/2510/2510_127030-01_ja_JP.html"
"1848","後期","後期","水1","127030-02","国語科教育法Ⅰ","中嶋 真弓","https://cssy.aasa.ac.jp/syllabusHtml/2026/2510/2510_127030-02_ja_JP.html"
"1849","後期","後期","水2","127030-03","国語科教育法Ⅰ","中嶋 真弓","https://cssy.aasa.ac.jp/syllabusHtml/2026/2510/2510_127030-03_ja_JP.html"
"1850","後期","後期","火3","127031-01","算数科教育法Ⅰ","星野 将直","https://cssy.aasa.ac.jp/syllabusHtml/2026/2510/2510_127031-01_ja_JP.html"
"1851","後期","後期","火4","127031-02","算数科教育法Ⅰ","星野 将直","https://cssy.aasa.ac.jp/syllabusHtml/2026/2510/2510_127031-02_ja_JP.html"
"1852","後期","後期","火5","127031-03","算数科教育法Ⅰ","星野 将直","https://cssy.aasa.ac.jp/syllabusHtml/2026/2510/2510_127031-03_ja_JP.html"
"1853","後期","後期","月2","127032-01","生活科教育法Ⅰ","加藤 智","https://cssy.aasa.ac.jp/syllabusHtml/2026/2510/2510_127032-01_ja_JP.html"
"1854","後期","後期","月3","127032-02","生活科教育法Ⅰ","加藤 智","https://cssy.aasa.ac.jp/syllabusHtml/2026/2510/2510_127032-02_ja_JP.html"
"1855","後期","後期","月4","127032-03","生活科教育法Ⅰ","加藤 智","https://cssy.aasa.ac.jp/syllabusHtml/2026/2510/2510_127032-03_ja_JP.html"
"1856","前期","前期","金2","127033-01","理科教育法Ⅰ","海老崎 功","https://cssy.aasa.ac.jp/syllabusHtml/2026/2510/2510_127033-01_ja_JP.html"
"1857","前期","前期","金3","127033-02","理科教育法Ⅰ","海老崎 功","https://cssy.aasa.ac.jp/syllabusHtml/2026/2510/2510_127033-02_ja_JP.html"
"1858","前期","前期","金4","127033-03","理科教育法Ⅰ","海老崎 功","https://cssy.aasa.ac.jp/syllabusHtml/2026/2510/2510_127033-03_ja_JP.html"
"1859","前期","前期","金2","127034-01","体育科教育法Ⅰ","松田 秀子","https://cssy.aasa.ac.jp/syllabusHtml/2026/2510/2510_127034-01_ja_JP.html"
"1860","前期","前期","金3","127034-02","体育科教育法Ⅰ","松田 秀子","https://cssy.aasa.ac.jp/syllabusHtml/2026/2510/2510_127034-02_ja_JP.html"
"1861","前期","前期","金4","127034-03","体育科教育法Ⅰ","松田 秀子","https://cssy.aasa.ac.jp/syllabusHtml/2026/2510/2510_127034-03_ja_JP.html"
"1862","前期","前期","月1","127035-01","英語科教育法Ⅰ(小・中)","松井 千代","https://cssy.aasa.ac.jp/syllabusHtml/2026/2510/2510_127035-01_ja_JP.html"
"1863","前期","前期","月2","127035-02","英語科教育法Ⅰ(小・中)","松井 千代","https://cssy.aasa.ac.jp/syllabusHtml/2026/2510/2510_127035-02_ja_JP.html"
"1864","前期","前期","月4","127035-03","英語科教育法Ⅰ(小・中)","松井 千代","https://cssy.aasa.ac.jp/syllabusHtml/2026/2510/2510_127035-03_ja_JP.html"
"1865","後期","後期","月1","127036-01","社会科教育法Ⅰ","平子 晶規","https://cssy.aasa.ac.jp/syllabusHtml/2026/2510/2510_127036-01_ja_JP.html"
"1866","後期","後期","月2","127036-02","社会科教育法Ⅰ","平子 晶規","https://cssy.aasa.ac.jp/syllabusHtml/2026/2510/2510_127036-02_ja_JP.html"
"1867","後期","後期","月3","127036-03","社会科教育法Ⅰ","平子 晶規","https://cssy.aasa.ac.jp/syllabusHtml/2026/2510/2510_127036-03_ja_JP.html"
"1868","後期","後期","火2","127037-01","音楽科教育法Ⅰ","白石 朝子","https://cssy.aasa.ac.jp/syllabusHtml/2026/2510/2510_127037-01_ja_JP.html"
"1869","後期","後期","金2","127037-02","音楽科教育法Ⅰ","白石 朝子","https://cssy.aasa.ac.jp/syllabusHtml/2026/2510/2510_127037-02_ja_JP.html"
"1870","後期","後期","金3","127037-03","音楽科教育法Ⅰ","白石 朝子","https://cssy.aasa.ac.jp/syllabusHtml/2026/2510/2510_127037-03_ja_JP.html"
"1871","後期","後期","火3","127038-01","図画工作科教育法Ⅰ","山本 和久","https://cssy.aasa.ac.jp/syllabusHtml/2026/2510/2510_127038-01_ja_JP.html"
"1872","後期","後期","火4","127038-02","図画工作科教育法Ⅰ","山本 和久","https://cssy.aasa.ac.jp/syllabusHtml/2026/2510/2510_127038-02_ja_JP.html"
"1873","後期","後期","火5","127038-03","図画工作科教育法Ⅰ","山本 和久","https://cssy.aasa.ac.jp/syllabusHtml/2026/2510/2510_127038-03_ja_JP.html"
"1874","後期","後期","木4","127039-01","家庭科教育法Ⅰ","原田 悦子 加藤 厚子","https://cssy.aasa.ac.jp/syllabusHtml/2026/2510/2510_127039-01_ja_JP.html"
"1875","後期","後期","金1","127039-02","家庭科教育法Ⅰ","原田 悦子 加藤 厚子","https://cssy.aasa.ac.jp/syllabusHtml/2026/2510/2510_127039-02_ja_JP.html"
"1876","後期","後期","金2","127039-03","家庭科教育法Ⅰ","原田 悦子 加藤 厚子","https://cssy.aasa.ac.jp/syllabusHtml/2026/2510/2510_127039-03_ja_JP.html"
"1877","前期","前期","火5","127040-01","国語科教育法Ⅱ","中嶋 真弓","https://cssy.aasa.ac.jp/syllabusHtml/2026/2510/2510_127040-01_ja_JP.html"
"1878","前期","前期","木3","127041-01","算数科教育法Ⅱ","星野 将直","https://cssy.aasa.ac.jp/syllabusHtml/2026/2510/2510_127041-01_ja_JP.html"
"1879","後期","後期","水2","127043-01","理科教育法Ⅱ","海老崎 功","https://cssy.aasa.ac.jp/syllabusHtml/2026/2510/2510_127043-01_ja_JP.html"
"1880","後期","後期","水2","127044-01","体育科教育法Ⅱ","松田 秀子","https://cssy.aasa.ac.jp/syllabusHtml/2026/2510/2510_127044-01_ja_JP.html"
"1881","後期","後期","月1","127045-01","英語科教育法Ⅱ(小・中)","松井 千代","https://cssy.aasa.ac.jp/syllabusHtml/2026/2510/2510_127045-01_ja_JP.html"
"1882","後期","後期","月2","127045-02","英語科教育法Ⅱ(小・中)","松井 千代","https://cssy.aasa.ac.jp/syllabusHtml/2026/2510/2510_127045-02_ja_JP.html"
"1883","前期","前期","水1","127052-01","英語学概論","若山 真幸","https://cssy.aasa.ac.jp/syllabusHtml/2026/2510/2510_127052-01_ja_JP.html"
"1884","前期","前期","月4","127053-01","Practicum in English Linguistics Ⅰ","樗木 勇作","https://cssy.aasa.ac.jp/syllabusHtml/2026/2510/2510_127053-01_ja_JP.html"
"1885","前期","前期","木2","127053-02","Practicum in English Linguistics Ⅰ","二村 慎一","https://cssy.aasa.ac.jp/syllabusHtml/2026/2510/2510_127053-02_ja_JP.html"
"1886","前期","前期","木4","127053-03","Practicum in English Linguistics Ⅰ","若山 真幸","https://cssy.aasa.ac.jp/syllabusHtml/2026/2510/2510_127053-03_ja_JP.html"
"1887","後期","後期","水1","127054-01","Practicum in English Linguistics Ⅱ","二村 慎一","https://cssy.aasa.ac.jp/syllabusHtml/2026/2510/2510_127054-01_ja_JP.html"
"1888","後期","後期","水3","127054-02","Practicum in English Linguistics Ⅱ","樗木 勇作","https://cssy.aasa.ac.jp/syllabusHtml/2026/2510/2510_127054-02_ja_JP.html"
"1889","後期","後期","木1","127054-03","Practicum in English Linguistics Ⅱ","若山 真幸","https://cssy.aasa.ac.jp/syllabusHtml/2026/2510/2510_127054-03_ja_JP.html"
"1890","後期","後期","木2","127054-04","Practicum in English Linguistics Ⅱ","若山 真幸","https://cssy.aasa.ac.jp/syllabusHtml/2026/2510/2510_127054-04_ja_JP.html"
"1891","後期","後期","木3","127054-05","Practicum in English Linguistics Ⅱ","丹羽 都美","https://cssy.aasa.ac.jp/syllabusHtml/2026/2510/2510_127054-05_ja_JP.html"
"1892","後期","後期","水1","127055-01","Practicum in English Linguistics Ⅲ","樗木 勇作","https://cssy.aasa.ac.jp/syllabusHtml/2026/2510/2510_127055-01_ja_JP.html"
"1893","後期","後期","水3","127055-02","Practicum in English Linguistics Ⅲ","若山 真幸","https://cssy.aasa.ac.jp/syllabusHtml/2026/2510/2510_127055-02_ja_JP.html"
"1894","後期","後期","木1","127055-03","Practicum in English Linguistics Ⅲ","二村 慎一","https://cssy.aasa.ac.jp/syllabusHtml/2026/2510/2510_127055-03_ja_JP.html"
"1895","前期","前期","月5","127056-01","History of English","田中 智之","https://cssy.aasa.ac.jp/syllabusHtml/2026/2510/2510_127056-01_ja_JP.html"
"1896","後期","後期","金4","127057-01","Corpus Linguistics","藤原 康弘","https://cssy.aasa.ac.jp/syllabusHtml/2026/2510/2510_127057-01_ja_JP.html"
"1897","前期","前期","木3","127058-01","Language & Culture","若山 真幸","https://cssy.aasa.ac.jp/syllabusHtml/2026/2510/2510_127058-01_ja_JP.html"
"1898","後期","後期","月5","127059-01","English Grammar Ⅰ","田中 智之","https://cssy.aasa.ac.jp/syllabusHtml/2026/2510/2510_127059-01_ja_JP.html"
"1899","後期","後期","火1","127059-02","English Grammar Ⅰ","佐々木 智美","https://cssy.aasa.ac.jp/syllabusHtml/2026/2510/2510_127059-02_ja_JP.html"
"1900","後期","後期","木4","127059-03","English Grammar Ⅰ","太田 晶子","https://cssy.aasa.ac.jp/syllabusHtml/2026/2510/2510_127059-03_ja_JP.html"
"1901","後期","後期","金1","127059-04","English Grammar Ⅰ","藤本 恭子","https://cssy.aasa.ac.jp/syllabusHtml/2026/2510/2510_127059-04_ja_JP.html"
"1902","後期","後期","月4","127060-01","English Grammar Ⅱ","田中 智之","https://cssy.aasa.ac.jp/syllabusHtml/2026/2510/2510_127060-01_ja_JP.html"
"1903","後期","後期","火2","127060-02","English Grammar Ⅱ","佐々木 智美","https://cssy.aasa.ac.jp/syllabusHtml/2026/2510/2510_127060-02_ja_JP.html"
"1904","後期","後期","木5","127060-03","English Grammar Ⅱ","太田 晶子","https://cssy.aasa.ac.jp/syllabusHtml/2026/2510/2510_127060-03_ja_JP.html"
"1905","前期","前期","木3","127061-01","English Pronunciation Practice Ⅰ","丹羽 都美","https://cssy.aasa.ac.jp/syllabusHtml/2026/2510/2510_127061-01_ja_JP.html"
"1906","前期","前期","木4","127062-01","English Pronunciation Practice Ⅱ","丹羽 都美","https://cssy.aasa.ac.jp/syllabusHtml/2026/2510/2510_127062-01_ja_JP.html"
"1907","前期","前期","木1","127063-01","英文学概論","太田 直子","https://cssy.aasa.ac.jp/syllabusHtml/2026/2510/2510_127063-01_ja_JP.html"
"1908","前期","前期","火2","127064-01","英語圏文学Ⅰ","平林 美都子","https://cssy.aasa.ac.jp/syllabusHtml/2026/2510/2510_127064-01_ja_JP.html"
"1909","前期","前期","水4","127064-02","英語圏文学Ⅰ","山田 幸代","https://cssy.aasa.ac.jp/syllabusHtml/2026/2510/2510_127064-02_ja_JP.html"
"1910","前期","前期","木3","127064-03","英語圏文学Ⅰ","太田 直子","https://cssy.aasa.ac.jp/syllabusHtml/2026/2510/2510_127064-03_ja_JP.html"
"1911","前期","前期","金1","127064-04","英語圏文学Ⅰ","黒澤 純子","https://cssy.aasa.ac.jp/syllabusHtml/2026/2510/2510_127064-04_ja_JP.html"
"1912","前期","前期","月3","127065-01","英語圏文学Ⅱ","小沢 茂","https://cssy.aasa.ac.jp/syllabusHtml/2026/2510/2510_127065-01_ja_JP.html"
"1913","前期","前期","火1","127065-02","英語圏文学Ⅱ","平林 美都子","https://cssy.aasa.ac.jp/syllabusHtml/2026/2510/2510_127065-02_ja_JP.html"
"1914","前期","前期","金1","127065-03","英語圏文学Ⅱ","山田 久美子","https://cssy.aasa.ac.jp/syllabusHtml/2026/2510/2510_127065-03_ja_JP.html"
"1915","前期","前期","金2","127065-04","英語圏文学Ⅱ","山田 久美子","https://cssy.aasa.ac.jp/syllabusHtml/2026/2510/2510_127065-04_ja_JP.html"
"1916","後期","後期","火1","127066-01","英語圏文学Ⅲ","平林 美都子","https://cssy.aasa.ac.jp/syllabusHtml/2026/2510/2510_127066-01_ja_JP.html"
"1917","後期","後期","火2","127066-02","英語圏文学Ⅲ","平林 美都子","https://cssy.aasa.ac.jp/syllabusHtml/2026/2510/2510_127066-02_ja_JP.html"
"1918","後期","後期","水4","127066-03","英語圏文学Ⅲ","山田 幸代","https://cssy.aasa.ac.jp/syllabusHtml/2026/2510/2510_127066-03_ja_JP.html"
"1919","後期","後期","木1","127066-04","英語圏文学Ⅲ","太田 直子","https://cssy.aasa.ac.jp/syllabusHtml/2026/2510/2510_127066-04_ja_JP.html"
"1920","後期","後期","月3","127067-01","英語圏文学Ⅳ","小沢 茂","https://cssy.aasa.ac.jp/syllabusHtml/2026/2510/2510_127067-01_ja_JP.html"
"1921","後期","後期","水2","127067-02","英語圏文学Ⅳ","小沢 茂","https://cssy.aasa.ac.jp/syllabusHtml/2026/2510/2510_127067-02_ja_JP.html"
"1922","後期","後期","金1","127067-03","英語圏文学Ⅳ","山田 久美子","https://cssy.aasa.ac.jp/syllabusHtml/2026/2510/2510_127067-03_ja_JP.html"
"1923","後期","後期","金2","127067-04","英語圏文学Ⅳ","山田 久美子","https://cssy.aasa.ac.jp/syllabusHtml/2026/2510/2510_127067-04_ja_JP.html"
"1924","前期","前期","金5","127072-01","異文化コミュニケーション","福本 明子","https://cssy.aasa.ac.jp/syllabusHtml/2026/2510/2510_127072-01_ja_JP.html"
"1925","前期","前期","月5","127075-01","障害者の理解","猶原 秀明","https://cssy.aasa.ac.jp/syllabusHtml/2026/2510/2510_127075-01_ja_JP.html"
"1926","前期","前期","月3","127076-01","肢体不自由者の指導","猶原 秀明","https://cssy.aasa.ac.jp/syllabusHtml/2026/2510/2510_127076-01_ja_JP.html"
"1927","後期","後期","水1","127077-01","知的障害者の指導","猶原 秀明","https://cssy.aasa.ac.jp/syllabusHtml/2026/2510/2510_127077-01_ja_JP.html"
"1928","前期","前期","他","127081-01","視覚障害者の指導","尾原 健太 相羽 大輔","https://cssy.aasa.ac.jp/syllabusHtml/2026/2510/2510_127081-01_ja_JP.html"
"1929","前期","前期","水1","127082-01","聴覚障害者の指導","大脇 千尋","https://cssy.aasa.ac.jp/syllabusHtml/2026/2510/2510_127082-01_ja_JP.html"
"1930","前期","前期","水1","127082-02","聴覚障害者の指導","大脇 千尋","https://cssy.aasa.ac.jp/syllabusHtml/2026/2510/2510_127082-02_ja_JP.html"
"1931","前期","前期","木2","127091-01","読書と豊かな人間性","伊藤 真理","https://cssy.aasa.ac.jp/syllabusHtml/2026/2510/2510_127091-01_ja_JP.html"
"1932","後期","後期","水3","127092-01","学校経営と学校図書館","伊藤 真理","https://cssy.aasa.ac.jp/syllabusHtml/2026/2510/2510_127092-01_ja_JP.html"
"1933","前期","前期","水2","127093-01","学校教育と情報リテラシー","伊藤 真理","https://cssy.aasa.ac.jp/syllabusHtml/2026/2510/2510_127093-01_ja_JP.html"
"1934","前期","前期","水3","127093-02","学校教育と情報リテラシー","伊藤 真理","https://cssy.aasa.ac.jp/syllabusHtml/2026/2510/2510_127093-02_ja_JP.html"
"1935","後期","後期","水2","127094-01","学校図書館メディアの構成","伊藤 真理","https://cssy.aasa.ac.jp/syllabusHtml/2026/2510/2510_127094-01_ja_JP.html"
"1936","後期","後期","木4","127097-01","ポルトガル語Ⅰ","瀧藤 千恵美","https://cssy.aasa.ac.jp/syllabusHtml/2026/2510/2510_127097-01_ja_JP.html"
"1937","後期","後期","木5","127097-02","ポルトガル語Ⅰ","瀧藤 千恵美","https://cssy.aasa.ac.jp/syllabusHtml/2026/2510/2510_127097-02_ja_JP.html"
"1938","前期","前期","火3","127100-01","スポーツ指導法","松田 秀子","https://cssy.aasa.ac.jp/syllabusHtml/2026/2510/2510_127100-01_ja_JP.html"
"1939","前期","前期","木3","127100-02","スポーツ指導法","松田 秀子","https://cssy.aasa.ac.jp/syllabusHtml/2026/2510/2510_127100-02_ja_JP.html"
"1940","後期","後期","金4","127103-01","比較教育論","渡辺 かよ子","https://cssy.aasa.ac.jp/syllabusHtml/2026/2510/2510_127103-01_ja_JP.html"
"1941","前期","前期","他","127108-01","海外セミナーⅠ","樗木 勇作","https://cssy.aasa.ac.jp/syllabusHtml/2026/2510/2510_127108-01_ja_JP.html"
"1942","後期","後期","他","127109-01","海外セミナーⅡ","樗木 勇作","https://cssy.aasa.ac.jp/syllabusHtml/2026/2510/2510_127109-01_ja_JP.html"
"1943","前期","前期","水2","127110-01","UK Culture & Society","DYCUS David C.","https://cssy.aasa.ac.jp/syllabusHtml/2026/2510/2510_127110-01_ja_JP.html"
"1944","前期","前期","水4","127110-02","UK Culture & Society","DYCUS David C.","https://cssy.aasa.ac.jp/syllabusHtml/2026/2510/2510_127110-02_ja_JP.html"
"1945","前期","前期","木2","127110-03","UK Culture & Society","DYCUS David C.","https://cssy.aasa.ac.jp/syllabusHtml/2026/2510/2510_127110-03_ja_JP.html"
"1946","前期","前期","火2","127110-04","UK Culture & Society","DYCUS David C.","https://cssy.aasa.ac.jp/syllabusHtml/2026/2510/2510_127110-04_ja_JP.html"
"1947","後期","後期","水3","127111-01","USA Culture & Society","DYCUS David C.","https://cssy.aasa.ac.jp/syllabusHtml/2026/2510/2510_127111-01_ja_JP.html"
"1948","後期","後期","水4","127111-02","USA Culture & Society","DYCUS David C.","https://cssy.aasa.ac.jp/syllabusHtml/2026/2510/2510_127111-02_ja_JP.html"
"1949","後期","後期","木3","127111-03","USA Culture & Society","DYCUS David C.","https://cssy.aasa.ac.jp/syllabusHtml/2026/2510/2510_127111-03_ja_JP.html"
"1950","後期","後期","木4","127111-04","USA Culture & Society","DYCUS David C.","https://cssy.aasa.ac.jp/syllabusHtml/2026/2510/2510_127111-04_ja_JP.html"
"1951","前期","前期","水3","127114-01","洋楽で教える音声中心の英語","樗木 勇作","https://cssy.aasa.ac.jp/syllabusHtml/2026/2510/2510_127114-01_ja_JP.html"
"1952","後期","後期","火3","127115-01","Media English","若山 真幸","https://cssy.aasa.ac.jp/syllabusHtml/2026/2510/2510_127115-01_ja_JP.html"
"1953","後期","後期","木2","127116-01","英語教育における語形成理論","二村 慎一","https://cssy.aasa.ac.jp/syllabusHtml/2026/2510/2510_127116-01_ja_JP.html"
"1954","前期","前期","火3","127117-01","クラシック英語圏文学","小沢 茂","https://cssy.aasa.ac.jp/syllabusHtml/2026/2510/2510_127117-01_ja_JP.html"
"1955","前期","前期","金3","127118-01","Film Studies Ⅰ","玉崎 紫","https://cssy.aasa.ac.jp/syllabusHtml/2026/2510/2510_127118-01_ja_JP.html"
"1956","後期","後期","金3","127119-01","Film Studies Ⅱ","玉崎 紫","https://cssy.aasa.ac.jp/syllabusHtml/2026/2510/2510_127119-01_ja_JP.html"
"1957","前期","前期","月3","127120-01","Film Studies Ⅲ","WILLIAMS Allen D.","https://cssy.aasa.ac.jp/syllabusHtml/2026/2510/2510_127120-01_ja_JP.html"
"1958","後期","後期","木2","127121-01","Film Studies Ⅳ","今井 加寿","https://cssy.aasa.ac.jp/syllabusHtml/2026/2510/2510_127121-01_ja_JP.html"
"1959","前期","前期","月2","127122-01","文学史Ⅰ","小沢 茂","https://cssy.aasa.ac.jp/syllabusHtml/2026/2510/2510_127122-01_ja_JP.html"
"1960","前期","前期","月4","127122-02","文学史Ⅰ","佐々木 裕美","https://cssy.aasa.ac.jp/syllabusHtml/2026/2510/2510_127122-02_ja_JP.html"
"1961","後期","後期","月2","127123-01","文学史Ⅱ","小沢 茂","https://cssy.aasa.ac.jp/syllabusHtml/2026/2510/2510_127123-01_ja_JP.html"
"1962","後期","後期","木2","127123-02","文学史Ⅱ","太田 直子","https://cssy.aasa.ac.jp/syllabusHtml/2026/2510/2510_127123-02_ja_JP.html"
"1963","後期","後期","金1","127124-01","Active Literature","太田 直子","https://cssy.aasa.ac.jp/syllabusHtml/2026/2510/2510_127124-01_ja_JP.html"
"1964","前期","前期","水4","127125-01","Topics in International Culture and Society","WILLIAMS Allen D.","https://cssy.aasa.ac.jp/syllabusHtml/2026/2510/2510_127125-01_ja_JP.html"
"1965","前期","前期","木3","127126-01","異文化理解としてのキリスト教","小沢 茂","https://cssy.aasa.ac.jp/syllabusHtml/2026/2510/2510_127126-01_ja_JP.html"
"1966","前期","前期","木2","127128-01","発達心理学","野井 未加","https://cssy.aasa.ac.jp/syllabusHtml/2026/2510/2510_127128-01_ja_JP.html"
"1967","前期","前期","水2","127129-01","学校保健","高橋 昌久","https://cssy.aasa.ac.jp/syllabusHtml/2026/2510/2510_127129-01_ja_JP.html"
"1968","後期","後期","月3","127131-01","幼児教育論","佐藤 実芳","https://cssy.aasa.ac.jp/syllabusHtml/2026/2510/2510_127131-01_ja_JP.html"
"1969","後期","後期","木1","127133-01","キャリア発達論","三和 義武","https://cssy.aasa.ac.jp/syllabusHtml/2026/2510/2510_127133-01_ja_JP.html"
"1970","前期","前期","他","211002-01","情報関係法","太田 信","https://cssy.aasa.ac.jp/syllabusHtml/2026/1110/1110_211002-01_ja_JP.html"
"1971","後期","後期","火3","211005-01","情報検索演習","中西 由香里","https://cssy.aasa.ac.jp/syllabusHtml/2026/1110/1110_211005-01_ja_JP.html"
"1972","後期","後期","木1","211005-02","情報検索演習","神田 久恵","https://cssy.aasa.ac.jp/syllabusHtml/2026/1110/1110_211005-02_ja_JP.html"
"1973","後期","後期","金1","211005-03","情報検索演習","池田 光雪","https://cssy.aasa.ac.jp/syllabusHtml/2026/1110/1110_211005-03_ja_JP.html"
"1974","前期","前期","他","211008-01","キャリアデザイン(人間情報)","高原 美和 三和 義秀 岸田 拓也 板垣 寧々","https://cssy.aasa.ac.jp/syllabusHtml/2026/1110/1110_211008-01_ja_JP.html"
"1975","後期","後期","水2","211011-01","実験心理学","小山 貴士","https://cssy.aasa.ac.jp/syllabusHtml/2026/1110/1110_211011-01_ja_JP.html"
"1976","後期","後期","月2","211014-01","デザイン概論","高原 美和","https://cssy.aasa.ac.jp/syllabusHtml/2026/1110/1110_211014-01_ja_JP.html"
"1977","後期","後期","月3","211016-01","コミュニケーション論","森川 華帆","https://cssy.aasa.ac.jp/syllabusHtml/2026/1110/1110_211016-01_ja_JP.html"
"1978","前期","前期","月4","211017-01","消費者行動論","関川 靖","https://cssy.aasa.ac.jp/syllabusHtml/2026/1110/1110_211017-01_ja_JP.html"
"1979","前期","前期","木2","211018-01","調査法演習","鈴木 清重","https://cssy.aasa.ac.jp/syllabusHtml/2026/1110/1110_211018-01_ja_JP.html"
"1980","後期","後期","火2","211018-02","調査法演習","森川 華帆","https://cssy.aasa.ac.jp/syllabusHtml/2026/1110/1110_211018-02_ja_JP.html"
"1981","後期","後期","火1","211018-03","調査法演習","森川 華帆","https://cssy.aasa.ac.jp/syllabusHtml/2026/1110/1110_211018-03_ja_JP.html"
"1982","後期","後期","月1","211021-01","情報処理論","加藤 央昌","https://cssy.aasa.ac.jp/syllabusHtml/2026/1110/1110_211021-01_ja_JP.html"
"1983","後期","後期","月3","211021-02","情報処理論","浦尾 彰","https://cssy.aasa.ac.jp/syllabusHtml/2026/1110/1110_211021-02_ja_JP.html"
"1984","後期","後期","火4","211021-03","情報処理論","佐藤 朝美","https://cssy.aasa.ac.jp/syllabusHtml/2026/1110/1110_211021-03_ja_JP.html"
"1985","後期","後期","金1","211021-04","情報処理論","佐藤 好幸","https://cssy.aasa.ac.jp/syllabusHtml/2026/1110/1110_211021-04_ja_JP.html"
"1986","前期","前期","火3","211022-01","ネットワーク論","三和 義秀","https://cssy.aasa.ac.jp/syllabusHtml/2026/1110/1110_211022-01_ja_JP.html"
"1987","前期","前期","木3","211022-02","ネットワーク論","三和 義秀","https://cssy.aasa.ac.jp/syllabusHtml/2026/1110/1110_211022-02_ja_JP.html"
"1988","後期","後期","火4","211022-03","ネットワーク論","小笠原 多紀","https://cssy.aasa.ac.jp/syllabusHtml/2026/1110/1110_211022-03_ja_JP.html"
"1989","後期","後期","火5","211022-04","ネットワーク論","小笠原 多紀","https://cssy.aasa.ac.jp/syllabusHtml/2026/1110/1110_211022-04_ja_JP.html"
"1990","後期","後期","木3","211022-05","ネットワーク論","三和 義秀","https://cssy.aasa.ac.jp/syllabusHtml/2026/1110/1110_211022-05_ja_JP.html"
"1991","前期","前期","水3","211023-01","情報セキュリティ論","牧 勝弘","https://cssy.aasa.ac.jp/syllabusHtml/2026/1110/1110_211023-01_ja_JP.html"
"1992","前期","前期","月4","211026-01","プログラミング論","浦尾 彰","https://cssy.aasa.ac.jp/syllabusHtml/2026/1110/1110_211026-01_ja_JP.html"
"1993","前期","前期","木3","211026-02","プログラミング論","神田 久恵","https://cssy.aasa.ac.jp/syllabusHtml/2026/1110/1110_211026-02_ja_JP.html"
"1994","前期","前期","金3","211026-03","プログラミング論","大嶽 麻里子","https://cssy.aasa.ac.jp/syllabusHtml/2026/1110/1110_211026-03_ja_JP.html"
"1995","前期","前期","金4","211026-04","プログラミング論","大嶽 麻里子","https://cssy.aasa.ac.jp/syllabusHtml/2026/1110/1110_211026-04_ja_JP.html"
"1996","前期","前期","水3","211027-01","プログラミング演習1(C)","神田 久恵","https://cssy.aasa.ac.jp/syllabusHtml/2026/1110/1110_211027-01_ja_JP.html"
"1997","前期","前期","水4","211027-02","プログラミング演習1(C)","市野 昌宏","https://cssy.aasa.ac.jp/syllabusHtml/2026/1110/1110_211027-02_ja_JP.html"
"1998","前期","前期","木2","211027-03","プログラミング演習1(C)","大嶽 麻里子","https://cssy.aasa.ac.jp/syllabusHtml/2026/1110/1110_211027-03_ja_JP.html"
"1999","前期","前期","木4","211027-04","プログラミング演習1(C)","神田 久恵","https://cssy.aasa.ac.jp/syllabusHtml/2026/1110/1110_211027-04_ja_JP.html"
"2000","後期","後期","水4","211027-05","プログラミング演習1(C)","市野 昌宏","https://cssy.aasa.ac.jp/syllabusHtml/2026/1110/1110_211027-05_ja_JP.html"
"2001","後期","後期","木2","211027-06","プログラミング演習1(C)","三和 義秀","https://cssy.aasa.ac.jp/syllabusHtml/2026/1110/1110_211027-06_ja_JP.html"
"2002","後期","後期","金3","211027-07","プログラミング演習1(C)","大嶽 麻里子","https://cssy.aasa.ac.jp/syllabusHtml/2026/1110/1110_211027-07_ja_JP.html"
"2003","前期","前期","水2","211029-01","プログラミング演習3(Java)","神田 久恵","https://cssy.aasa.ac.jp/syllabusHtml/2026/1110/1110_211029-01_ja_JP.html"
"2004","前期","前期","水3","211029-02","プログラミング演習3(Java)","市野 昌宏","https://cssy.aasa.ac.jp/syllabusHtml/2026/1110/1110_211029-02_ja_JP.html"
"2005","前期","前期","水4","211029-03","プログラミング演習3(Java)","神田 久恵","https://cssy.aasa.ac.jp/syllabusHtml/2026/1110/1110_211029-03_ja_JP.html"
"2006","後期","後期","火3","211029-04","プログラミング演習3(Java)","三和 義秀","https://cssy.aasa.ac.jp/syllabusHtml/2026/1110/1110_211029-04_ja_JP.html"
"2007","後期","後期","水3","211029-05","プログラミング演習3(Java)","市野 昌宏","https://cssy.aasa.ac.jp/syllabusHtml/2026/1110/1110_211029-05_ja_JP.html"
"2008","前期","前期","水1","211030-01","コンピュータネットワーク演習","神田 久恵","https://cssy.aasa.ac.jp/syllabusHtml/2026/1110/1110_211030-01_ja_JP.html"
"2009","後期","後期","火1","211030-02","コンピュータネットワーク演習","神田 久恵","https://cssy.aasa.ac.jp/syllabusHtml/2026/1110/1110_211030-02_ja_JP.html"
"2010","後期","後期","木2","211030-03","コンピュータネットワーク演習","神田 久恵","https://cssy.aasa.ac.jp/syllabusHtml/2026/1110/1110_211030-03_ja_JP.html"
"2011","後期","後期","木3","211030-04","コンピュータネットワーク演習","神田 久恵","https://cssy.aasa.ac.jp/syllabusHtml/2026/1110/1110_211030-04_ja_JP.html"
"2012","前期","前期","水2","211031-01","基礎ゼミ","土屋 花琳","https://cssy.aasa.ac.jp/syllabusHtml/2026/1110/1110_211031-01_ja_JP.html"
"2013","前期","前期","火3","211031-02","基礎ゼミ","加藤 央昌","https://cssy.aasa.ac.jp/syllabusHtml/2026/1110/1110_211031-02_ja_JP.html"
"2014","前期","前期","火3","211031-03","基礎ゼミ","浦尾 彰 大野 走馬","https://cssy.aasa.ac.jp/syllabusHtml/2026/1110/1110_211031-03_ja_JP.html"
"2015","前期","前期","水2","211031-04","基礎ゼミ","池田 光雪","https://cssy.aasa.ac.jp/syllabusHtml/2026/1110/1110_211031-04_ja_JP.html"
"2016","前期","前期","水2","211031-05","基礎ゼミ","親松 和浩","https://cssy.aasa.ac.jp/syllabusHtml/2026/1110/1110_211031-05_ja_JP.html"
"2017","前期","前期","水2","211031-06","基礎ゼミ","國分 三輝","https://cssy.aasa.ac.jp/syllabusHtml/2026/1110/1110_211031-06_ja_JP.html"
"2018","前期","前期","水2","211031-07","基礎ゼミ","佐藤 朝美","https://cssy.aasa.ac.jp/syllabusHtml/2026/1110/1110_211031-07_ja_JP.html"
"2019","前期","前期","水2","211031-08","基礎ゼミ","高原 美和","https://cssy.aasa.ac.jp/syllabusHtml/2026/1110/1110_211031-08_ja_JP.html"
"2020","前期","前期","水2","211031-09","基礎ゼミ","三和 義秀","https://cssy.aasa.ac.jp/syllabusHtml/2026/1110/1110_211031-09_ja_JP.html"
"2021","前期","前期","水2","211031-10","基礎ゼミ","森 博子","https://cssy.aasa.ac.jp/syllabusHtml/2026/1110/1110_211031-10_ja_JP.html"
"2022","前期","前期","水2","211031-11","基礎ゼミ","佐藤 好幸","https://cssy.aasa.ac.jp/syllabusHtml/2026/1110/1110_211031-11_ja_JP.html"
"2023","前期","前期","水2","211031-12","基礎ゼミ","天野 成昭","https://cssy.aasa.ac.jp/syllabusHtml/2026/1110/1110_211031-12_ja_JP.html"
"2024","前期","前期","木1","211031-13","基礎ゼミ","板垣 寧々","https://cssy.aasa.ac.jp/syllabusHtml/2026/1110/1110_211031-13_ja_JP.html"
"2025","前期","前期","木1","211031-14","基礎ゼミ","瀬谷 安弘","https://cssy.aasa.ac.jp/syllabusHtml/2026/1110/1110_211031-14_ja_JP.html"
"2026","前期","前期","木1","211031-15","基礎ゼミ","牧 勝弘","https://cssy.aasa.ac.jp/syllabusHtml/2026/1110/1110_211031-15_ja_JP.html"
"2027","前期","前期","木1","211031-16","基礎ゼミ","岸田 拓也","https://cssy.aasa.ac.jp/syllabusHtml/2026/1110/1110_211031-16_ja_JP.html"
"2028","前期","前期","木1","211031-17","基礎ゼミ","佐藤 涼矢","https://cssy.aasa.ac.jp/syllabusHtml/2026/1110/1110_211031-17_ja_JP.html"
"2029","後期","後期","他","211031-19","基礎ゼミ","菅野 育子","https://cssy.aasa.ac.jp/syllabusHtml/2026/1110/1110_211031-19_ja_JP.html"
"2030","前期","前期","月2","211040-01","対人行動学演習","高原 美和","https://cssy.aasa.ac.jp/syllabusHtml/2026/1110/1110_211040-01_ja_JP.html"
"2031","前期","前期","月3","211040-02","対人行動学演習","高原 美和","https://cssy.aasa.ac.jp/syllabusHtml/2026/1110/1110_211040-02_ja_JP.html"
"2032","前期","前期","木2","212106-01","色彩学","高原 美和","https://cssy.aasa.ac.jp/syllabusHtml/2026/1110/1110_212106-01_ja_JP.html"
"2033","後期","後期","金4","212108-01","感性工学","國分 三輝","https://cssy.aasa.ac.jp/syllabusHtml/2026/1110/1110_212108-01_ja_JP.html"
"2034","後期","後期","火3","212109-01","人間工学","森川 華帆","https://cssy.aasa.ac.jp/syllabusHtml/2026/1110/1110_212109-01_ja_JP.html"
"2035","後期","後期","木1","212119-01","音響学","牧 勝弘","https://cssy.aasa.ac.jp/syllabusHtml/2026/1110/1110_212119-01_ja_JP.html"
"2036","後期","後期","金2","212201-01","ヒューマンインタフェース","國分 三輝","https://cssy.aasa.ac.jp/syllabusHtml/2026/1110/1110_212201-01_ja_JP.html"
"2037","前期","前期","金4","212202-01","マルチメディアデザイン論","國分 三輝","https://cssy.aasa.ac.jp/syllabusHtml/2026/1110/1110_212202-01_ja_JP.html"
"2038","前期","前期","木4","212205-01","プロダクトデザイン論","岡田 心 中村 友紀 白川 勝悟","https://cssy.aasa.ac.jp/syllabusHtml/2026/1110/1110_212205-01_ja_JP.html"
"2039","前期","前期","木5","212205-02","プロダクトデザイン論","岡田 心 中村 友紀 白川 勝悟","https://cssy.aasa.ac.jp/syllabusHtml/2026/1110/1110_212205-02_ja_JP.html"
"2040","前期","前期","金1","212207-01","データベース論","池田 光雪","https://cssy.aasa.ac.jp/syllabusHtml/2026/1110/1110_212207-01_ja_JP.html"
"2041","後期","後期","月4","212208-01","システム設計・開発論","浦尾 彰","https://cssy.aasa.ac.jp/syllabusHtml/2026/1110/1110_212208-01_ja_JP.html"
"2042","前期","前期","月1","212210-01","CG制作演習Ⅰ","鈴木 清重","https://cssy.aasa.ac.jp/syllabusHtml/2026/1110/1110_212210-01_ja_JP.html"
"2043","前期","前期","月5","212210-02","CG制作演習Ⅰ","鈴木 清重","https://cssy.aasa.ac.jp/syllabusHtml/2026/1110/1110_212210-02_ja_JP.html"
"2044","前期","前期","火3","212210-03","CG制作演習Ⅰ","鈴木 清重","https://cssy.aasa.ac.jp/syllabusHtml/2026/1110/1110_212210-03_ja_JP.html"
"2045","前期","前期","木1","212210-04","CG制作演習Ⅰ","鈴木 清重","https://cssy.aasa.ac.jp/syllabusHtml/2026/1110/1110_212210-04_ja_JP.html"
"2046","前期","前期","金1","212210-05","CG制作演習Ⅰ","土屋 花琳","https://cssy.aasa.ac.jp/syllabusHtml/2026/1110/1110_212210-05_ja_JP.html"
"2047","後期","後期","木2","212210-06","CG制作演習Ⅰ","森川 華帆","https://cssy.aasa.ac.jp/syllabusHtml/2026/1110/1110_212210-06_ja_JP.html"
"2048","後期","後期","木3","212210-07","CG制作演習Ⅰ","森川 華帆","https://cssy.aasa.ac.jp/syllabusHtml/2026/1110/1110_212210-07_ja_JP.html"
"2049","前期","前期","月4","212211-01","CG制作演習Ⅱ","上野 英樹","https://cssy.aasa.ac.jp/syllabusHtml/2026/1110/1110_212211-01_ja_JP.html"
"2050","前期","前期","月5","212211-02","CG制作演習Ⅱ","上野 英樹","https://cssy.aasa.ac.jp/syllabusHtml/2026/1110/1110_212211-02_ja_JP.html"
"2051","後期","後期","月4","212211-03","CG制作演習Ⅱ","上野 英樹","https://cssy.aasa.ac.jp/syllabusHtml/2026/1110/1110_212211-03_ja_JP.html"
"2052","後期","後期","月5","212211-04","CG制作演習Ⅱ","上野 英樹","https://cssy.aasa.ac.jp/syllabusHtml/2026/1110/1110_212211-04_ja_JP.html"
"2053","前期","前期","水3","212214-01","ロボット製作演習","森 博子","https://cssy.aasa.ac.jp/syllabusHtml/2026/1110/1110_212214-01_ja_JP.html"
"2054","後期","後期","水2","212214-02","ロボット製作演習","森 博子","https://cssy.aasa.ac.jp/syllabusHtml/2026/1110/1110_212214-02_ja_JP.html"
"2055","前期","前期","金1","212216-01","データベース設計演習","大嶽 麻里子","https://cssy.aasa.ac.jp/syllabusHtml/2026/1110/1110_212216-01_ja_JP.html"
"2056","後期","後期","金4","212216-02","データベース設計演習","大嶽 麻里子","https://cssy.aasa.ac.jp/syllabusHtml/2026/1110/1110_212216-02_ja_JP.html"
"2057","前期","前期","木1","212217-01","システム設計演習","浦尾 彰","https://cssy.aasa.ac.jp/syllabusHtml/2026/1110/1110_212217-01_ja_JP.html"
"2058","後期","後期","木3","212218-01","モデリング・シミュレーション演習","親松 和浩","https://cssy.aasa.ac.jp/syllabusHtml/2026/1110/1110_212218-01_ja_JP.html"
"2059","後期","後期","木4","212218-02","モデリング・シミュレーション演習","親松 和浩","https://cssy.aasa.ac.jp/syllabusHtml/2026/1110/1110_212218-02_ja_JP.html"
"2060","後期","後期","金4","212305-01","情報利用論","池田 光雪","https://cssy.aasa.ac.jp/syllabusHtml/2026/1110/1110_212305-01_ja_JP.html"
"2061","後期","後期","他","212307-01","情報メディア論","菅野 育子","https://cssy.aasa.ac.jp/syllabusHtml/2026/1110/1110_212307-01_ja_JP.html"
"2062","後期","後期","月4","212313-01","学術情報システム論","池田 光雪","https://cssy.aasa.ac.jp/syllabusHtml/2026/1110/1110_212313-01_ja_JP.html"
"2063","前期","前期","他","212323-01","デジタルアーカイブズ論","菅野 育子","https://cssy.aasa.ac.jp/syllabusHtml/2026/1110/1110_212323-01_ja_JP.html"
"2064","前期","前期","月1","213001-01","卒業プロジェクトⅠ","池田 光雪","https://cssy.aasa.ac.jp/syllabusHtml/2026/1110/1110_213001-01_ja_JP.html"
"2065","前期","前期","月2","213001-02","卒業プロジェクトⅠ","佐藤 涼矢","https://cssy.aasa.ac.jp/syllabusHtml/2026/1110/1110_213001-02_ja_JP.html"
"2066","前期","前期","月3","213001-03","卒業プロジェクトⅠ","三和 義秀","https://cssy.aasa.ac.jp/syllabusHtml/2026/1110/1110_213001-03_ja_JP.html"
"2067","前期","前期","月4","213001-04","卒業プロジェクトⅠ","森 博子","https://cssy.aasa.ac.jp/syllabusHtml/2026/1110/1110_213001-04_ja_JP.html"
"2068","前期","前期","火3","213001-05","卒業プロジェクトⅠ","板垣 寧々","https://cssy.aasa.ac.jp/syllabusHtml/2026/1110/1110_213001-05_ja_JP.html"
"2069","前期","前期","火3","213001-06","卒業プロジェクトⅠ","佐藤 好幸","https://cssy.aasa.ac.jp/syllabusHtml/2026/1110/1110_213001-06_ja_JP.html"
"2070","前期","前期","火4","213001-07","卒業プロジェクトⅠ","親松 和浩","https://cssy.aasa.ac.jp/syllabusHtml/2026/1110/1110_213001-07_ja_JP.html"
"2071","前期","前期","水2","213001-08","卒業プロジェクトⅠ","瀬谷 安弘","https://cssy.aasa.ac.jp/syllabusHtml/2026/1110/1110_213001-08_ja_JP.html"
"2072","前期","前期","水2","213001-09","卒業プロジェクトⅠ","牧 勝弘","https://cssy.aasa.ac.jp/syllabusHtml/2026/1110/1110_213001-09_ja_JP.html"
"2073","前期","前期","水3","213001-10","卒業プロジェクトⅠ","高原 美和","https://cssy.aasa.ac.jp/syllabusHtml/2026/1110/1110_213001-10_ja_JP.html"
"2074","前期","前期","木2","213001-11","卒業プロジェクトⅠ","天野 成昭","https://cssy.aasa.ac.jp/syllabusHtml/2026/1110/1110_213001-11_ja_JP.html"
"2075","前期","前期","木2","213001-12","卒業プロジェクトⅠ","岸田 拓也","https://cssy.aasa.ac.jp/syllabusHtml/2026/1110/1110_213001-12_ja_JP.html"
"2076","前期","前期","木3","213001-13","卒業プロジェクトⅠ","浦尾 彰","https://cssy.aasa.ac.jp/syllabusHtml/2026/1110/1110_213001-13_ja_JP.html"
"2077","前期","前期","木3","213001-14","卒業プロジェクトⅠ","國分 三輝","https://cssy.aasa.ac.jp/syllabusHtml/2026/1110/1110_213001-14_ja_JP.html"
"2078","前期","前期","木4","213001-15","卒業プロジェクトⅠ","加藤 央昌","https://cssy.aasa.ac.jp/syllabusHtml/2026/1110/1110_213001-15_ja_JP.html"
"2079","前期","前期","金3","213001-16","卒業プロジェクトⅠ","佐藤 朝美","https://cssy.aasa.ac.jp/syllabusHtml/2026/1110/1110_213001-16_ja_JP.html"
"2080","後期","後期","月1","213002-01","卒業プロジェクトⅡ","池田 光雪","https://cssy.aasa.ac.jp/syllabusHtml/2026/1110/1110_213002-01_ja_JP.html"
"2081","後期","後期","月2","213002-02","卒業プロジェクトⅡ","佐藤 涼矢","https://cssy.aasa.ac.jp/syllabusHtml/2026/1110/1110_213002-02_ja_JP.html"
"2082","後期","後期","月4","213002-03","卒業プロジェクトⅡ","三和 義秀","https://cssy.aasa.ac.jp/syllabusHtml/2026/1110/1110_213002-03_ja_JP.html"
"2083","後期","後期","月4","213002-04","卒業プロジェクトⅡ","森 博子","https://cssy.aasa.ac.jp/syllabusHtml/2026/1110/1110_213002-04_ja_JP.html"
"2084","後期","後期","火3","213002-05","卒業プロジェクトⅡ","加藤 央昌","https://cssy.aasa.ac.jp/syllabusHtml/2026/1110/1110_213002-05_ja_JP.html"
"2085","後期","後期","火3","213002-06","卒業プロジェクトⅡ","佐藤 好幸","https://cssy.aasa.ac.jp/syllabusHtml/2026/1110/1110_213002-06_ja_JP.html"
"2086","後期","後期","火3","213002-07","卒業プロジェクトⅡ","板垣 寧々","https://cssy.aasa.ac.jp/syllabusHtml/2026/1110/1110_213002-07_ja_JP.html"
"2087","後期","後期","水3","213002-08","卒業プロジェクトⅡ","高原 美和","https://cssy.aasa.ac.jp/syllabusHtml/2026/1110/1110_213002-08_ja_JP.html"
"2088","後期","後期","水3","213002-09","卒業プロジェクトⅡ","瀬谷 安弘","https://cssy.aasa.ac.jp/syllabusHtml/2026/1110/1110_213002-09_ja_JP.html"
"2089","後期","後期","木2","213002-10","卒業プロジェクトⅡ","天野 成昭","https://cssy.aasa.ac.jp/syllabusHtml/2026/1110/1110_213002-10_ja_JP.html"
"2090","後期","後期","木2","213002-11","卒業プロジェクトⅡ","牧 勝弘","https://cssy.aasa.ac.jp/syllabusHtml/2026/1110/1110_213002-11_ja_JP.html"
"2091","後期","後期","木2","213002-12","卒業プロジェクトⅡ","岸田 拓也","https://cssy.aasa.ac.jp/syllabusHtml/2026/1110/1110_213002-12_ja_JP.html"
"2092","後期","後期","木3","213002-13","卒業プロジェクトⅡ","浦尾 彰","https://cssy.aasa.ac.jp/syllabusHtml/2026/1110/1110_213002-13_ja_JP.html"
"2093","後期","後期","木3","213002-14","卒業プロジェクトⅡ","國分 三輝","https://cssy.aasa.ac.jp/syllabusHtml/2026/1110/1110_213002-14_ja_JP.html"
"2094","後期","後期","金3","213002-15","卒業プロジェクトⅡ","佐藤 朝美","https://cssy.aasa.ac.jp/syllabusHtml/2026/1110/1110_213002-15_ja_JP.html"
"2095","後期","後期","金5","213002-16","卒業プロジェクトⅡ","親松 和浩","https://cssy.aasa.ac.jp/syllabusHtml/2026/1110/1110_213002-16_ja_JP.html"
"2096","後期","後期","火3","213002-17","卒業プロジェクトⅡ","土屋 花琳","https://cssy.aasa.ac.jp/syllabusHtml/2026/1110/1110_213002-17_ja_JP.html"
"2097","前期","前期","月2","213003-01","卒業プロジェクトⅢ","池田 光雪","https://cssy.aasa.ac.jp/syllabusHtml/2026/1110/1110_213003-01_ja_JP.html"
"2098","前期","前期","月3","213003-02","卒業プロジェクトⅢ","森 博子","https://cssy.aasa.ac.jp/syllabusHtml/2026/1110/1110_213003-02_ja_JP.html"
"2099","前期","前期","月4","213003-03","卒業プロジェクトⅢ","三和 義秀","https://cssy.aasa.ac.jp/syllabusHtml/2026/1110/1110_213003-03_ja_JP.html"
"2100","前期","前期","火3","213003-04","卒業プロジェクトⅢ","高原 美和","https://cssy.aasa.ac.jp/syllabusHtml/2026/1110/1110_213003-04_ja_JP.html"
"2101","前期","前期","火4","213003-05","卒業プロジェクトⅢ","佐藤 好幸","https://cssy.aasa.ac.jp/syllabusHtml/2026/1110/1110_213003-05_ja_JP.html"
"2102","前期","前期","火2","213003-06","卒業プロジェクトⅢ","吉川 遼","https://cssy.aasa.ac.jp/syllabusHtml/2026/1110/1110_213003-06_ja_JP.html"
"2103","前期","前期","水1","213003-07","卒業プロジェクトⅢ","天野 成昭","https://cssy.aasa.ac.jp/syllabusHtml/2026/1110/1110_213003-07_ja_JP.html"
"2104","前期","前期","水2","213003-08","卒業プロジェクトⅢ","加藤 央昌","https://cssy.aasa.ac.jp/syllabusHtml/2026/1110/1110_213003-08_ja_JP.html"
"2105","前期","前期","水3","213003-09","卒業プロジェクトⅢ","瀬谷 安弘","https://cssy.aasa.ac.jp/syllabusHtml/2026/1110/1110_213003-09_ja_JP.html"
"2106","前期","前期","木2","213003-10","卒業プロジェクトⅢ","牧 勝弘","https://cssy.aasa.ac.jp/syllabusHtml/2026/1110/1110_213003-10_ja_JP.html"
"2107","前期","前期","木4","213003-12","卒業プロジェクトⅢ","浦尾 彰","https://cssy.aasa.ac.jp/syllabusHtml/2026/1110/1110_213003-12_ja_JP.html"
"2108","前期","前期","木4","213003-13","卒業プロジェクトⅢ","國分 三輝","https://cssy.aasa.ac.jp/syllabusHtml/2026/1110/1110_213003-13_ja_JP.html"
"2109","前期","前期","金2","213003-14","卒業プロジェクトⅢ","親松 和浩","https://cssy.aasa.ac.jp/syllabusHtml/2026/1110/1110_213003-14_ja_JP.html"
"2110","前期","前期","金3","213003-15","卒業プロジェクトⅢ","岸田 拓也","https://cssy.aasa.ac.jp/syllabusHtml/2026/1110/1110_213003-15_ja_JP.html"
"2111","前期","前期","金4","213003-16","卒業プロジェクトⅢ","佐藤 朝美","https://cssy.aasa.ac.jp/syllabusHtml/2026/1110/1110_213003-16_ja_JP.html"
"2112","前期","前期","金3","213003-17","卒業プロジェクトⅢ","土屋 花琳","https://cssy.aasa.ac.jp/syllabusHtml/2026/1110/1110_213003-17_ja_JP.html"
"2113","前期","前期","火4","213003-18","卒業プロジェクトⅢ","板垣 寧々","https://cssy.aasa.ac.jp/syllabusHtml/2026/1110/1110_213003-18_ja_JP.html"
"2114","前期","前期","月3","213003-19","卒業プロジェクトⅢ","佐藤 涼矢","https://cssy.aasa.ac.jp/syllabusHtml/2026/1110/1110_213003-19_ja_JP.html"
"2115","後期","後期","月2","213004-01","卒業プロジェクトⅣ","池田 光雪","https://cssy.aasa.ac.jp/syllabusHtml/2026/1110/1110_213004-01_ja_JP.html"
"2116","後期","後期","月3","213004-02","卒業プロジェクトⅣ","森 博子","https://cssy.aasa.ac.jp/syllabusHtml/2026/1110/1110_213004-02_ja_JP.html"
"2117","後期","後期","火3","213004-03","卒業プロジェクトⅣ","高原 美和","https://cssy.aasa.ac.jp/syllabusHtml/2026/1110/1110_213004-03_ja_JP.html"
"2118","後期","後期","火4","213004-04","卒業プロジェクトⅣ","加藤 央昌","https://cssy.aasa.ac.jp/syllabusHtml/2026/1110/1110_213004-04_ja_JP.html"
"2119","後期","後期","火4","213004-05","卒業プロジェクトⅣ","三和 義秀","https://cssy.aasa.ac.jp/syllabusHtml/2026/1110/1110_213004-05_ja_JP.html"
"2120","後期","後期","火4","213004-06","卒業プロジェクトⅣ","佐藤 好幸","https://cssy.aasa.ac.jp/syllabusHtml/2026/1110/1110_213004-06_ja_JP.html"
"2121","後期","後期","火2","213004-07","卒業プロジェクトⅣ","吉川 遼","https://cssy.aasa.ac.jp/syllabusHtml/2026/1110/1110_213004-07_ja_JP.html"
"2122","後期","後期","水2","213004-08","卒業プロジェクトⅣ","瀬谷 安弘","https://cssy.aasa.ac.jp/syllabusHtml/2026/1110/1110_213004-08_ja_JP.html"
"2123","後期","後期","水2","213004-09","卒業プロジェクトⅣ","牧 勝弘","https://cssy.aasa.ac.jp/syllabusHtml/2026/1110/1110_213004-09_ja_JP.html"
"2124","後期","後期","水3","213004-10","卒業プロジェクトⅣ","天野 成昭","https://cssy.aasa.ac.jp/syllabusHtml/2026/1110/1110_213004-10_ja_JP.html"
"2125","後期","後期","木2","213004-11","卒業プロジェクトⅣ","満倉 英一","https://cssy.aasa.ac.jp/syllabusHtml/2026/1110/1110_213004-11_ja_JP.html"
"2126","後期","後期","木4","213004-12","卒業プロジェクトⅣ","浦尾 彰","https://cssy.aasa.ac.jp/syllabusHtml/2026/1110/1110_213004-12_ja_JP.html"
"2127","後期","後期","木4","213004-13","卒業プロジェクトⅣ","國分 三輝","https://cssy.aasa.ac.jp/syllabusHtml/2026/1110/1110_213004-13_ja_JP.html"
"2128","後期","後期","金2","213004-14","卒業プロジェクトⅣ","親松 和浩","https://cssy.aasa.ac.jp/syllabusHtml/2026/1110/1110_213004-14_ja_JP.html"
"2129","後期","後期","金3","213004-15","卒業プロジェクトⅣ","岸田 拓也","https://cssy.aasa.ac.jp/syllabusHtml/2026/1110/1110_213004-15_ja_JP.html"
"2130","後期","後期","金4","213004-16","卒業プロジェクトⅣ","佐藤 朝美","https://cssy.aasa.ac.jp/syllabusHtml/2026/1110/1110_213004-16_ja_JP.html"
"2131","後期","後期","火4","213004-17","卒業プロジェクトⅣ","土屋 花琳","https://cssy.aasa.ac.jp/syllabusHtml/2026/1110/1110_213004-17_ja_JP.html"
"2132","前期","前期","火3","213004-18","卒業プロジェクトⅣ","高原 美和","https://cssy.aasa.ac.jp/syllabusHtml/2026/1110/1110_213004-18_ja_JP.html"
"2133","前期","前期","月2","213004-19","卒業プロジェクトⅣ","池田 光雪","https://cssy.aasa.ac.jp/syllabusHtml/2026/1110/1110_213004-19_ja_JP.html"
"2134","前期","前期","水2","213004-20","卒業プロジェクトⅣ","加藤 央昌","https://cssy.aasa.ac.jp/syllabusHtml/2026/1110/1110_213004-20_ja_JP.html"
"2135","後期","後期","火4","213004-21","卒業プロジェクトⅣ","板垣 寧々","https://cssy.aasa.ac.jp/syllabusHtml/2026/1110/1110_213004-21_ja_JP.html"
"2136","後期","後期","月3","213004-22","卒業プロジェクトⅣ","佐藤 涼矢","https://cssy.aasa.ac.jp/syllabusHtml/2026/1110/1110_213004-22_ja_JP.html"
"2137","前期","通年","他","213005-01","卒業論文・卒業制作","天野 成昭","https://cssy.aasa.ac.jp/syllabusHtml/2026/1110/1110_213005-01_ja_JP.html"
"2138","前期","通年","他","213005-02","卒業論文・卒業制作","池田 光雪","https://cssy.aasa.ac.jp/syllabusHtml/2026/1110/1110_213005-02_ja_JP.html"
"2139","前期","通年","他","213005-03","卒業論文・卒業制作","浦尾 彰","https://cssy.aasa.ac.jp/syllabusHtml/2026/1110/1110_213005-03_ja_JP.html"
"2140","前期","通年","他","213005-04","卒業論文・卒業制作","親松 和浩","https://cssy.aasa.ac.jp/syllabusHtml/2026/1110/1110_213005-04_ja_JP.html"
"2141","前期","通年","他","213005-05","卒業論文・卒業制作","加藤 央昌","https://cssy.aasa.ac.jp/syllabusHtml/2026/1110/1110_213005-05_ja_JP.html"
"2142","前期","通年","他","213005-06","卒業論文・卒業制作","岸田 拓也","https://cssy.aasa.ac.jp/syllabusHtml/2026/1110/1110_213005-06_ja_JP.html"
"2143","前期","通年","他","213005-07","卒業論文・卒業制作","國分 三輝","https://cssy.aasa.ac.jp/syllabusHtml/2026/1110/1110_213005-07_ja_JP.html"
"2144","前期","通年","他","213005-08","卒業論文・卒業制作","佐藤 朝美","https://cssy.aasa.ac.jp/syllabusHtml/2026/1110/1110_213005-08_ja_JP.html"
"2145","前期","通年","他","213005-09","卒業論文・卒業制作","佐藤 好幸","https://cssy.aasa.ac.jp/syllabusHtml/2026/1110/1110_213005-09_ja_JP.html"
"2146","前期","通年","他","213005-10","卒業論文・卒業制作","瀬谷 安弘","https://cssy.aasa.ac.jp/syllabusHtml/2026/1110/1110_213005-10_ja_JP.html"
"2147","前期","通年","他","213005-11","卒業論文・卒業制作","高原 美和","https://cssy.aasa.ac.jp/syllabusHtml/2026/1110/1110_213005-11_ja_JP.html"
"2148","前期","通年","他","213005-12","卒業論文・卒業制作","牧 勝弘","https://cssy.aasa.ac.jp/syllabusHtml/2026/1110/1110_213005-12_ja_JP.html"
"2149","前期","通年","他","213005-14","卒業論文・卒業制作","三和 義秀","https://cssy.aasa.ac.jp/syllabusHtml/2026/1110/1110_213005-14_ja_JP.html"
"2150","前期","通年","他","213005-15","卒業論文・卒業制作","森 博子","https://cssy.aasa.ac.jp/syllabusHtml/2026/1110/1110_213005-15_ja_JP.html"
"2151","前期","通年","他","213005-16","卒業論文・卒業制作","吉川 遼","https://cssy.aasa.ac.jp/syllabusHtml/2026/1110/1110_213005-16_ja_JP.html"
"2152","前期","前期","他","213005-17","卒業論文・卒業制作","高原 美和","https://cssy.aasa.ac.jp/syllabusHtml/2026/1110/1110_213005-17_ja_JP.html"
"2153","前期","前期","他","213005-18","卒業論文・卒業制作","加藤 央昌","https://cssy.aasa.ac.jp/syllabusHtml/2026/1110/1110_213005-18_ja_JP.html"
"2154","前期","前期","他","213005-19","卒業論文・卒業制作","池田 光雪","https://cssy.aasa.ac.jp/syllabusHtml/2026/1110/1110_213005-19_ja_JP.html"
"2155","前期","前期","他","213005-20","卒業論文・卒業制作","天野 成昭","https://cssy.aasa.ac.jp/syllabusHtml/2026/1110/1110_213005-20_ja_JP.html"
"2156","前期","通年","他","213005-21","卒業論文・卒業制作","板垣 寧々","https://cssy.aasa.ac.jp/syllabusHtml/2026/1110/1110_213005-21_ja_JP.html"
"2157","前期","通年","他","213005-22","卒業論文・卒業制作","佐藤 涼矢","https://cssy.aasa.ac.jp/syllabusHtml/2026/1110/1110_213005-22_ja_JP.html"
"2158","前期","通年","他","213005-23","卒業論文・卒業制作","土屋 花琳","https://cssy.aasa.ac.jp/syllabusHtml/2026/1110/1110_213005-23_ja_JP.html"
"2159","後期","後期","木2","214002-01","デザイン心理学","高原 美和","https://cssy.aasa.ac.jp/syllabusHtml/2026/1110/1110_214002-01_ja_JP.html"
"2160","前期","前期","月2","214004-01","心理学概論","小山 貴士","https://cssy.aasa.ac.jp/syllabusHtml/2026/1110/1110_214004-01_ja_JP.html"
"2161","前期","前期","金2","214006-01","コンピュータ計算入門","奥村 文徳","https://cssy.aasa.ac.jp/syllabusHtml/2026/1110/1110_214006-01_ja_JP.html"
"2162","前期","前期","金3","214006-02","コンピュータ計算入門","奥村 文徳","https://cssy.aasa.ac.jp/syllabusHtml/2026/1110/1110_214006-02_ja_JP.html"
"2163","前期","前期","金4","214006-03","コンピュータ計算入門","奥村 文徳","https://cssy.aasa.ac.jp/syllabusHtml/2026/1110/1110_214006-03_ja_JP.html"
"2164","前期","前期","金5","214006-04","コンピュータ計算入門","奥村 文徳","https://cssy.aasa.ac.jp/syllabusHtml/2026/1110/1110_214006-04_ja_JP.html"
"2165","前期","前期","月1","214017-01","心理学史","小山 貴士","https://cssy.aasa.ac.jp/syllabusHtml/2026/1110/1110_214017-01_ja_JP.html"
"2166","後期","後期","水5","214020-01","教育心理学","小山 貴士","https://cssy.aasa.ac.jp/syllabusHtml/2026/1110/1110_214020-01_ja_JP.html"
"2167","後期","後期","木2","214022-01","社会心理学","小山 貴士","https://cssy.aasa.ac.jp/syllabusHtml/2026/1110/1110_214022-01_ja_JP.html"
"2168","後期","後期","木5","215002-01","AI(人工知能)概論","牧 勝弘","https://cssy.aasa.ac.jp/syllabusHtml/2026/1110/1110_215002-01_ja_JP.html"
"2169","前期","前期","木2","215004-01","プログラミング演習2(Python)","神田 久恵","https://cssy.aasa.ac.jp/syllabusHtml/2026/1110/1110_215004-01_ja_JP.html"
"2170","前期","前期","金2","215004-02","プログラミング演習2(Python)","大嶽 麻里子","https://cssy.aasa.ac.jp/syllabusHtml/2026/1110/1110_215004-02_ja_JP.html"
"2171","後期","後期","月2","215004-03","プログラミング演習2(Python)","加藤 央昌","https://cssy.aasa.ac.jp/syllabusHtml/2026/1110/1110_215004-03_ja_JP.html"
"2172","後期","後期","火2","215004-04","プログラミング演習2(Python)","神田 久恵","https://cssy.aasa.ac.jp/syllabusHtml/2026/1110/1110_215004-04_ja_JP.html"
"2173","後期","後期","木4","215004-05","プログラミング演習2(Python)","神田 久恵","https://cssy.aasa.ac.jp/syllabusHtml/2026/1110/1110_215004-05_ja_JP.html"
"2174","後期","後期","金2","215004-06","プログラミング演習2(Python)","大嶽 麻里子","https://cssy.aasa.ac.jp/syllabusHtml/2026/1110/1110_215004-06_ja_JP.html"
"2175","後期","後期","水1","215008-01","聴覚・言語心理学","天野 成昭","https://cssy.aasa.ac.jp/syllabusHtml/2026/1110/1110_215008-01_ja_JP.html"
"2176","後期","後期","金2","215014-01","ビッグデータ演習","池田 光雪","https://cssy.aasa.ac.jp/syllabusHtml/2026/1110/1110_215014-01_ja_JP.html"
"2177","後期","後期","火3","215016-01","知覚情報処理","小山 貴士","https://cssy.aasa.ac.jp/syllabusHtml/2026/1110/1110_215016-01_ja_JP.html"
"2178","前期","前期","月3","215100-01","心理データサイエンス入門","小山 貴士","https://cssy.aasa.ac.jp/syllabusHtml/2026/1110/1110_215100-01_ja_JP.html"
"2179","前期","前期","月4","215100-02","心理データサイエンス入門","小山 貴士","https://cssy.aasa.ac.jp/syllabusHtml/2026/1110/1110_215100-02_ja_JP.html"
"2180","前期","前期","火1","215100-03","心理データサイエンス入門","小山 貴士","https://cssy.aasa.ac.jp/syllabusHtml/2026/1110/1110_215100-03_ja_JP.html"
"2181","前期","前期","木2","215100-04","心理データサイエンス入門","行松 慎二","https://cssy.aasa.ac.jp/syllabusHtml/2026/1110/1110_215100-04_ja_JP.html"
"2182","前期","前期","木2","215100-05","心理データサイエンス入門","小山 貴士","https://cssy.aasa.ac.jp/syllabusHtml/2026/1110/1110_215100-05_ja_JP.html"
"2183","前期","前期","木3","215101-01","オープンデータ活用基礎","池田 光雪","https://cssy.aasa.ac.jp/syllabusHtml/2026/1110/1110_215101-01_ja_JP.html"
"2184","前期","前期","火5","215102-01","IT人材入門","佐藤 朝美 三和 義秀 浦尾 彰","https://cssy.aasa.ac.jp/syllabusHtml/2026/1110/1110_215102-01_ja_JP.html"
"2185","前期","前期","火5","215103-01","数理科学入門Ⅰ(ベクトル・行列)","親松 和浩","https://cssy.aasa.ac.jp/syllabusHtml/2026/1110/1110_215103-01_ja_JP.html"
"2186","後期","後期","火3","215104-01","数理科学入門Ⅱ(微分・積分)","親松 和浩","https://cssy.aasa.ac.jp/syllabusHtml/2026/1110/1110_215104-01_ja_JP.html"
"2187","後期","後期","金5","215106-01","Practical English","PUDWILL Larry A.","https://cssy.aasa.ac.jp/syllabusHtml/2026/1110/1110_215106-01_ja_JP.html"
"2188","前期","前期","他","215107-01","海外フィールドスタディ","森 博子","https://cssy.aasa.ac.jp/syllabusHtml/2026/1110/1110_215107-01_ja_JP.html"
"2189","前期","前期","木1","215108-01","幾何学入門","大野 走馬","https://cssy.aasa.ac.jp/syllabusHtml/2026/1110/1110_215108-01_ja_JP.html"
"2190","前期","前期","木3","215108-02","幾何学入門","大野 走馬","https://cssy.aasa.ac.jp/syllabusHtml/2026/1110/1110_215108-02_ja_JP.html"
"2191","前期","前期","木4","215108-03","幾何学入門","長谷川 貴之","https://cssy.aasa.ac.jp/syllabusHtml/2026/1110/1110_215108-03_ja_JP.html"
"2192","後期","後期","金2","215108-05","幾何学入門","大野 走馬","https://cssy.aasa.ac.jp/syllabusHtml/2026/1110/1110_215108-05_ja_JP.html"
"2193","後期","後期","金4","215108-06","幾何学入門","大野 走馬","https://cssy.aasa.ac.jp/syllabusHtml/2026/1110/1110_215108-06_ja_JP.html"
"2194","前期","前期","火1","215109-01","代数学入門","山田 篤史","https://cssy.aasa.ac.jp/syllabusHtml/2026/1110/1110_215109-01_ja_JP.html"
"2195","前期","前期","火2","215109-02","代数学入門","笠谷 昌弘","https://cssy.aasa.ac.jp/syllabusHtml/2026/1110/1110_215109-02_ja_JP.html"
"2196","前期","前期","木4","215109-03","代数学入門","大野 走馬","https://cssy.aasa.ac.jp/syllabusHtml/2026/1110/1110_215109-03_ja_JP.html"
"2197","後期","後期","木2","215109-05","代数学入門","長谷川 貴之","https://cssy.aasa.ac.jp/syllabusHtml/2026/1110/1110_215109-05_ja_JP.html"
"2198","後期","後期","木3","215109-06","代数学入門","長谷川 貴之","https://cssy.aasa.ac.jp/syllabusHtml/2026/1110/1110_215109-06_ja_JP.html"
"2199","前期","前期","水1","215110-02","解析学入門","長谷川 貴之","https://cssy.aasa.ac.jp/syllabusHtml/2026/1110/1110_215110-02_ja_JP.html"
"2200","前期","前期","水3","215110-03","解析学入門","長谷川 貴之","https://cssy.aasa.ac.jp/syllabusHtml/2026/1110/1110_215110-03_ja_JP.html"
"2201","後期","後期","火1","215110-04","解析学入門","山田 篤史","https://cssy.aasa.ac.jp/syllabusHtml/2026/1110/1110_215110-04_ja_JP.html"
"2202","後期","後期","火2","215110-05","解析学入門","山田 篤史","https://cssy.aasa.ac.jp/syllabusHtml/2026/1110/1110_215110-05_ja_JP.html"
"2203","後期","後期","木4","215110-06","解析学入門","長谷川 貴之","https://cssy.aasa.ac.jp/syllabusHtml/2026/1110/1110_215110-06_ja_JP.html"
"2204","前期","前期","金1","215111-02","確率・統計入門","長谷川 貴之","https://cssy.aasa.ac.jp/syllabusHtml/2026/1110/1110_215111-02_ja_JP.html"
"2205","前期","前期","金4","215111-03","確率・統計入門","長谷川 貴之","https://cssy.aasa.ac.jp/syllabusHtml/2026/1110/1110_215111-03_ja_JP.html"
"2206","後期","後期","水1","215111-04","確率・統計入門","大野 走馬","https://cssy.aasa.ac.jp/syllabusHtml/2026/1110/1110_215111-04_ja_JP.html"
"2207","後期","後期","水3","215111-05","確率・統計入門","大野 走馬","https://cssy.aasa.ac.jp/syllabusHtml/2026/1110/1110_215111-05_ja_JP.html"
"2208","後期","後期","水5","215111-06","確率・統計入門","長谷川 貴之","https://cssy.aasa.ac.jp/syllabusHtml/2026/1110/1110_215111-06_ja_JP.html"
"2209","前期","前期","月1","215112-01","代数学Ⅰ","長谷川 貴之","https://cssy.aasa.ac.jp/syllabusHtml/2026/1110/1110_215112-01_ja_JP.html"
"2210","前期","前期","月3","215112-02","代数学Ⅰ","長谷川 貴之","https://cssy.aasa.ac.jp/syllabusHtml/2026/1110/1110_215112-02_ja_JP.html"
"2211","前期","前期","火2","215112-03","代数学Ⅰ","日比 孝之","https://cssy.aasa.ac.jp/syllabusHtml/2026/1110/1110_215112-03_ja_JP.html"
"2212","後期","後期","月4","215112-04","代数学Ⅰ","長谷川 貴之","https://cssy.aasa.ac.jp/syllabusHtml/2026/1110/1110_215112-04_ja_JP.html"
"2213","後期","後期","水1","215112-05","代数学Ⅰ","長谷川 貴之","https://cssy.aasa.ac.jp/syllabusHtml/2026/1110/1110_215112-05_ja_JP.html"
"2214","後期","後期","木4","215112-06","代数学Ⅰ","日比 孝之","https://cssy.aasa.ac.jp/syllabusHtml/2026/1110/1110_215112-06_ja_JP.html"
"2215","前期","前期","火3","215113-01","代数学Ⅱ","日比 孝之","https://cssy.aasa.ac.jp/syllabusHtml/2026/1110/1110_215113-01_ja_JP.html"
"2216","前期","前期","木5","215113-02","代数学Ⅱ","長谷川 貴之","https://cssy.aasa.ac.jp/syllabusHtml/2026/1110/1110_215113-02_ja_JP.html"
"2217","後期","後期","月5","215113-03","代数学Ⅱ","長谷川 貴之","https://cssy.aasa.ac.jp/syllabusHtml/2026/1110/1110_215113-03_ja_JP.html"
"2218","後期","後期","火3","215113-04","代数学Ⅱ","日比 孝之","https://cssy.aasa.ac.jp/syllabusHtml/2026/1110/1110_215113-04_ja_JP.html"
"2219","前期","前期","火4","215114-01","基礎解析学","日比 孝之","https://cssy.aasa.ac.jp/syllabusHtml/2026/1110/1110_215114-01_ja_JP.html"
"2220","前期","前期","木4","215114-02","基礎解析学","日比 孝之","https://cssy.aasa.ac.jp/syllabusHtml/2026/1110/1110_215114-02_ja_JP.html"
"2221","前期","前期","金2","215114-03","基礎解析学","長谷川 貴之","https://cssy.aasa.ac.jp/syllabusHtml/2026/1110/1110_215114-03_ja_JP.html"
"2222","後期","後期","木3","215114-05","基礎解析学","日比 孝之","https://cssy.aasa.ac.jp/syllabusHtml/2026/1110/1110_215114-05_ja_JP.html"
"2223","後期","後期","金1","215114-06","基礎解析学","長谷川 貴之","https://cssy.aasa.ac.jp/syllabusHtml/2026/1110/1110_215114-06_ja_JP.html"
"2224","前期","前期","水5","215115-01","応用解析学","長谷川 貴之","https://cssy.aasa.ac.jp/syllabusHtml/2026/1110/1110_215115-01_ja_JP.html"
"2225","前期","前期","木2","215115-02","応用解析学","日比 孝之","https://cssy.aasa.ac.jp/syllabusHtml/2026/1110/1110_215115-02_ja_JP.html"
"2226","前期","前期","木3","215115-03","応用解析学","日比 孝之","https://cssy.aasa.ac.jp/syllabusHtml/2026/1110/1110_215115-03_ja_JP.html"
"2227","後期","後期","火2","215115-04","応用解析学","日比 孝之","https://cssy.aasa.ac.jp/syllabusHtml/2026/1110/1110_215115-04_ja_JP.html"
"2228","後期","後期","木2","215115-05","応用解析学","日比 孝之","https://cssy.aasa.ac.jp/syllabusHtml/2026/1110/1110_215115-05_ja_JP.html"
"2229","後期","後期","金2","215115-06","応用解析学","長谷川 貴之","https://cssy.aasa.ac.jp/syllabusHtml/2026/1110/1110_215115-06_ja_JP.html"
"2230","前期","前期","木5","215116-01","代数学Ⅲ","日比 孝之","https://cssy.aasa.ac.jp/syllabusHtml/2026/1110/1110_215116-01_ja_JP.html"
"2231","前期","前期","火5","215117-01","幾何学Ⅰ","日比 孝之","https://cssy.aasa.ac.jp/syllabusHtml/2026/1110/1110_215117-01_ja_JP.html"
"2232","前期","前期","水2","215117-02","幾何学Ⅰ","大野 走馬","https://cssy.aasa.ac.jp/syllabusHtml/2026/1110/1110_215117-02_ja_JP.html"
"2233","前期","前期","火4","215117-03","幾何学Ⅰ","大野 走馬","https://cssy.aasa.ac.jp/syllabusHtml/2026/1110/1110_215117-03_ja_JP.html"
"2234","後期","後期","火4","215117-04","幾何学Ⅰ","日比 孝之","https://cssy.aasa.ac.jp/syllabusHtml/2026/1110/1110_215117-04_ja_JP.html"
"2235","後期","後期","金1","215117-05","幾何学Ⅰ","大野 走馬","https://cssy.aasa.ac.jp/syllabusHtml/2026/1110/1110_215117-05_ja_JP.html"
"2236","後期","後期","木1","215118-01","幾何学Ⅱ","大野 走馬","https://cssy.aasa.ac.jp/syllabusHtml/2026/1110/1110_215118-01_ja_JP.html"
"2237","前期","前期","水3","215119-01","ベクトル解析","大野 走馬","https://cssy.aasa.ac.jp/syllabusHtml/2026/1110/1110_215119-01_ja_JP.html"
"2238","前期","前期","月2","215120-01","確率論","長谷川 貴之","https://cssy.aasa.ac.jp/syllabusHtml/2026/1110/1110_215120-01_ja_JP.html"
"2239","前期","前期","月5","215120-02","確率論","長谷川 貴之","https://cssy.aasa.ac.jp/syllabusHtml/2026/1110/1110_215120-02_ja_JP.html"
"2240","後期","後期","月2","215120-03","確率論","長谷川 貴之","https://cssy.aasa.ac.jp/syllabusHtml/2026/1110/1110_215120-03_ja_JP.html"
"2241","後期","後期","金4","215120-04","確率論","長谷川 貴之","https://cssy.aasa.ac.jp/syllabusHtml/2026/1110/1110_215120-04_ja_JP.html"
"2242","前期","前期","金5","215121-01","統計学","長谷川 貴之","https://cssy.aasa.ac.jp/syllabusHtml/2026/1110/1110_215121-01_ja_JP.html"
"2243","後期","後期","月1","215121-02","統計学","長谷川 貴之","https://cssy.aasa.ac.jp/syllabusHtml/2026/1110/1110_215121-02_ja_JP.html"
"2244","後期","後期","金5","215122-01","応用統計学","長谷川 貴之","https://cssy.aasa.ac.jp/syllabusHtml/2026/1110/1110_215122-01_ja_JP.html"
"2245","前期","前期","火1","215123-01","情報数学Ⅰ","長谷川 貴之","https://cssy.aasa.ac.jp/syllabusHtml/2026/1110/1110_215123-01_ja_JP.html"
"2246","前期","前期","火4","215123-02","情報数学Ⅰ","長谷川 貴之","https://cssy.aasa.ac.jp/syllabusHtml/2026/1110/1110_215123-02_ja_JP.html"
"2247","後期","後期","火1","215123-03","情報数学Ⅰ","長谷川 貴之","https://cssy.aasa.ac.jp/syllabusHtml/2026/1110/1110_215123-03_ja_JP.html"
"2248","後期","後期","火4","215123-04","情報数学Ⅰ","長谷川 貴之","https://cssy.aasa.ac.jp/syllabusHtml/2026/1110/1110_215123-04_ja_JP.html"
"2249","後期","後期","水1","215124-01","データサイエンス基礎演習","佐藤 好幸","https://cssy.aasa.ac.jp/syllabusHtml/2026/1110/1110_215124-01_ja_JP.html"
"2250","後期","後期","水3","215124-02","データサイエンス基礎演習","浦尾 彰","https://cssy.aasa.ac.jp/syllabusHtml/2026/1110/1110_215124-02_ja_JP.html"
"2251","前期","前期","火2","215125-01","情報数学Ⅱ","長谷川 貴之","https://cssy.aasa.ac.jp/syllabusHtml/2026/1110/1110_215125-01_ja_JP.html"
"2252","後期","後期","火2","215125-02","情報数学Ⅱ","長谷川 貴之","https://cssy.aasa.ac.jp/syllabusHtml/2026/1110/1110_215125-02_ja_JP.html"
"2253","前期","前期","火4","215126-01","AIプログラミング演習","加藤 央昌","https://cssy.aasa.ac.jp/syllabusHtml/2026/1110/1110_215126-01_ja_JP.html"
"2254","前期","前期","水2","215126-02","AIプログラミング演習","浦尾 彰","https://cssy.aasa.ac.jp/syllabusHtml/2026/1110/1110_215126-02_ja_JP.html"
"2255","後期","後期","水1","215126-03","AIプログラミング演習","加藤 央昌","https://cssy.aasa.ac.jp/syllabusHtml/2026/1110/1110_215126-03_ja_JP.html"
"2256","後期","後期","水2","215126-04","AIプログラミング演習","佐藤 朝美","https://cssy.aasa.ac.jp/syllabusHtml/2026/1110/1110_215126-04_ja_JP.html"
"2257","前期","前期","他","215127-01","サウンドデータ制作演習","大久保 雅基","https://cssy.aasa.ac.jp/syllabusHtml/2026/1110/1110_215127-01_ja_JP.html"
"2258","後期","後期","他","215127-02","サウンドデータ制作演習","大久保 雅基","https://cssy.aasa.ac.jp/syllabusHtml/2026/1110/1110_215127-02_ja_JP.html"
"2259","前期","前期","木4","215200-01","デザインと芸術の研究史","鈴木 清重","https://cssy.aasa.ac.jp/syllabusHtml/2026/1110/1110_215200-01_ja_JP.html"
"2260","前期","前期","火4","215201-01","心理統計学","鈴木 清重","https://cssy.aasa.ac.jp/syllabusHtml/2026/1110/1110_215201-01_ja_JP.html"
"2261","後期","後期","水3","215201-02","心理統計学","森川 華帆","https://cssy.aasa.ac.jp/syllabusHtml/2026/1110/1110_215201-02_ja_JP.html"
"2262","後期","後期","水4","215201-03","心理統計学","森川 華帆","https://cssy.aasa.ac.jp/syllabusHtml/2026/1110/1110_215201-03_ja_JP.html"
"2263","前期","前期","水1","215202-01","IoT・ロボティクス","浦尾 彰","https://cssy.aasa.ac.jp/syllabusHtml/2026/1110/1110_215202-01_ja_JP.html"
"2264","後期","後期","水3","215203-01","ユニバーサルデザイン","森 博子","https://cssy.aasa.ac.jp/syllabusHtml/2026/1110/1110_215203-01_ja_JP.html"
"2265","前期","前期","木5","215204-01","VR制作演習","國分 三輝","https://cssy.aasa.ac.jp/syllabusHtml/2026/1110/1110_215204-01_ja_JP.html"
"2266","後期","後期","木2","215204-02","VR制作演習","國分 三輝","https://cssy.aasa.ac.jp/syllabusHtml/2026/1110/1110_215204-02_ja_JP.html"
"2267","前期","前期","水3","215205-01","Webデザイン・プログラミング演習","佐藤 朝美","https://cssy.aasa.ac.jp/syllabusHtml/2026/1110/1110_215205-01_ja_JP.html"
"2268","前期","前期","金2","215205-02","Webデザイン・プログラミング演習","佐藤 朝美","https://cssy.aasa.ac.jp/syllabusHtml/2026/1110/1110_215205-02_ja_JP.html"
"2269","後期","後期","木1","215205-03","Webデザイン・プログラミング演習","大嶽 麻里子","https://cssy.aasa.ac.jp/syllabusHtml/2026/1110/1110_215205-03_ja_JP.html"
"2270","前期","前期","月2","215206-01","測定法演習","鈴木 清重","https://cssy.aasa.ac.jp/syllabusHtml/2026/1110/1110_215206-01_ja_JP.html"
"2271","後期","後期","月2","215206-02","測定法演習","森川 華帆","https://cssy.aasa.ac.jp/syllabusHtml/2026/1110/1110_215206-02_ja_JP.html"
"2272","前期","前期","金3","215207-01","ユーザ評価演習","鈴木 清重","https://cssy.aasa.ac.jp/syllabusHtml/2026/1110/1110_215207-01_ja_JP.html"
"2273","前期","前期","金4","215207-02","ユーザ評価演習","鈴木 清重","https://cssy.aasa.ac.jp/syllabusHtml/2026/1110/1110_215207-02_ja_JP.html"
"2274","後期","後期","水1","215207-03","ユーザ評価演習","國分 三輝","https://cssy.aasa.ac.jp/syllabusHtml/2026/1110/1110_215207-03_ja_JP.html"
"2275","前期","前期","月1","215208-01","データ解析演習","森 博子","https://cssy.aasa.ac.jp/syllabusHtml/2026/1110/1110_215208-01_ja_JP.html"
"2276","後期","後期","月1","215208-02","データ解析演習","森 博子","https://cssy.aasa.ac.jp/syllabusHtml/2026/1110/1110_215208-02_ja_JP.html"
"2277","前期","前期","木2","215210-01","メタデータ","池田 光雪","https://cssy.aasa.ac.jp/syllabusHtml/2026/1110/1110_215210-01_ja_JP.html"
"2278","前期","前期","木2","215211-01","感性情報システム論","三和 義秀","https://cssy.aasa.ac.jp/syllabusHtml/2026/1110/1110_215211-01_ja_JP.html"
"2279","後期","後期","月3","215211-02","感性情報システム論","三和 義秀","https://cssy.aasa.ac.jp/syllabusHtml/2026/1110/1110_215211-02_ja_JP.html"
"2280","後期","後期","火3","215212-01","子どもとAI","佐藤 朝美","https://cssy.aasa.ac.jp/syllabusHtml/2026/1110/1110_215212-01_ja_JP.html"
"2281","前期","前期","火2","215213-01","映像コンテンツ制作演習","鈴木 清重","https://cssy.aasa.ac.jp/syllabusHtml/2026/1110/1110_215213-01_ja_JP.html"
"2282","前期","前期","金2","215213-02","映像コンテンツ制作演習","鈴木 清重","https://cssy.aasa.ac.jp/syllabusHtml/2026/1110/1110_215213-02_ja_JP.html"
"2283","後期","後期","金2","215213-03","映像コンテンツ制作演習","土屋 花琳","https://cssy.aasa.ac.jp/syllabusHtml/2026/1110/1110_215213-03_ja_JP.html"
"2284","後期","後期","金3","215213-04","映像コンテンツ制作演習","土屋 花琳","https://cssy.aasa.ac.jp/syllabusHtml/2026/1110/1110_215213-04_ja_JP.html"
"2285","前期","前期","月2","215214-01","センサー工学演習","森 博子","https://cssy.aasa.ac.jp/syllabusHtml/2026/1110/1110_215214-01_ja_JP.html"
"2286","後期","後期","月2","215214-02","センサー工学演習","森 博子","https://cssy.aasa.ac.jp/syllabusHtml/2026/1110/1110_215214-02_ja_JP.html"
"2287","後期","後期","月3","215215-02","感性プロトタイピング演習","高原 美和","https://cssy.aasa.ac.jp/syllabusHtml/2026/1110/1110_215215-02_ja_JP.html"
"2288","後期","後期","月4","215215-03","感性プロトタイピング演習","森川 華帆","https://cssy.aasa.ac.jp/syllabusHtml/2026/1110/1110_215215-03_ja_JP.html"
"2289","後期","後期","水2","215215-04","感性プロトタイピング演習","高原 美和","https://cssy.aasa.ac.jp/syllabusHtml/2026/1110/1110_215215-04_ja_JP.html"
"2290","前期","前期","金1","215216-01","IoT・インタラクティブアート制作演習","國分 三輝","https://cssy.aasa.ac.jp/syllabusHtml/2026/1110/1110_215216-01_ja_JP.html"
"2291","前期","前期","木2","215217-01","画像処理","加藤 央昌","https://cssy.aasa.ac.jp/syllabusHtml/2026/1110/1110_215217-01_ja_JP.html"
"2292","後期","後期","金4","215218-01","自然言語処理","早瀬 光浩","https://cssy.aasa.ac.jp/syllabusHtml/2026/1110/1110_215218-01_ja_JP.html"
"2293","前期","前期","水1","215219-01","AIシステム開発演習1","加藤 央昌","https://cssy.aasa.ac.jp/syllabusHtml/2026/1110/1110_215219-01_ja_JP.html"
"2294","後期","後期","水3","215219-02","AIシステム開発演習1","加藤 央昌","https://cssy.aasa.ac.jp/syllabusHtml/2026/1110/1110_215219-02_ja_JP.html"
"2295","前期","前期","火3","215220-01","AIシステム開発演習2","佐藤 朝美","https://cssy.aasa.ac.jp/syllabusHtml/2026/1110/1110_215220-01_ja_JP.html"
"2296","後期","後期","金2","215220-02","AIシステム開発演習2","佐藤 朝美","https://cssy.aasa.ac.jp/syllabusHtml/2026/1110/1110_215220-02_ja_JP.html"
"2297","後期","後期","他","215221-01","ビジネスとAI","外部講師(NDSソリューション)","https://cssy.aasa.ac.jp/syllabusHtml/2026/1110/1110_215221-01_ja_JP.html"
"2298","後期","後期","木2","215222-01","学習とAI","浦尾 彰","https://cssy.aasa.ac.jp/syllabusHtml/2026/1110/1110_215222-01_ja_JP.html"
"2299","前期","前期","火3","215300-01","実験設計演習","牧 勝弘","https://cssy.aasa.ac.jp/syllabusHtml/2026/1110/1110_215300-01_ja_JP.html"
"2300","前期","前期","金1","215300-02","実験設計演習","佐藤 涼矢","https://cssy.aasa.ac.jp/syllabusHtml/2026/1110/1110_215300-02_ja_JP.html"
"2301","前期","前期","金3","215300-03","実験設計演習","佐藤 好幸","https://cssy.aasa.ac.jp/syllabusHtml/2026/1110/1110_215300-03_ja_JP.html"
"2302","前期","前期","月4","215301-01","DSプログラミング演習Ⅰ","岸田 拓也","https://cssy.aasa.ac.jp/syllabusHtml/2026/1110/1110_215301-01_ja_JP.html"
"2303","前期","前期","月5","215301-02","DSプログラミング演習Ⅰ","内田 美紀子","https://cssy.aasa.ac.jp/syllabusHtml/2026/1110/1110_215301-02_ja_JP.html"
"2304","前期","前期","木2","215301-03","DSプログラミング演習Ⅰ","佐藤 涼矢","https://cssy.aasa.ac.jp/syllabusHtml/2026/1110/1110_215301-03_ja_JP.html"
"2305","前期","前期","金4","215301-04","DSプログラミング演習Ⅰ","佐藤 好幸","https://cssy.aasa.ac.jp/syllabusHtml/2026/1110/1110_215301-04_ja_JP.html"
"2306","後期","後期","木1","215301-05","DSプログラミング演習Ⅰ","瀬谷 安弘","https://cssy.aasa.ac.jp/syllabusHtml/2026/1110/1110_215301-05_ja_JP.html"
"2307","後期","後期","木2","215301-06","DSプログラミング演習Ⅰ","佐藤 涼矢","https://cssy.aasa.ac.jp/syllabusHtml/2026/1110/1110_215301-06_ja_JP.html"
"2308","後期","後期","月2","215302-01","DSプログラミング演習Ⅱ","岸田 拓也","https://cssy.aasa.ac.jp/syllabusHtml/2026/1110/1110_215302-01_ja_JP.html"
"2309","後期","後期","水3","215302-02","DSプログラミング演習Ⅱ","佐藤 好幸","https://cssy.aasa.ac.jp/syllabusHtml/2026/1110/1110_215302-02_ja_JP.html"
"2310","後期","後期","金1","215302-03","DSプログラミング演習Ⅱ","内田 美紀子","https://cssy.aasa.ac.jp/syllabusHtml/2026/1110/1110_215302-03_ja_JP.html"
"2311","後期","後期","金1","215302-04","DSプログラミング演習Ⅱ","佐藤 涼矢","https://cssy.aasa.ac.jp/syllabusHtml/2026/1110/1110_215302-04_ja_JP.html"
"2312","後期","後期","水4","215303-01","認知科学","小山 貴士","https://cssy.aasa.ac.jp/syllabusHtml/2026/1110/1110_215303-01_ja_JP.html"
"2313","後期","後期","金1","215304-01","生理・運動計測演習","瀬谷 安弘","https://cssy.aasa.ac.jp/syllabusHtml/2026/1110/1110_215304-01_ja_JP.html"
"2314","後期","後期","金2","215304-02","生理・運動計測演習","岸田 拓也","https://cssy.aasa.ac.jp/syllabusHtml/2026/1110/1110_215304-02_ja_JP.html"
"2315","後期","後期","金3","215304-03","生理・運動計測演習","佐藤 涼矢","https://cssy.aasa.ac.jp/syllabusHtml/2026/1110/1110_215304-03_ja_JP.html"
"2316","前期","前期","月4","215306-01","データ分析演習Ⅰ","明石 法子","https://cssy.aasa.ac.jp/syllabusHtml/2026/1110/1110_215306-01_ja_JP.html"
"2317","後期","後期","火1","215306-02","データ分析演習Ⅰ","小山 貴士","https://cssy.aasa.ac.jp/syllabusHtml/2026/1110/1110_215306-02_ja_JP.html"
"2318","後期","後期","火2","215306-03","データ分析演習Ⅰ","小山 貴士","https://cssy.aasa.ac.jp/syllabusHtml/2026/1110/1110_215306-03_ja_JP.html"
"2319","後期","後期","火4","215306-04","データ分析演習Ⅰ","小山 貴士","https://cssy.aasa.ac.jp/syllabusHtml/2026/1110/1110_215306-04_ja_JP.html"
"2320","後期","後期","木1","215306-05","データ分析演習Ⅰ","板垣 寧々","https://cssy.aasa.ac.jp/syllabusHtml/2026/1110/1110_215306-05_ja_JP.html"
"2321","前期","前期","月1","215307-01","データ分析演習Ⅱ","佐藤 涼矢","https://cssy.aasa.ac.jp/syllabusHtml/2026/1110/1110_215307-01_ja_JP.html"
"2322","前期","前期","火2","215307-02","データ分析演習Ⅱ","小山 貴士","https://cssy.aasa.ac.jp/syllabusHtml/2026/1110/1110_215307-02_ja_JP.html"
"2323","前期","前期","水2","215307-03","データ分析演習Ⅱ","板垣 寧々","https://cssy.aasa.ac.jp/syllabusHtml/2026/1110/1110_215307-03_ja_JP.html"
"2324","後期","後期","水3","215307-04","データ分析演習Ⅱ","明石 法子","https://cssy.aasa.ac.jp/syllabusHtml/2026/1110/1110_215307-04_ja_JP.html"
"2325","後期","後期","月4","215308-01","データ分析演習Ⅲ","板垣 寧々","https://cssy.aasa.ac.jp/syllabusHtml/2026/1110/1110_215308-01_ja_JP.html"
"2326","後期","後期","水2","215308-02","データ分析演習Ⅲ","天野 成昭","https://cssy.aasa.ac.jp/syllabusHtml/2026/1110/1110_215308-02_ja_JP.html"
"2327","後期","後期","水4","215308-03","データ分析演習Ⅲ","明石 法子","https://cssy.aasa.ac.jp/syllabusHtml/2026/1110/1110_215308-03_ja_JP.html"
"2328","後期","後期","金4","215308-04","データ分析演習Ⅲ","佐藤 涼矢","https://cssy.aasa.ac.jp/syllabusHtml/2026/1110/1110_215308-04_ja_JP.html"
"2329","前期","前期","木3,4","215309-01","データサイエンス演習Ⅰ","天野 成昭 行松 慎二 岸田 拓也 小山 貴士 板垣 寧々","https://cssy.aasa.ac.jp/syllabusHtml/2026/1110/1110_215309-01_ja_JP.html"
"2330","後期","後期","木3,4","215310-01","データサイエンス演習Ⅱ","天野 成昭 行松 慎二 瀬谷 安弘 小山 貴士 板垣 寧々","https://cssy.aasa.ac.jp/syllabusHtml/2026/1110/1110_215310-01_ja_JP.html"
"2331","前期","前期","月3","215311-01","データ活用演習Ⅰ","岸田 拓也","https://cssy.aasa.ac.jp/syllabusHtml/2026/1110/1110_215311-01_ja_JP.html"
"2332","前期","前期","火4","215311-02","データ活用演習Ⅰ","牧 勝弘","https://cssy.aasa.ac.jp/syllabusHtml/2026/1110/1110_215311-02_ja_JP.html"
"2333","前期","前期","水3","215311-03","データ活用演習Ⅰ","佐藤 好幸","https://cssy.aasa.ac.jp/syllabusHtml/2026/1110/1110_215311-03_ja_JP.html"
"2334","後期","後期","月3","215312-01","データ活用演習Ⅱ","岸田 拓也","https://cssy.aasa.ac.jp/syllabusHtml/2026/1110/1110_215312-01_ja_JP.html"
"2335","後期","後期","火3","215312-02","データ活用演習Ⅱ","牧 勝弘","https://cssy.aasa.ac.jp/syllabusHtml/2026/1110/1110_215312-02_ja_JP.html"
"2336","後期","後期","金2","215312-03","データ活用演習Ⅱ","佐藤 好幸","https://cssy.aasa.ac.jp/syllabusHtml/2026/1110/1110_215312-03_ja_JP.html"
"2337","前期","前期","木1","215313-01","生理・比較心理学","小山 貴士","https://cssy.aasa.ac.jp/syllabusHtml/2026/1110/1110_215313-01_ja_JP.html"
"2338","前期","前期","月2","215314-01","発達心理学","明石 法子","https://cssy.aasa.ac.jp/syllabusHtml/2026/1110/1110_215314-01_ja_JP.html"
"2339","前期","前期","木5","215315-01","マーケティング論","新井 亨","https://cssy.aasa.ac.jp/syllabusHtml/2026/1110/1110_215315-01_ja_JP.html"
"2340","前期","前期","金3","215316-01","視覚情報処理","瀬谷 安弘","https://cssy.aasa.ac.jp/syllabusHtml/2026/1110/1110_215316-01_ja_JP.html"
"2341","後期","後期","水3","215317-01","脳・生体情報処理","小山 貴士","https://cssy.aasa.ac.jp/syllabusHtml/2026/1110/1110_215317-01_ja_JP.html"
"2342","後期","後期","木2","215318-01","スポーツ認知行動学","瀬谷 安弘","https://cssy.aasa.ac.jp/syllabusHtml/2026/1110/1110_215318-01_ja_JP.html"
"2343","後期","後期","木4","215320-01","ビジネスサイエンス","田辺 則人","https://cssy.aasa.ac.jp/syllabusHtml/2026/1110/1110_215320-01_ja_JP.html"
"2344","後期","後期","木5","215321-01","マーケティングデータ分析演習","新井 亨","https://cssy.aasa.ac.jp/syllabusHtml/2026/1110/1110_215321-01_ja_JP.html"
"2345","前期","前期","水1","215322-01","音響データ分析演習","牧 勝弘","https://cssy.aasa.ac.jp/syllabusHtml/2026/1110/1110_215322-01_ja_JP.html"
"2346","前期","前期","金2","215323-01","生体データ処理演習","瀬谷 安弘","https://cssy.aasa.ac.jp/syllabusHtml/2026/1110/1110_215323-01_ja_JP.html"
"2347","前期","前期","木1,2","221001-01","心理学概論Ⅰ","吉崎 一人 松尾 貴司 丹藤 克也 成澤 元","https://cssy.aasa.ac.jp/syllabusHtml/2026/1210/1210_221001-01_ja_JP.html"
"2348","前期","前期","木1,2","221002-01","心理学概論Ⅱ","髙野 恵代 西出 隆紀 久保 南海子 清瀧 裕子 大崎 園生 斎藤 和志","https://cssy.aasa.ac.jp/syllabusHtml/2026/1210/1210_221002-01_ja_JP.html"
"2349","後期","後期","木3","221008-01","心理学研究法概論","蒲谷 槙介 加藤 公子 平島 太郎","https://cssy.aasa.ac.jp/syllabusHtml/2026/1210/1210_221008-01_ja_JP.html"
"2350","後期","後期","火3,4","221012-01","心理学研究法調査演習","平島 太郎 中島 奈保子 浦邉 綾子 松本 明日香","https://cssy.aasa.ac.jp/syllabusHtml/2026/1210/1210_221012-01_ja_JP.html"
"2351","前期","前期","火3,4","221013-01","心理学研究法観察演習","久保 南海子 中藤 淳 蒲谷 槙介 小川 翔大","https://cssy.aasa.ac.jp/syllabusHtml/2026/1210/1210_221013-01_ja_JP.html"
"2352","前期","前期","火3,4","221014-01","心理学研究法実験演習(生理)","成澤 元 加藤 公子 太田 直斗 齋藤 菜月","https://cssy.aasa.ac.jp/syllabusHtml/2026/1210/1210_221014-01_ja_JP.html"
"2353","後期","後期","木1,2","221015-01","心理学研究法実験演習(認知)","吉崎 一人 北神 慎司 蔵冨 恵 太田 直斗","https://cssy.aasa.ac.jp/syllabusHtml/2026/1210/1210_221015-01_ja_JP.html"
"2354","後期","後期","火3,4","221016-01","心理学研究法実験演習(社会)","小川 一美 松尾 貴司 多川 則子 斎藤 和志","https://cssy.aasa.ac.jp/syllabusHtml/2026/1210/1210_221016-01_ja_JP.html"
"2355","前期","前期","木1","221018-01","データ解析Ⅰ","太田 直斗","https://cssy.aasa.ac.jp/syllabusHtml/2026/1210/1210_221018-01_ja_JP.html"
"2356","前期","前期","木2","221018-02","データ解析Ⅰ","浦邉 綾子","https://cssy.aasa.ac.jp/syllabusHtml/2026/1210/1210_221018-02_ja_JP.html"
"2357","前期","前期","木3","221018-03","データ解析Ⅰ","丹藤 克也","https://cssy.aasa.ac.jp/syllabusHtml/2026/1210/1210_221018-03_ja_JP.html"
"2358","前期","前期","木4","221018-04","データ解析Ⅰ","浦邉 綾子","https://cssy.aasa.ac.jp/syllabusHtml/2026/1210/1210_221018-04_ja_JP.html"
"2359","前期","前期","月1","221019-01","データ解析Ⅱ","平島 太郎","https://cssy.aasa.ac.jp/syllabusHtml/2026/1210/1210_221019-01_ja_JP.html"
"2360","前期","前期","月2","221019-02","データ解析Ⅱ","太田 直斗","https://cssy.aasa.ac.jp/syllabusHtml/2026/1210/1210_221019-02_ja_JP.html"
"2361","前期","前期","火2","221019-03","データ解析Ⅱ","太田 直斗","https://cssy.aasa.ac.jp/syllabusHtml/2026/1210/1210_221019-03_ja_JP.html"
"2362","後期","後期","水4","221020-01","データ解析Ⅲ","久保 南海子","https://cssy.aasa.ac.jp/syllabusHtml/2026/1210/1210_221020-01_ja_JP.html"
"2363","後期","後期","木3","221020-02","データ解析Ⅲ","久保 南海子","https://cssy.aasa.ac.jp/syllabusHtml/2026/1210/1210_221020-02_ja_JP.html"
"2364","前期","前期","他","221027-01","心理学とキャリア","髙野 恵代 平島 太郎 吉崎 一人","https://cssy.aasa.ac.jp/syllabusHtml/2026/1210/1210_221027-01_ja_JP.html"
"2365","後期","後期","水1","221030-01","生理心理学概論","成澤 元","https://cssy.aasa.ac.jp/syllabusHtml/2026/1210/1210_221030-01_ja_JP.html"
"2366","後期","後期","木2","221031-01","認知心理学概論","丹藤 克也","https://cssy.aasa.ac.jp/syllabusHtml/2026/1210/1210_221031-01_ja_JP.html"
"2367","後期","後期","木1","221032-01","社会心理学概論","小川 一美","https://cssy.aasa.ac.jp/syllabusHtml/2026/1210/1210_221032-01_ja_JP.html"
"2368","後期","後期","月1","221033-01","発達心理学概論","蒲谷 槙介","https://cssy.aasa.ac.jp/syllabusHtml/2026/1210/1210_221033-01_ja_JP.html"
"2369","後期","後期","金2","221034-01","臨床心理学概論","石川 佳奈","https://cssy.aasa.ac.jp/syllabusHtml/2026/1210/1210_221034-01_ja_JP.html"
"2370","前期","前期","月3","221035-01","心理学実験Ⅰa","蒲谷 槙介","https://cssy.aasa.ac.jp/syllabusHtml/2026/1210/1210_221035-01_ja_JP.html"
"2371","前期","前期","月3","221035-02","心理学実験Ⅰa","浦邉 綾子","https://cssy.aasa.ac.jp/syllabusHtml/2026/1210/1210_221035-02_ja_JP.html"
"2372","前期","前期","月4","221035-03","心理学実験Ⅰa","太田 直斗","https://cssy.aasa.ac.jp/syllabusHtml/2026/1210/1210_221035-03_ja_JP.html"
"2373","前期","前期","月4","221035-04","心理学実験Ⅰa","石川 佳奈","https://cssy.aasa.ac.jp/syllabusHtml/2026/1210/1210_221035-04_ja_JP.html"
"2374","前期","前期","水2","221035-05","心理学実験Ⅰa","加藤 公子","https://cssy.aasa.ac.jp/syllabusHtml/2026/1210/1210_221035-05_ja_JP.html"
"2375","前期","前期","水2","221035-06","心理学実験Ⅰa","郷 実保子","https://cssy.aasa.ac.jp/syllabusHtml/2026/1210/1210_221035-06_ja_JP.html"
"2376","前期","前期","水3","221035-07","心理学実験Ⅰa","成澤 元","https://cssy.aasa.ac.jp/syllabusHtml/2026/1210/1210_221035-07_ja_JP.html"
"2377","前期","前期","水3","221035-08","心理学実験Ⅰa","吉崎 一人","https://cssy.aasa.ac.jp/syllabusHtml/2026/1210/1210_221035-08_ja_JP.html"
"2378","後期","後期","月2","221036-01","心理学実験Ⅰb","蒲谷 槙介","https://cssy.aasa.ac.jp/syllabusHtml/2026/1210/1210_221036-01_ja_JP.html"
"2379","後期","後期","月2","221036-02","心理学実験Ⅰb","浦邉 綾子","https://cssy.aasa.ac.jp/syllabusHtml/2026/1210/1210_221036-02_ja_JP.html"
"2380","後期","後期","月4","221036-03","心理学実験Ⅰb","平島 太郎","https://cssy.aasa.ac.jp/syllabusHtml/2026/1210/1210_221036-03_ja_JP.html"
"2381","後期","後期","月4","221036-04","心理学実験Ⅰb","石川 佳奈","https://cssy.aasa.ac.jp/syllabusHtml/2026/1210/1210_221036-04_ja_JP.html"
"2382","後期","後期","水2","221036-05","心理学実験Ⅰb","久保 南海子","https://cssy.aasa.ac.jp/syllabusHtml/2026/1210/1210_221036-05_ja_JP.html"
"2383","後期","後期","水2","221036-06","心理学実験Ⅰb","太田 直斗","https://cssy.aasa.ac.jp/syllabusHtml/2026/1210/1210_221036-06_ja_JP.html"
"2384","後期","後期","水4","221036-07","心理学実験Ⅰb","加藤 公子","https://cssy.aasa.ac.jp/syllabusHtml/2026/1210/1210_221036-07_ja_JP.html"
"2385","後期","後期","水4","221036-08","心理学実験Ⅰb","吉崎 一人","https://cssy.aasa.ac.jp/syllabusHtml/2026/1210/1210_221036-08_ja_JP.html"
"2386","後期","後期","月3","221037-01","心理学実験Ⅱ","松尾 貴司","https://cssy.aasa.ac.jp/syllabusHtml/2026/1210/1210_221037-01_ja_JP.html"
"2387","後期","後期","火2","221037-02","心理学実験Ⅱ","太田 直斗","https://cssy.aasa.ac.jp/syllabusHtml/2026/1210/1210_221037-02_ja_JP.html"
"2388","後期","後期","水3","221037-03","心理学実験Ⅱ","太田 直斗","https://cssy.aasa.ac.jp/syllabusHtml/2026/1210/1210_221037-03_ja_JP.html"
"2389","後期","後期","金3","221037-04","心理学実験Ⅱ","浦邉 綾子","https://cssy.aasa.ac.jp/syllabusHtml/2026/1210/1210_221037-04_ja_JP.html"
"2390","前期","前期","火3","221039-01","心理学統計法","丹藤 克也","https://cssy.aasa.ac.jp/syllabusHtml/2026/1210/1210_221039-01_ja_JP.html"
"2391","後期","後期","木4","221040-01","心理的アセスメントⅠ","浦邉 綾子","https://cssy.aasa.ac.jp/syllabusHtml/2026/1210/1210_221040-01_ja_JP.html"
"2392","前期","前期","金1,2","221041-01","心理的アセスメントⅡ","浦邉 綾子 石原 真里奈 矢澤 沙緒里","https://cssy.aasa.ac.jp/syllabusHtml/2026/1210/1210_221041-01_ja_JP.html"
"2393","前期","前期","金1,2","221041-02","心理的アセスメントⅡ","浦邉 綾子 石原 真里奈 矢澤 沙緒里","https://cssy.aasa.ac.jp/syllabusHtml/2026/1210/1210_221041-02_ja_JP.html"
"2394","後期","後期","他","221042-01","心理演習","石川 佳奈 郷 実保子","https://cssy.aasa.ac.jp/syllabusHtml/2026/1210/1210_221042-01_ja_JP.html"
"2395","後期","後期","他","221042-02","心理演習","石川 佳奈 郷 実保子","https://cssy.aasa.ac.jp/syllabusHtml/2026/1210/1210_221042-02_ja_JP.html"
"2396","後期","後期","他","221042-03","心理演習","石川 佳奈 郷 実保子","https://cssy.aasa.ac.jp/syllabusHtml/2026/1210/1210_221042-03_ja_JP.html"
"2397","前期","前期","他","221043-01","心理実習Ⅰ","大崎 園生 西出 隆紀 清瀧 裕子 髙野 恵代 浜本 真規子 石川 佳奈 郷 実保子","https://cssy.aasa.ac.jp/syllabusHtml/2026/1210/1210_221043-01_ja_JP.html"
"2398","後期","後期","他","221044-01","心理実習Ⅱ","髙野 恵代 西出 隆紀 清瀧 裕子 大崎 園生 浜本 真規子 石川 佳奈 郷 実保子","https://cssy.aasa.ac.jp/syllabusHtml/2026/1210/1210_221044-01_ja_JP.html"
"2399","前期","前期","月3","221045-01","心理学論文講読","石川 佳奈","https://cssy.aasa.ac.jp/syllabusHtml/2026/1210/1210_221045-01_ja_JP.html"
"2400","前期","前期","月3","221045-02","心理学論文講読","太田 直斗","https://cssy.aasa.ac.jp/syllabusHtml/2026/1210/1210_221045-02_ja_JP.html"
"2401","前期","前期","月4","221045-03","心理学論文講読","浦邉 綾子","https://cssy.aasa.ac.jp/syllabusHtml/2026/1210/1210_221045-03_ja_JP.html"
"2402","前期","前期","木3","221045-04","心理学論文講読","浦邉 綾子","https://cssy.aasa.ac.jp/syllabusHtml/2026/1210/1210_221045-04_ja_JP.html"
"2403","前期","前期","火3","221045-05","心理学論文講読","浜本 真規子","https://cssy.aasa.ac.jp/syllabusHtml/2026/1210/1210_221045-05_ja_JP.html"
"2404","後期","後期","火3","221045-06","心理学論文講読","太田 直斗","https://cssy.aasa.ac.jp/syllabusHtml/2026/1210/1210_221045-06_ja_JP.html"
"2405","後期","後期","木2","221045-07","心理学論文講読","浜本 真規子","https://cssy.aasa.ac.jp/syllabusHtml/2026/1210/1210_221045-07_ja_JP.html"
"2406","後期","後期","木2","221045-08","心理学論文講読","浦邉 綾子","https://cssy.aasa.ac.jp/syllabusHtml/2026/1210/1210_221045-08_ja_JP.html"
"2407","前期","前期","木2","221046-01","心理学研究法総合演習Ⅰ","平島 太郎 小川 一美 蔵冨 恵 太田 直斗","https://cssy.aasa.ac.jp/syllabusHtml/2026/1210/1210_221046-01_ja_JP.html"
"2408","前期","前期","他","221047-01","心理学研究法総合演習Ⅱ","平島 太郎 成澤 元 蔵冨 恵 太田 直斗","https://cssy.aasa.ac.jp/syllabusHtml/2026/1210/1210_221047-01_ja_JP.html"
"2409","前期","前期","木3","221048-01","クリティカルシンキング","小川 一美","https://cssy.aasa.ac.jp/syllabusHtml/2026/1210/1210_221048-01_ja_JP.html"
"2410","前期","前期","木3","221048-02","クリティカルシンキング","小川 一美","https://cssy.aasa.ac.jp/syllabusHtml/2026/1210/1210_221048-02_ja_JP.html"
"2411","前期","前期","金2","221049-01","外国語文献講読A","浜本 真規子","https://cssy.aasa.ac.jp/syllabusHtml/2026/1210/1210_221049-01_ja_JP.html"
"2412","後期","後期","金2","221050-01","外国語文献講読B","浜本 真規子","https://cssy.aasa.ac.jp/syllabusHtml/2026/1210/1210_221050-01_ja_JP.html"
"2413","前期","前期","水4","222001-01","精神生理学","成澤 元","https://cssy.aasa.ac.jp/syllabusHtml/2026/1210/1210_222001-01_ja_JP.html"
"2414","後期","後期","水3","222002-01","脳と認知","加藤 公子","https://cssy.aasa.ac.jp/syllabusHtml/2026/1210/1210_222002-01_ja_JP.html"
"2415","後期","後期","水2","222003-01","意識と認知","吉崎 一人","https://cssy.aasa.ac.jp/syllabusHtml/2026/1210/1210_222003-01_ja_JP.html"
"2416","後期","後期","月2","222004-01","ノンバーバル行動","松尾 貴司","https://cssy.aasa.ac.jp/syllabusHtml/2026/1210/1210_222004-01_ja_JP.html"
"2417","前期","前期","水2","222005-01","日常行動の認知心理学","丹藤 克也","https://cssy.aasa.ac.jp/syllabusHtml/2026/1210/1210_222005-01_ja_JP.html"
"2418","前期","前期","金3","222101-01","対人コミュニケーションの社会心理学","小川 一美","https://cssy.aasa.ac.jp/syllabusHtml/2026/1210/1210_222101-01_ja_JP.html"
"2419","後期","後期","水1","222102-01","社会的行動の心理学","斎藤 和志","https://cssy.aasa.ac.jp/syllabusHtml/2026/1210/1210_222102-01_ja_JP.html"
"2420","前期","前期","月2","222105-01","ネットワークの社会心理学","平島 太郎","https://cssy.aasa.ac.jp/syllabusHtml/2026/1210/1210_222105-01_ja_JP.html"
"2421","前期","前期","火2","222202-01","老年心理学","久保 南海子","https://cssy.aasa.ac.jp/syllabusHtml/2026/1210/1210_222202-01_ja_JP.html"
"2422","前期","前期","月1","222203-01","社会性の発達","蒲谷 槙介","https://cssy.aasa.ac.jp/syllabusHtml/2026/1210/1210_222203-01_ja_JP.html"
"2423","後期","後期","金2","222205-01","青年期の発達と心理","髙野 恵代","https://cssy.aasa.ac.jp/syllabusHtml/2026/1210/1210_222205-01_ja_JP.html"
"2424","前期","前期","金1","222302-01","心理療法","西出 隆紀","https://cssy.aasa.ac.jp/syllabusHtml/2026/1210/1210_222302-01_ja_JP.html"
"2425","後期","後期","金3","222305-01","子どもの心理臨床","清瀧 裕子","https://cssy.aasa.ac.jp/syllabusHtml/2026/1210/1210_222305-01_ja_JP.html"
"2426","前期","前期","水3","222306-01","地域支援と臨床心理学","大崎 園生","https://cssy.aasa.ac.jp/syllabusHtml/2026/1210/1210_222306-01_ja_JP.html"
"2427","後期","後期","火1","222307-01","発達障がいの心理臨床","浜本 真規子","https://cssy.aasa.ac.jp/syllabusHtml/2026/1210/1210_222307-01_ja_JP.html"
"2428","後期","後期","水4","222308-01","医療の心理臨床","郷 実保子","https://cssy.aasa.ac.jp/syllabusHtml/2026/1210/1210_222308-01_ja_JP.html"
"2429","前期","前期","月2","222404-01","比較心理学","松尾 貴司","https://cssy.aasa.ac.jp/syllabusHtml/2026/1210/1210_222404-01_ja_JP.html"
"2430","前期","前期","金4","222410-01","産業・組織心理学","石川 佳奈","https://cssy.aasa.ac.jp/syllabusHtml/2026/1210/1210_222410-01_ja_JP.html"
"2431","後期","後期","金4","222414-01","環境の社会心理学","坂本 剛","https://cssy.aasa.ac.jp/syllabusHtml/2026/1210/1210_222414-01_ja_JP.html"
"2432","後期","後期","金4","222415-01","公認心理師の職責","浜本 真規子","https://cssy.aasa.ac.jp/syllabusHtml/2026/1210/1210_222415-01_ja_JP.html"
"2433","後期","後期","水1","222416-01","精神疾患とその治療","伊藤 真理","https://cssy.aasa.ac.jp/syllabusHtml/2026/1210/1210_222416-01_ja_JP.html"
"2434","前期","前期","水1","222417-01","人体の構造と機能及び疾病","高橋 昌久","https://cssy.aasa.ac.jp/syllabusHtml/2026/1210/1210_222417-01_ja_JP.html"
"2435","前期","前期","木5","222418-01","関係行政論","小林 智","https://cssy.aasa.ac.jp/syllabusHtml/2026/1210/1210_222418-01_ja_JP.html"
"2436","前期","前期","火5","222419-01","心理学的支援法","郷 実保子","https://cssy.aasa.ac.jp/syllabusHtml/2026/1210/1210_222419-01_ja_JP.html"
"2437","後期","後期","木2","222420-01","障害者・障害児心理学","田倉 さやか","https://cssy.aasa.ac.jp/syllabusHtml/2026/1210/1210_222420-01_ja_JP.html"
"2438","前期","前期","水4","222421-01","知覚・認知心理学","吉崎 一人","https://cssy.aasa.ac.jp/syllabusHtml/2026/1210/1210_222421-01_ja_JP.html"
"2439","前期","前期","火5","222422-01","学習・言語心理学","藤田 知加子","https://cssy.aasa.ac.jp/syllabusHtml/2026/1210/1210_222422-01_ja_JP.html"
"2440","前期","前期","木1","222423-01","神経・生理心理学","加藤 公子","https://cssy.aasa.ac.jp/syllabusHtml/2026/1210/1210_222423-01_ja_JP.html"
"2441","後期","後期","火4","222424-01","感情・人格心理学","成澤 元","https://cssy.aasa.ac.jp/syllabusHtml/2026/1210/1210_222424-01_ja_JP.html"
"2442","後期","後期","水2","222425-01","健康・医療心理学","伊藤 真理","https://cssy.aasa.ac.jp/syllabusHtml/2026/1210/1210_222425-01_ja_JP.html"
"2443","後期","後期","金1","222426-01","社会・集団・家族心理学","坂本 剛","https://cssy.aasa.ac.jp/syllabusHtml/2026/1210/1210_222426-01_ja_JP.html"
"2444","後期","後期","月4","222427-01","教育・学校心理学","浦邉 綾子","https://cssy.aasa.ac.jp/syllabusHtml/2026/1210/1210_222427-01_ja_JP.html"
"2445","後期","後期","火3","222428-01","司法・犯罪心理学","丹藤 克也","https://cssy.aasa.ac.jp/syllabusHtml/2026/1210/1210_222428-01_ja_JP.html"
"2446","前期","前期","火1","222429-01","福祉心理学","浜本 真規子","https://cssy.aasa.ac.jp/syllabusHtml/2026/1210/1210_222429-01_ja_JP.html"
"2447","前期","前期","月2","223001-01","専門演習Ⅰ","久保 南海子","https://cssy.aasa.ac.jp/syllabusHtml/2026/1210/1210_223001-01_ja_JP.html"
"2448","前期","前期","月2","223001-02","専門演習Ⅰ","成澤 元","https://cssy.aasa.ac.jp/syllabusHtml/2026/1210/1210_223001-02_ja_JP.html"
"2449","前期","前期","月3","223001-03","専門演習Ⅰ","大崎 園生","https://cssy.aasa.ac.jp/syllabusHtml/2026/1210/1210_223001-03_ja_JP.html"
"2450","前期","前期","月3","223001-04","専門演習Ⅰ","清瀧 裕子","https://cssy.aasa.ac.jp/syllabusHtml/2026/1210/1210_223001-04_ja_JP.html"
"2451","前期","前期","月3","223001-05","専門演習Ⅰ","西出 隆紀","https://cssy.aasa.ac.jp/syllabusHtml/2026/1210/1210_223001-05_ja_JP.html"
"2452","前期","前期","月3","223001-06","専門演習Ⅰ","吉崎 一人","https://cssy.aasa.ac.jp/syllabusHtml/2026/1210/1210_223001-06_ja_JP.html"
"2453","前期","前期","水2","223001-07","専門演習Ⅰ","小川 一美","https://cssy.aasa.ac.jp/syllabusHtml/2026/1210/1210_223001-07_ja_JP.html"
"2454","前期","前期","水2","223001-08","専門演習Ⅰ","斎藤 和志","https://cssy.aasa.ac.jp/syllabusHtml/2026/1210/1210_223001-08_ja_JP.html"
"2455","前期","前期","水3","223001-09","専門演習Ⅰ","髙野 恵代","https://cssy.aasa.ac.jp/syllabusHtml/2026/1210/1210_223001-09_ja_JP.html"
"2456","前期","前期","水3","223001-10","専門演習Ⅰ","平島 太郎","https://cssy.aasa.ac.jp/syllabusHtml/2026/1210/1210_223001-10_ja_JP.html"
"2457","前期","前期","水3","223001-11","専門演習Ⅰ","松尾 貴司","https://cssy.aasa.ac.jp/syllabusHtml/2026/1210/1210_223001-11_ja_JP.html"
"2458","前期","前期","金3","223001-12","専門演習Ⅰ","加藤 公子","https://cssy.aasa.ac.jp/syllabusHtml/2026/1210/1210_223001-12_ja_JP.html"
"2459","前期","前期","金3","223001-13","専門演習Ⅰ","蒲谷 槙介","https://cssy.aasa.ac.jp/syllabusHtml/2026/1210/1210_223001-13_ja_JP.html"
"2460","前期","前期","金3","223001-14","専門演習Ⅰ","郷 実保子","https://cssy.aasa.ac.jp/syllabusHtml/2026/1210/1210_223001-14_ja_JP.html"
"2461","前期","前期","金3","223001-15","専門演習Ⅰ","坂田 陽子","https://cssy.aasa.ac.jp/syllabusHtml/2026/1210/1210_223001-15_ja_JP.html"
"2462","前期","前期","金3","223001-16","専門演習Ⅰ","丹藤 克也","https://cssy.aasa.ac.jp/syllabusHtml/2026/1210/1210_223001-16_ja_JP.html"
"2463","後期","後期","月2","223002-01","専門演習Ⅱ","久保 南海子","https://cssy.aasa.ac.jp/syllabusHtml/2026/1210/1210_223002-01_ja_JP.html"
"2464","後期","後期","月2","223002-02","専門演習Ⅱ","成澤 元","https://cssy.aasa.ac.jp/syllabusHtml/2026/1210/1210_223002-02_ja_JP.html"
"2465","後期","後期","月3","223002-03","専門演習Ⅱ","大崎 園生","https://cssy.aasa.ac.jp/syllabusHtml/2026/1210/1210_223002-03_ja_JP.html"
"2466","後期","後期","月3","223002-04","専門演習Ⅱ","清瀧 裕子","https://cssy.aasa.ac.jp/syllabusHtml/2026/1210/1210_223002-04_ja_JP.html"
"2467","後期","後期","月3","223002-05","専門演習Ⅱ","西出 隆紀","https://cssy.aasa.ac.jp/syllabusHtml/2026/1210/1210_223002-05_ja_JP.html"
"2468","後期","後期","月3","223002-06","専門演習Ⅱ","吉崎 一人","https://cssy.aasa.ac.jp/syllabusHtml/2026/1210/1210_223002-06_ja_JP.html"
"2469","後期","後期","水2","223002-07","専門演習Ⅱ","小川 一美","https://cssy.aasa.ac.jp/syllabusHtml/2026/1210/1210_223002-07_ja_JP.html"
"2470","後期","後期","水2","223002-08","専門演習Ⅱ","斎藤 和志","https://cssy.aasa.ac.jp/syllabusHtml/2026/1210/1210_223002-08_ja_JP.html"
"2471","後期","後期","水3","223002-09","専門演習Ⅱ","髙野 恵代","https://cssy.aasa.ac.jp/syllabusHtml/2026/1210/1210_223002-09_ja_JP.html"
"2472","後期","後期","水3","223002-10","専門演習Ⅱ","平島 太郎","https://cssy.aasa.ac.jp/syllabusHtml/2026/1210/1210_223002-10_ja_JP.html"
"2473","後期","後期","水3","223002-11","専門演習Ⅱ","松尾 貴司","https://cssy.aasa.ac.jp/syllabusHtml/2026/1210/1210_223002-11_ja_JP.html"
"2474","後期","後期","金3","223002-12","専門演習Ⅱ","加藤 公子","https://cssy.aasa.ac.jp/syllabusHtml/2026/1210/1210_223002-12_ja_JP.html"
"2475","後期","後期","金3","223002-13","専門演習Ⅱ","蒲谷 槙介","https://cssy.aasa.ac.jp/syllabusHtml/2026/1210/1210_223002-13_ja_JP.html"
"2476","後期","後期","金3","223002-14","専門演習Ⅱ","郷 実保子","https://cssy.aasa.ac.jp/syllabusHtml/2026/1210/1210_223002-14_ja_JP.html"
"2477","後期","後期","金3","223002-15","専門演習Ⅱ","坂田 陽子","https://cssy.aasa.ac.jp/syllabusHtml/2026/1210/1210_223002-15_ja_JP.html"
"2478","後期","後期","金3","223002-16","専門演習Ⅱ","丹藤 克也","https://cssy.aasa.ac.jp/syllabusHtml/2026/1210/1210_223002-16_ja_JP.html"
"2479","前期","前期","水3","223002-17","専門演習Ⅱ","髙野 恵代","https://cssy.aasa.ac.jp/syllabusHtml/2026/1210/1210_223002-17_ja_JP.html"
"2480","前期","前期","月1,2","223003-01","専門演習Ⅲ","大崎 園生","https://cssy.aasa.ac.jp/syllabusHtml/2026/1210/1210_223003-01_ja_JP.html"
"2481","前期","前期","月1,2","223003-02","専門演習Ⅲ","清瀧 裕子","https://cssy.aasa.ac.jp/syllabusHtml/2026/1210/1210_223003-02_ja_JP.html"
"2482","前期","前期","月3,4","223003-03","専門演習Ⅲ","久保 南海子","https://cssy.aasa.ac.jp/syllabusHtml/2026/1210/1210_223003-03_ja_JP.html"
"2483","前期","前期","月3,4","223003-04","専門演習Ⅲ","成澤 元","https://cssy.aasa.ac.jp/syllabusHtml/2026/1210/1210_223003-04_ja_JP.html"
"2484","前期","前期","月4,5","223003-05","専門演習Ⅲ","西出 隆紀","https://cssy.aasa.ac.jp/syllabusHtml/2026/1210/1210_223003-05_ja_JP.html"
"2485","前期","前期","月4,5","223003-06","専門演習Ⅲ","吉崎 一人","https://cssy.aasa.ac.jp/syllabusHtml/2026/1210/1210_223003-06_ja_JP.html"
"2486","前期","前期","水1,2","223003-07","専門演習Ⅲ","松尾 貴司","https://cssy.aasa.ac.jp/syllabusHtml/2026/1210/1210_223003-07_ja_JP.html"
"2487","前期","前期","水3,4","223003-08","専門演習Ⅲ","小川 一美","https://cssy.aasa.ac.jp/syllabusHtml/2026/1210/1210_223003-08_ja_JP.html"
"2488","前期","前期","水3,4","223003-09","専門演習Ⅲ","斎藤 和志","https://cssy.aasa.ac.jp/syllabusHtml/2026/1210/1210_223003-09_ja_JP.html"
"2489","前期","前期","水4,5","223003-10","専門演習Ⅲ","髙野 恵代","https://cssy.aasa.ac.jp/syllabusHtml/2026/1210/1210_223003-10_ja_JP.html"
"2490","前期","前期","水4,5","223003-11","専門演習Ⅲ","平島 太郎","https://cssy.aasa.ac.jp/syllabusHtml/2026/1210/1210_223003-11_ja_JP.html"
"2491","前期","前期","金1,2","223003-12","専門演習Ⅲ","蒲谷 槙介","https://cssy.aasa.ac.jp/syllabusHtml/2026/1210/1210_223003-12_ja_JP.html"
"2492","前期","前期","金1,2","223003-13","専門演習Ⅲ","郷 実保子","https://cssy.aasa.ac.jp/syllabusHtml/2026/1210/1210_223003-13_ja_JP.html"
"2493","前期","前期","金1,2","223003-14","専門演習Ⅲ","坂田 陽子","https://cssy.aasa.ac.jp/syllabusHtml/2026/1210/1210_223003-14_ja_JP.html"
"2494","前期","前期","金4,5","223003-15","専門演習Ⅲ","加藤 公子","https://cssy.aasa.ac.jp/syllabusHtml/2026/1210/1210_223003-15_ja_JP.html"
"2495","前期","前期","金4,5","223003-16","専門演習Ⅲ","丹藤 克也","https://cssy.aasa.ac.jp/syllabusHtml/2026/1210/1210_223003-16_ja_JP.html"
"2496","後期","後期","月1,2","223004-01","専門演習Ⅳ","大崎 園生","https://cssy.aasa.ac.jp/syllabusHtml/2026/1210/1210_223004-01_ja_JP.html"
"2497","後期","後期","月1,2","223004-02","専門演習Ⅳ","清瀧 裕子","https://cssy.aasa.ac.jp/syllabusHtml/2026/1210/1210_223004-02_ja_JP.html"
"2498","後期","後期","月3,4","223004-03","専門演習Ⅳ","久保 南海子","https://cssy.aasa.ac.jp/syllabusHtml/2026/1210/1210_223004-03_ja_JP.html"
"2499","後期","後期","月3,4","223004-04","専門演習Ⅳ","成澤 元","https://cssy.aasa.ac.jp/syllabusHtml/2026/1210/1210_223004-04_ja_JP.html"
"2500","後期","後期","月4,5","223004-05","専門演習Ⅳ","西出 隆紀","https://cssy.aasa.ac.jp/syllabusHtml/2026/1210/1210_223004-05_ja_JP.html"
"2501","後期","後期","月4,5","223004-06","専門演習Ⅳ","吉崎 一人","https://cssy.aasa.ac.jp/syllabusHtml/2026/1210/1210_223004-06_ja_JP.html"
"2502","後期","後期","水1,2","223004-07","専門演習Ⅳ","松尾 貴司","https://cssy.aasa.ac.jp/syllabusHtml/2026/1210/1210_223004-07_ja_JP.html"
"2503","後期","後期","水3,4","223004-08","専門演習Ⅳ","小川 一美","https://cssy.aasa.ac.jp/syllabusHtml/2026/1210/1210_223004-08_ja_JP.html"
"2504","後期","後期","水3,4","223004-09","専門演習Ⅳ","斎藤 和志","https://cssy.aasa.ac.jp/syllabusHtml/2026/1210/1210_223004-09_ja_JP.html"
"2505","後期","後期","水4,5","223004-10","専門演習Ⅳ","髙野 恵代","https://cssy.aasa.ac.jp/syllabusHtml/2026/1210/1210_223004-10_ja_JP.html"
"2506","後期","後期","水4,5","223004-11","専門演習Ⅳ","平島 太郎","https://cssy.aasa.ac.jp/syllabusHtml/2026/1210/1210_223004-11_ja_JP.html"
"2507","後期","後期","金1,2","223004-12","専門演習Ⅳ","蒲谷 槙介","https://cssy.aasa.ac.jp/syllabusHtml/2026/1210/1210_223004-12_ja_JP.html"
"2508","後期","後期","金1,2","223004-13","専門演習Ⅳ","郷 実保子","https://cssy.aasa.ac.jp/syllabusHtml/2026/1210/1210_223004-13_ja_JP.html"
"2509","後期","後期","金1,2","223004-14","専門演習Ⅳ","坂田 陽子","https://cssy.aasa.ac.jp/syllabusHtml/2026/1210/1210_223004-14_ja_JP.html"
"2510","後期","後期","金4,5","223004-15","専門演習Ⅳ","加藤 公子","https://cssy.aasa.ac.jp/syllabusHtml/2026/1210/1210_223004-15_ja_JP.html"
"2511","後期","後期","金4,5","223004-16","専門演習Ⅳ","丹藤 克也","https://cssy.aasa.ac.jp/syllabusHtml/2026/1210/1210_223004-16_ja_JP.html"
"2512","前期","前期","月4,5","223004-17","専門演習Ⅳ","吉崎 一人","https://cssy.aasa.ac.jp/syllabusHtml/2026/1210/1210_223004-17_ja_JP.html"
"2513","前期","前期","金4,5","223004-18","専門演習Ⅳ","丹藤 克也","https://cssy.aasa.ac.jp/syllabusHtml/2026/1210/1210_223004-18_ja_JP.html"
"2514","後期","後期","月1,2","223004-19","専門演習Ⅳ","浜本 真規子","https://cssy.aasa.ac.jp/syllabusHtml/2026/1210/1210_223004-19_ja_JP.html"
"2515","前期","通年","他","223005-01","卒業論文","大崎 園生","https://cssy.aasa.ac.jp/syllabusHtml/2026/1210/1210_223005-01_ja_JP.html"
"2516","前期","通年","他","223005-02","卒業論文","小川 一美","https://cssy.aasa.ac.jp/syllabusHtml/2026/1210/1210_223005-02_ja_JP.html"
"2517","前期","通年","他","223005-03","卒業論文","加藤 公子","https://cssy.aasa.ac.jp/syllabusHtml/2026/1210/1210_223005-03_ja_JP.html"
"2518","前期","通年","他","223005-04","卒業論文","蒲谷 槙介","https://cssy.aasa.ac.jp/syllabusHtml/2026/1210/1210_223005-04_ja_JP.html"
"2519","前期","通年","他","223005-05","卒業論文","清瀧 裕子","https://cssy.aasa.ac.jp/syllabusHtml/2026/1210/1210_223005-05_ja_JP.html"
"2520","前期","通年","他","223005-06","卒業論文","久保 南海子","https://cssy.aasa.ac.jp/syllabusHtml/2026/1210/1210_223005-06_ja_JP.html"
"2521","前期","通年","他","223005-07","卒業論文","郷 実保子","https://cssy.aasa.ac.jp/syllabusHtml/2026/1210/1210_223005-07_ja_JP.html"
"2522","前期","通年","他","223005-08","卒業論文","斎藤 和志","https://cssy.aasa.ac.jp/syllabusHtml/2026/1210/1210_223005-08_ja_JP.html"
"2523","前期","通年","他","223005-09","卒業論文","坂田 陽子","https://cssy.aasa.ac.jp/syllabusHtml/2026/1210/1210_223005-09_ja_JP.html"
"2524","前期","通年","他","223005-10","卒業論文","髙野 恵代","https://cssy.aasa.ac.jp/syllabusHtml/2026/1210/1210_223005-10_ja_JP.html"
"2525","前期","通年","他","223005-11","卒業論文","丹藤 克也","https://cssy.aasa.ac.jp/syllabusHtml/2026/1210/1210_223005-11_ja_JP.html"
"2526","前期","通年","他","223005-12","卒業論文","成澤 元","https://cssy.aasa.ac.jp/syllabusHtml/2026/1210/1210_223005-12_ja_JP.html"
"2527","前期","通年","他","223005-13","卒業論文","西出 隆紀","https://cssy.aasa.ac.jp/syllabusHtml/2026/1210/1210_223005-13_ja_JP.html"
"2528","前期","通年","他","223005-14","卒業論文","平島 太郎","https://cssy.aasa.ac.jp/syllabusHtml/2026/1210/1210_223005-14_ja_JP.html"
"2529","前期","通年","他","223005-15","卒業論文","松尾 貴司","https://cssy.aasa.ac.jp/syllabusHtml/2026/1210/1210_223005-15_ja_JP.html"
"2530","前期","通年","他","223005-16","卒業論文","吉崎 一人","https://cssy.aasa.ac.jp/syllabusHtml/2026/1210/1210_223005-16_ja_JP.html"
"2531","前期","前期","他","223005-17","卒業論文","吉崎 一人","https://cssy.aasa.ac.jp/syllabusHtml/2026/1210/1210_223005-17_ja_JP.html"
"2532","前期","前期","他","223005-18","卒業論文","丹藤 克也","https://cssy.aasa.ac.jp/syllabusHtml/2026/1210/1210_223005-18_ja_JP.html"
"2533","後期","後期","他","223005-19","卒業論文","浜本 真規子","https://cssy.aasa.ac.jp/syllabusHtml/2026/1210/1210_223005-19_ja_JP.html"
"2534","後期","後期","金1","224001-01","異文化コミュニケーション","半井 尚美","https://cssy.aasa.ac.jp/syllabusHtml/2026/1210/1210_224001-01_ja_JP.html"
"2535","前期","前期","金2","224004-01","社会学概論","堀田 裕子","https://cssy.aasa.ac.jp/syllabusHtml/2026/1210/1210_224004-01_ja_JP.html"
"2536","後期","後期","金1","224004-02","社会学概論","堀田 裕子","https://cssy.aasa.ac.jp/syllabusHtml/2026/1210/1210_224004-02_ja_JP.html"
"2537","後期","後期","木4","224005-01","哲学概論","長滝 祥司","https://cssy.aasa.ac.jp/syllabusHtml/2026/1210/1210_224005-01_ja_JP.html"
"2538","前期","前期","木4","224006-01","倫理学概論","小林 智","https://cssy.aasa.ac.jp/syllabusHtml/2026/1210/1210_224006-01_ja_JP.html"
"2539","前期","前期","木4","224007-01","宗教学概論","伊藤 秀真","https://cssy.aasa.ac.jp/syllabusHtml/2026/1210/1210_224007-01_ja_JP.html"
"2540","後期","後期","火4","224007-02","宗教学概論","伊藤 秀真","https://cssy.aasa.ac.jp/syllabusHtml/2026/1210/1210_224007-02_ja_JP.html"
"2541","前期","前期","木3","224008-01","法律学概論","小林 智","https://cssy.aasa.ac.jp/syllabusHtml/2026/1210/1210_224008-01_ja_JP.html"
"2542","後期","後期","月1","224009-01","国際法概論","イスマトフ アジズ","https://cssy.aasa.ac.jp/syllabusHtml/2026/1210/1210_224009-01_ja_JP.html"
"2543","前期","前期","金1","224010-01","経済学概論","鶴田 利恵","https://cssy.aasa.ac.jp/syllabusHtml/2026/1210/1210_224010-01_ja_JP.html"
"2544","後期","後期","火1","224010-02","経済学概論","鶴田 利恵","https://cssy.aasa.ac.jp/syllabusHtml/2026/1210/1210_224010-02_ja_JP.html"
"2545","前期","前期","水4","224014-01","文化人類学概論","三木 誠","https://cssy.aasa.ac.jp/syllabusHtml/2026/1210/1210_224014-01_ja_JP.html"
"2546","後期","後期","火3","224014-02","文化人類学概論","三木 誠","https://cssy.aasa.ac.jp/syllabusHtml/2026/1210/1210_224014-02_ja_JP.html"
"2547","前期","前期","月1","224015-01","メンタルヘルス","浦邉 綾子","https://cssy.aasa.ac.jp/syllabusHtml/2026/1210/1210_224015-01_ja_JP.html"
"2548","後期","後期","月2","224015-02","メンタルヘルス","石川 佳奈","https://cssy.aasa.ac.jp/syllabusHtml/2026/1210/1210_224015-02_ja_JP.html"
"2549","後期","後期","火4","224017-01","障がい者コミュニケーション","河口 尚子","https://cssy.aasa.ac.jp/syllabusHtml/2026/1210/1210_224017-01_ja_JP.html"
"2550","前期","前期","月3","271101-01","デザイントレーニングa(CG)","末次 新市","https://cssy.aasa.ac.jp/syllabusHtml/2026/22/22_271101-01_ja_JP.html"
"2551","前期","前期","月5","271101-02","デザイントレーニングa(CG)","末次 新市","https://cssy.aasa.ac.jp/syllabusHtml/2026/22/22_271101-02_ja_JP.html"
"2552","後期","後期","月4","271101-03","デザイントレーニングa(CG)","末次 新市","https://cssy.aasa.ac.jp/syllabusHtml/2026/22/22_271101-03_ja_JP.html"
"2553","前期","前期","月4","271102-01","デザイントレーニングb(DTP)","末次 新市","https://cssy.aasa.ac.jp/syllabusHtml/2026/22/22_271102-01_ja_JP.html"
"2554","後期","後期","月3","271102-02","デザイントレーニングb(DTP)","末次 新市","https://cssy.aasa.ac.jp/syllabusHtml/2026/22/22_271102-02_ja_JP.html"
"2555","後期","後期","月5","271102-03","デザイントレーニングb(DTP)","末次 新市","https://cssy.aasa.ac.jp/syllabusHtml/2026/22/22_271102-03_ja_JP.html"
"2556","前期","前期","他","271103-01","キャリアプランニング","樋口 貴子","https://cssy.aasa.ac.jp/syllabusHtml/2026/22/22_271103-01_ja_JP.html"
"2557","後期","後期","火1","271103-02","キャリアプランニング","樋口 貴子","https://cssy.aasa.ac.jp/syllabusHtml/2026/22/22_271103-02_ja_JP.html"
"2558","後期","後期","火1","271103-03","キャリアプランニング","樋口 貴子","https://cssy.aasa.ac.jp/syllabusHtml/2026/22/22_271103-03_ja_JP.html"
"2559","後期","後期","火2","271103-04","キャリアプランニング","樋口 貴子","https://cssy.aasa.ac.jp/syllabusHtml/2026/22/22_271103-04_ja_JP.html"
"2560","後期","後期","火2","271103-05","キャリアプランニング","樋口 貴子","https://cssy.aasa.ac.jp/syllabusHtml/2026/22/22_271103-05_ja_JP.html"
"2561","前期","前期","火2","271104-01","アートマネジメント","藤井 克","https://cssy.aasa.ac.jp/syllabusHtml/2026/22/22_271104-01_ja_JP.html"
"2562","後期","後期","火2","271104-02","アートマネジメント","藤井 克","https://cssy.aasa.ac.jp/syllabusHtml/2026/22/22_271104-02_ja_JP.html"
"2563","前期","前期","木4","271105-01","知的財産権","鈴木 恵美","https://cssy.aasa.ac.jp/syllabusHtml/2026/22/22_271105-01_ja_JP.html"
"2564","前期","前期","木5","271105-02","知的財産権","鈴木 恵美","https://cssy.aasa.ac.jp/syllabusHtml/2026/22/22_271105-02_ja_JP.html"
"2565","後期","後期","木4","271105-03","知的財産権","鈴木 恵美","https://cssy.aasa.ac.jp/syllabusHtml/2026/22/22_271105-03_ja_JP.html"
"2566","後期","後期","木5","271105-04","知的財産権","鈴木 恵美","https://cssy.aasa.ac.jp/syllabusHtml/2026/22/22_271105-04_ja_JP.html"
"2567","後期","後期","水4","271106-01","マーケティング","太田 幸治","https://cssy.aasa.ac.jp/syllabusHtml/2026/22/22_271106-01_ja_JP.html"
"2568","前期","前期","月3","271107-01","社会調査法","新城 優子","https://cssy.aasa.ac.jp/syllabusHtml/2026/22/22_271107-01_ja_JP.html"
"2569","後期","後期","月3","271107-02","社会調査法","新城 優子","https://cssy.aasa.ac.jp/syllabusHtml/2026/22/22_271107-02_ja_JP.html"
"2570","前期","前期","金1","271108-01","社会学概論","堀田 裕子","https://cssy.aasa.ac.jp/syllabusHtml/2026/22/22_271108-01_ja_JP.html"
"2571","後期","後期","金2","271108-02","社会学概論","堀田 裕子","https://cssy.aasa.ac.jp/syllabusHtml/2026/22/22_271108-02_ja_JP.html"
"2572","後期","後期","水4","271109-01","宗教学概論","北垣 創","https://cssy.aasa.ac.jp/syllabusHtml/2026/22/22_271109-01_ja_JP.html"
"2573","前期","前期","月2","271110-01","文化人類学","三木 誠","https://cssy.aasa.ac.jp/syllabusHtml/2026/22/22_271110-01_ja_JP.html"
"2574","後期","後期","月2","271110-02","文化人類学","三木 誠","https://cssy.aasa.ac.jp/syllabusHtml/2026/22/22_271110-02_ja_JP.html"
"2575","後期","後期","金3","271111-01","社会心理学","坂本 剛","https://cssy.aasa.ac.jp/syllabusHtml/2026/22/22_271111-01_ja_JP.html"
"2576","前期","前期","木1","271112-01","心理学","蔵冨 恵","https://cssy.aasa.ac.jp/syllabusHtml/2026/22/22_271112-01_ja_JP.html"
"2577","前期","前期","火2","271113-01","考現学","貝沼 明華","https://cssy.aasa.ac.jp/syllabusHtml/2026/22/22_271113-01_ja_JP.html"
"2578","後期","後期","火1","271113-02","考現学","貝沼 明華","https://cssy.aasa.ac.jp/syllabusHtml/2026/22/22_271113-02_ja_JP.html"
"2579","前期","前期","火3","271114-01","メディアリテラシー","森田 明日香","https://cssy.aasa.ac.jp/syllabusHtml/2026/22/22_271114-01_ja_JP.html"
"2580","後期","後期","火3","271114-02","メディアリテラシー","森田 明日香","https://cssy.aasa.ac.jp/syllabusHtml/2026/22/22_271114-02_ja_JP.html"
"2581","後期","後期","火1","271115-02","コミュニケーション論","佐倉 真盛","https://cssy.aasa.ac.jp/syllabusHtml/2026/22/22_271115-02_ja_JP.html"
"2582","前期","前期","木3","271117-01","ジャーナリズム論","藤田 良治","https://cssy.aasa.ac.jp/syllabusHtml/2026/22/22_271117-01_ja_JP.html"
"2583","後期","後期","木3","271117-02","ジャーナリズム論","藤田 良治","https://cssy.aasa.ac.jp/syllabusHtml/2026/22/22_271117-02_ja_JP.html"
"2584","前期","前期","金3","271118-01","出版文化論a","劉 永昇","https://cssy.aasa.ac.jp/syllabusHtml/2026/22/22_271118-01_ja_JP.html"
"2585","後期","後期","水2","271119-01","出版文化論b","山本 直子","https://cssy.aasa.ac.jp/syllabusHtml/2026/22/22_271119-01_ja_JP.html"
"2586","後期","後期","水3","271119-02","出版文化論b","山本 直子","https://cssy.aasa.ac.jp/syllabusHtml/2026/22/22_271119-02_ja_JP.html"
"2587","前期","前期","木3","271120-01","写真論","坂倉 守","https://cssy.aasa.ac.jp/syllabusHtml/2026/22/22_271120-01_ja_JP.html"
"2588","後期","後期","木3","271120-02","写真論","坂倉 守","https://cssy.aasa.ac.jp/syllabusHtml/2026/22/22_271120-02_ja_JP.html"
"2589","前期","前期","月3","271121-01","広告論","石川 正裕","https://cssy.aasa.ac.jp/syllabusHtml/2026/22/22_271121-01_ja_JP.html"
"2590","後期","後期","月3","271121-02","広告論","石川 正裕","https://cssy.aasa.ac.jp/syllabusHtml/2026/22/22_271121-02_ja_JP.html"
"2591","前期","前期","木1","271122-01","映画論","小倉 史","https://cssy.aasa.ac.jp/syllabusHtml/2026/22/22_271122-01_ja_JP.html"
"2592","前期","前期","水5","271123-01","イベントプランニング入門","金子 岳司","https://cssy.aasa.ac.jp/syllabusHtml/2026/22/22_271123-01_ja_JP.html"
"2593","後期","後期","水5","271123-02","イベントプランニング入門","金子 岳司","https://cssy.aasa.ac.jp/syllabusHtml/2026/22/22_271123-02_ja_JP.html"
"2594","前期","前期","木5","271124-01","広告表現入門","浅井 芳樹","https://cssy.aasa.ac.jp/syllabusHtml/2026/22/22_271124-01_ja_JP.html"
"2595","後期","後期","木5","271124-02","広告表現入門","浅井 芳樹","https://cssy.aasa.ac.jp/syllabusHtml/2026/22/22_271124-02_ja_JP.html"
"2596","前期","前期","金3","271130-01","近現代の美術a(西洋美術)","藤井 健仁","https://cssy.aasa.ac.jp/syllabusHtml/2026/22/22_271130-01_ja_JP.html"
"2597","後期","後期","金3","271130-02","近現代の美術a(西洋美術)","藤井 健仁","https://cssy.aasa.ac.jp/syllabusHtml/2026/22/22_271130-02_ja_JP.html"
"2598","前期","前期","金4","271131-01","近現代の美術b(日本美術)","藤井 健仁","https://cssy.aasa.ac.jp/syllabusHtml/2026/22/22_271131-01_ja_JP.html"
"2599","後期","後期","金4","271131-02","近現代の美術b(日本美術)","藤井 健仁","https://cssy.aasa.ac.jp/syllabusHtml/2026/22/22_271131-02_ja_JP.html"
"2600","前期","前期","火4","271132-01","近現代の音楽","野田 雅巳","https://cssy.aasa.ac.jp/syllabusHtml/2026/22/22_271132-01_ja_JP.html"
"2601","後期","後期","火4","271132-02","近現代の音楽","野田 雅巳","https://cssy.aasa.ac.jp/syllabusHtml/2026/22/22_271132-02_ja_JP.html"
"2602","前期","前期","木2","271133-01","モダンデザイン文化史","VECCHI Pietro","https://cssy.aasa.ac.jp/syllabusHtml/2026/22/22_271133-01_ja_JP.html"
"2603","後期","後期","木2","271133-02","モダンデザイン文化史","VECCHI Pietro","https://cssy.aasa.ac.jp/syllabusHtml/2026/22/22_271133-02_ja_JP.html"
"2604","前期","前期","金5","271134-01","広告表現応用","原田 誠太郎","https://cssy.aasa.ac.jp/syllabusHtml/2026/22/22_271134-01_ja_JP.html"
"2605","後期","後期","金2","272101-01","日本文学史a","篗田 将樹","https://cssy.aasa.ac.jp/syllabusHtml/2026/221010/221010_272101-01_ja_JP.html"
"2606","後期","後期","金3","272101-02","日本文学史a","篗田 将樹","https://cssy.aasa.ac.jp/syllabusHtml/2026/221010/221010_272101-02_ja_JP.html"
"2607","前期","前期","木5","272102-01","日本文学史b","佐々木 亜紀子","https://cssy.aasa.ac.jp/syllabusHtml/2026/221010/221010_272102-01_ja_JP.html"
"2608","前期","前期","木4","272103-01","言語学a","森本 俊之","https://cssy.aasa.ac.jp/syllabusHtml/2026/221010/221010_272103-01_ja_JP.html"
"2609","後期","後期","木4","272104-01","言語学b","森本 俊之","https://cssy.aasa.ac.jp/syllabusHtml/2026/221010/221010_272104-01_ja_JP.html"
"2610","前期","前期","火3","272105-01","漢文学概説","角田 達朗","https://cssy.aasa.ac.jp/syllabusHtml/2026/221010/221010_272105-01_ja_JP.html"
"2611","後期","後期","木4","272106-01","古典文学概説","篗田 将樹","https://cssy.aasa.ac.jp/syllabusHtml/2026/221010/221010_272106-01_ja_JP.html"
"2612","後期","後期","水1","272107-01","児童文化論","酒井 晶代","https://cssy.aasa.ac.jp/syllabusHtml/2026/221010/221010_272107-01_ja_JP.html"
"2613","後期","後期","木4","272108-01","言語表現史a(小説)","永井 聖剛","https://cssy.aasa.ac.jp/syllabusHtml/2026/221010/221010_272108-01_ja_JP.html"
"2614","後期","後期","水3","272109-01","言語表現史b(詩歌)","渡邉 章夫","https://cssy.aasa.ac.jp/syllabusHtml/2026/221010/221010_272109-01_ja_JP.html"
"2615","前期","前期","火4","272110-01","言語表現入門a","佐々木 亜紀子","https://cssy.aasa.ac.jp/syllabusHtml/2026/221010/221010_272110-01_ja_JP.html"
"2616","後期","後期","火4","272110-02","言語表現入門a","佐々木 亜紀子","https://cssy.aasa.ac.jp/syllabusHtml/2026/221010/221010_272110-02_ja_JP.html"
"2617","前期","前期","金1","272111-01","言語表現入門b","加島 正浩","https://cssy.aasa.ac.jp/syllabusHtml/2026/221010/221010_272111-01_ja_JP.html"
"2618","後期","後期","金1","272111-02","言語表現入門b","加島 正浩","https://cssy.aasa.ac.jp/syllabusHtml/2026/221010/221010_272111-02_ja_JP.html"
"2619","前期","前期","火1","272112-01","批評理論入門","川﨑 瑞穂","https://cssy.aasa.ac.jp/syllabusHtml/2026/221010/221010_272112-01_ja_JP.html"
"2620","後期","後期","火1","272112-02","批評理論入門","川﨑 瑞穂","https://cssy.aasa.ac.jp/syllabusHtml/2026/221010/221010_272112-02_ja_JP.html"
"2621","前期","前期","水4","272113-01","演劇a(西洋)","海上 宏美","https://cssy.aasa.ac.jp/syllabusHtml/2026/221010/221010_272113-01_ja_JP.html"
"2622","後期","後期","火3","272114-01","演劇b(日本)","角田 達朗","https://cssy.aasa.ac.jp/syllabusHtml/2026/221010/221010_272114-01_ja_JP.html"
"2623","前期","前期","火2","272115-01","口承文芸","菱川 晶子","https://cssy.aasa.ac.jp/syllabusHtml/2026/221010/221010_272115-01_ja_JP.html"
"2624","前期","前期","火2","272116-01","マンガ・アニメ史","川﨑 瑞穂","https://cssy.aasa.ac.jp/syllabusHtml/2026/221010/221010_272116-01_ja_JP.html"
"2625","後期","後期","火2","272116-02","マンガ・アニメ史","川﨑 瑞穂","https://cssy.aasa.ac.jp/syllabusHtml/2026/221010/221010_272116-02_ja_JP.html"
"2626","前期","前期","火2","272117-01","基礎講読","加島 正浩","https://cssy.aasa.ac.jp/syllabusHtml/2026/221010/221010_272117-01_ja_JP.html"
"2627","前期","前期","火2","272117-02","基礎講読","川村 祐斗","https://cssy.aasa.ac.jp/syllabusHtml/2026/221010/221010_272117-02_ja_JP.html"
"2628","前期","前期","水4","272117-03","基礎講読","川村 祐斗","https://cssy.aasa.ac.jp/syllabusHtml/2026/221010/221010_272117-03_ja_JP.html"
"2629","前期","前期","木2","272117-04","基礎講読","松田 樹","https://cssy.aasa.ac.jp/syllabusHtml/2026/221010/221010_272117-04_ja_JP.html"
"2630","後期","後期","火2","272117-05","基礎講読","加島 正浩","https://cssy.aasa.ac.jp/syllabusHtml/2026/221010/221010_272117-05_ja_JP.html"
"2631","前期","前期","水3","272118-01","基礎演習Ⅰ","小倉 史","https://cssy.aasa.ac.jp/syllabusHtml/2026/221010/221010_272118-01_ja_JP.html"
"2632","前期","前期","水3","272118-02","基礎演習Ⅰ","酒井 晶代","https://cssy.aasa.ac.jp/syllabusHtml/2026/221010/221010_272118-02_ja_JP.html"
"2633","前期","前期","水3","272118-03","基礎演習Ⅰ","角田 達朗","https://cssy.aasa.ac.jp/syllabusHtml/2026/221010/221010_272118-03_ja_JP.html"
"2634","前期","前期","水3","272118-04","基礎演習Ⅰ","永井 聖剛","https://cssy.aasa.ac.jp/syllabusHtml/2026/221010/221010_272118-04_ja_JP.html"
"2635","前期","前期","水3","272118-05","基礎演習Ⅰ","松田 樹","https://cssy.aasa.ac.jp/syllabusHtml/2026/221010/221010_272118-05_ja_JP.html"
"2636","前期","前期","水3","272118-06","基礎演習Ⅰ","柳井 貴士","https://cssy.aasa.ac.jp/syllabusHtml/2026/221010/221010_272118-06_ja_JP.html"
"2637","前期","前期","水3","272118-07","基礎演習Ⅰ","加島 正浩","https://cssy.aasa.ac.jp/syllabusHtml/2026/221010/221010_272118-07_ja_JP.html"
"2638","前期","前期","水3","272118-08","基礎演習Ⅰ","川﨑 瑞穂","https://cssy.aasa.ac.jp/syllabusHtml/2026/221010/221010_272118-08_ja_JP.html"
"2639","前期","前期","水4","272119-01","クリエイティブライティングa","清水 良典","https://cssy.aasa.ac.jp/syllabusHtml/2026/221010/221010_272119-01_ja_JP.html"
"2640","前期","前期","火3","272120-01","クリエイティブライティングb","佐々木 亜紀子","https://cssy.aasa.ac.jp/syllabusHtml/2026/221010/221010_272120-01_ja_JP.html"
"2641","前期","前期","木4","272120-02","クリエイティブライティングb","佐々木 亜紀子","https://cssy.aasa.ac.jp/syllabusHtml/2026/221010/221010_272120-02_ja_JP.html"
"2642","後期","後期","火3","272120-03","クリエイティブライティングb","佐々木 亜紀子","https://cssy.aasa.ac.jp/syllabusHtml/2026/221010/221010_272120-03_ja_JP.html"
"2643","後期","後期","木2","272121-01","クリエイティブライティングc","柳井 貴士","https://cssy.aasa.ac.jp/syllabusHtml/2026/221010/221010_272121-01_ja_JP.html"
"2644","前期","前期","水2","272122-01","クリエイティブライティングd","加島 正浩","https://cssy.aasa.ac.jp/syllabusHtml/2026/221010/221010_272122-01_ja_JP.html"
"2645","後期","後期","火3","272122-02","クリエイティブライティングd","加島 正浩","https://cssy.aasa.ac.jp/syllabusHtml/2026/221010/221010_272122-02_ja_JP.html"
"2646","後期","後期","水2","272122-03","クリエイティブライティングd","加島 正浩","https://cssy.aasa.ac.jp/syllabusHtml/2026/221010/221010_272122-03_ja_JP.html"
"2647","前期","前期","水3","272123-01","エディターシップa(企画・プレゼンテーション)","山本 直子","https://cssy.aasa.ac.jp/syllabusHtml/2026/221010/221010_272123-01_ja_JP.html"
"2648","後期","後期","水4","272124-01","エディターシップb(取材・インタビュー)","小出 朝生","https://cssy.aasa.ac.jp/syllabusHtml/2026/221010/221010_272124-01_ja_JP.html"
"2649","前期","前期","木3","272125-01","ドローイング基礎","山田 卓司","https://cssy.aasa.ac.jp/syllabusHtml/2026/221010/221010_272125-01_ja_JP.html"
"2650","前期","前期","木4","272125-02","ドローイング基礎","山田 卓司","https://cssy.aasa.ac.jp/syllabusHtml/2026/221010/221010_272125-02_ja_JP.html"
"2651","前期","前期","木5","272125-03","ドローイング基礎","山田 卓司","https://cssy.aasa.ac.jp/syllabusHtml/2026/221010/221010_272125-03_ja_JP.html"
"2652","後期","後期","木2","272125-04","ドローイング基礎","山田 卓司","https://cssy.aasa.ac.jp/syllabusHtml/2026/221010/221010_272125-04_ja_JP.html"
"2653","後期","後期","木5","272125-05","ドローイング基礎","山田 卓司","https://cssy.aasa.ac.jp/syllabusHtml/2026/221010/221010_272125-05_ja_JP.html"
"2654","後期","後期","水2","272126-01","基礎演習Ⅱa","酒井 晶代","https://cssy.aasa.ac.jp/syllabusHtml/2026/221010/221010_272126-01_ja_JP.html"
"2655","後期","後期","水2","272126-02","基礎演習Ⅱa","松田 樹","https://cssy.aasa.ac.jp/syllabusHtml/2026/221010/221010_272126-02_ja_JP.html"
"2656","後期","後期","水2","272126-03","基礎演習Ⅱa","柳井 貴士","https://cssy.aasa.ac.jp/syllabusHtml/2026/221010/221010_272126-03_ja_JP.html"
"2657","後期","後期","水2","272126-04","基礎演習Ⅱa","吉田 朝香","https://cssy.aasa.ac.jp/syllabusHtml/2026/221010/221010_272126-04_ja_JP.html"
"2658","後期","後期","水3","272126-05","基礎演習Ⅱa","角田 達朗","https://cssy.aasa.ac.jp/syllabusHtml/2026/221010/221010_272126-05_ja_JP.html"
"2659","後期","後期","木2","272126-06","基礎演習Ⅱa","永井 聖剛","https://cssy.aasa.ac.jp/syllabusHtml/2026/221010/221010_272126-06_ja_JP.html"
"2660","後期","後期","木3","272126-07","基礎演習Ⅱa","小倉 史","https://cssy.aasa.ac.jp/syllabusHtml/2026/221010/221010_272126-07_ja_JP.html"
"2661","後期","後期","水2","272126-08","基礎演習Ⅱa","川﨑 瑞穂","https://cssy.aasa.ac.jp/syllabusHtml/2026/221010/221010_272126-08_ja_JP.html"
"2662","前期","前期","水2","272127-01","基礎演習Ⅱb","角田 達朗","https://cssy.aasa.ac.jp/syllabusHtml/2026/221010/221010_272127-01_ja_JP.html"
"2663","前期","前期","水2","272127-02","基礎演習Ⅱb","松田 樹","https://cssy.aasa.ac.jp/syllabusHtml/2026/221010/221010_272127-02_ja_JP.html"
"2664","前期","前期","水2","272127-03","基礎演習Ⅱb","柳井 貴士","https://cssy.aasa.ac.jp/syllabusHtml/2026/221010/221010_272127-03_ja_JP.html"
"2665","前期","前期","水2","272127-04","基礎演習Ⅱb","吉田 朝香","https://cssy.aasa.ac.jp/syllabusHtml/2026/221010/221010_272127-04_ja_JP.html"
"2666","前期","前期","木2","272127-05","基礎演習Ⅱb","酒井 晶代","https://cssy.aasa.ac.jp/syllabusHtml/2026/221010/221010_272127-05_ja_JP.html"
"2667","前期","前期","木2","272127-06","基礎演習Ⅱb","永井 聖剛","https://cssy.aasa.ac.jp/syllabusHtml/2026/221010/221010_272127-06_ja_JP.html"
"2668","前期","前期","木3","272127-07","基礎演習Ⅱb","小倉 史","https://cssy.aasa.ac.jp/syllabusHtml/2026/221010/221010_272127-07_ja_JP.html"
"2669","前期","前期","水2","272127-08","基礎演習Ⅱb","川﨑 瑞穂","https://cssy.aasa.ac.jp/syllabusHtml/2026/221010/221010_272127-08_ja_JP.html"
"2670","後期","後期","木2","272128-01","文芸理論a","松田 樹","https://cssy.aasa.ac.jp/syllabusHtml/2026/221010/221010_272128-01_ja_JP.html"
"2671","前期","前期","他","272129-01","文芸理論b","中澤 忠之","https://cssy.aasa.ac.jp/syllabusHtml/2026/221010/221010_272129-01_ja_JP.html"
"2672","後期","後期","金2","272129-02","文芸理論b","加島 正浩","https://cssy.aasa.ac.jp/syllabusHtml/2026/221010/221010_272129-02_ja_JP.html"
"2673","前期","前期","他","272130-01","批評理論a","西野 厚志","https://cssy.aasa.ac.jp/syllabusHtml/2026/221010/221010_272130-01_ja_JP.html"
"2674","前期","前期","月4","272131-01","批評理論b","伏木 啓","https://cssy.aasa.ac.jp/syllabusHtml/2026/221010/221010_272131-01_ja_JP.html"
"2675","後期","後期","木3","272132-02","文化研究a","角田 達朗","https://cssy.aasa.ac.jp/syllabusHtml/2026/221010/221010_272132-02_ja_JP.html"
"2676","後期","後期","水4","272133-01","文化研究b","北嶋 玲子","https://cssy.aasa.ac.jp/syllabusHtml/2026/221010/221010_272133-01_ja_JP.html"
"2677","後期","後期","金2","272134-01","現代小説a","松田 樹","https://cssy.aasa.ac.jp/syllabusHtml/2026/221010/221010_272134-01_ja_JP.html"
"2678","後期","後期","木3","272135-01","現代小説b","柳井 貴士","https://cssy.aasa.ac.jp/syllabusHtml/2026/221010/221010_272135-01_ja_JP.html"
"2679","前期","前期","木4","272136-01","近代小説a","永井 聖剛","https://cssy.aasa.ac.jp/syllabusHtml/2026/221010/221010_272136-01_ja_JP.html"
"2680","前期","前期","火3","272137-01","近代小説b","若松 伸哉","https://cssy.aasa.ac.jp/syllabusHtml/2026/221010/221010_272137-01_ja_JP.html"
"2681","前期","前期","火3","272138-01","現代詩a","加島 正浩","https://cssy.aasa.ac.jp/syllabusHtml/2026/221010/221010_272138-01_ja_JP.html"
"2682","前期","前期","金2","272138-02","現代詩a","加島 正浩","https://cssy.aasa.ac.jp/syllabusHtml/2026/221010/221010_272138-02_ja_JP.html"
"2683","後期","後期","水4","272139-01","現代詩b","渡邉 章夫","https://cssy.aasa.ac.jp/syllabusHtml/2026/221010/221010_272139-01_ja_JP.html"
"2684","前期","前期","金2","272140-01","現代短歌","加藤 孝男","https://cssy.aasa.ac.jp/syllabusHtml/2026/221010/221010_272140-01_ja_JP.html"
"2685","前期","前期","月3","272141-01","戯曲a","刈馬 カオス","https://cssy.aasa.ac.jp/syllabusHtml/2026/221010/221010_272141-01_ja_JP.html"
"2686","後期","後期","月3","272141-02","戯曲a","刈馬 カオス","https://cssy.aasa.ac.jp/syllabusHtml/2026/221010/221010_272141-02_ja_JP.html"
"2687","前期","前期","水1","272142-01","児童文学","酒井 晶代","https://cssy.aasa.ac.jp/syllabusHtml/2026/221010/221010_272142-01_ja_JP.html"
"2688","後期","後期","火1","272143-01","古典文学a(散文)","内藤 英子","https://cssy.aasa.ac.jp/syllabusHtml/2026/221010/221010_272143-01_ja_JP.html"
"2689","後期","後期","火2","272143-02","古典文学a(散文)","内藤 英子","https://cssy.aasa.ac.jp/syllabusHtml/2026/221010/221010_272143-02_ja_JP.html"
"2690","後期","後期","火4","272144-01","古典文学b(詩歌)","人見 恭司","https://cssy.aasa.ac.jp/syllabusHtml/2026/221010/221010_272144-01_ja_JP.html"
"2691","前期","前期","金3","272147-01","ノンフィクション","藤井 誠二","https://cssy.aasa.ac.jp/syllabusHtml/2026/221010/221010_272147-01_ja_JP.html"
"2692","後期","後期","水1","272148-01","伝統芸能","深谷 大","https://cssy.aasa.ac.jp/syllabusHtml/2026/221010/221010_272148-01_ja_JP.html"
"2693","前期","前期","水3","272149-01","パフォーミングアーツ","海上 宏美","https://cssy.aasa.ac.jp/syllabusHtml/2026/221010/221010_272149-01_ja_JP.html"
"2694","後期","後期","月3","272150-01","物語論","鈴木 彩","https://cssy.aasa.ac.jp/syllabusHtml/2026/221010/221010_272150-01_ja_JP.html"
"2695","前期","前期","月3","272151-01","マンガ論","川﨑 瑞穂","https://cssy.aasa.ac.jp/syllabusHtml/2026/221010/221010_272151-01_ja_JP.html"
"2696","後期","後期","月3","272152-01","アニメ論","川﨑 瑞穂","https://cssy.aasa.ac.jp/syllabusHtml/2026/221010/221010_272152-01_ja_JP.html"
"2697","前期","前期","他","272152-02","アニメ論","林 緑子","https://cssy.aasa.ac.jp/syllabusHtml/2026/221010/221010_272152-02_ja_JP.html"
"2698","前期","前期","水5","272153-01","コミックデザイン","吉田 朝香","https://cssy.aasa.ac.jp/syllabusHtml/2026/221010/221010_272153-01_ja_JP.html"
"2699","前期","前期","木2","272153-02","コミックデザイン","山田 卓司","https://cssy.aasa.ac.jp/syllabusHtml/2026/221010/221010_272153-02_ja_JP.html"
"2700","後期","後期","木3","272153-03","コミックデザイン","山田 卓司","https://cssy.aasa.ac.jp/syllabusHtml/2026/221010/221010_272153-03_ja_JP.html"
"2701","後期","後期","木4","272153-04","コミックデザイン","山田 卓司","https://cssy.aasa.ac.jp/syllabusHtml/2026/221010/221010_272153-04_ja_JP.html"
"2702","前期","前期","木3","272154-01","講読演習a","永井 聖剛","https://cssy.aasa.ac.jp/syllabusHtml/2026/221010/221010_272154-01_ja_JP.html"
"2703","後期","後期","火4","272155-01","講読演習b","酒井 晶代","https://cssy.aasa.ac.jp/syllabusHtml/2026/221010/221010_272155-01_ja_JP.html"
"2704","後期","後期","水3","272156-01","講読演習c","加島 正浩","https://cssy.aasa.ac.jp/syllabusHtml/2026/221010/221010_272156-01_ja_JP.html"
"2705","前期","前期","木4","272157-01","講読演習d","角田 達朗","https://cssy.aasa.ac.jp/syllabusHtml/2026/221010/221010_272157-01_ja_JP.html"
"2706","後期","後期","木2","272158-01","講読演習e","川﨑 瑞穂","https://cssy.aasa.ac.jp/syllabusHtml/2026/221010/221010_272158-01_ja_JP.html"
"2707","前期","前期","木3","272159-01","講読演習f","柳井 貴士","https://cssy.aasa.ac.jp/syllabusHtml/2026/221010/221010_272159-01_ja_JP.html"
"2708","前期","前期","水2","272160-01","講読演習g","小倉 史","https://cssy.aasa.ac.jp/syllabusHtml/2026/221010/221010_272160-01_ja_JP.html"
"2709","前期","通年","他","272166-01","卒業プロジェクト","酒井 晶代","https://cssy.aasa.ac.jp/syllabusHtml/2026/221010/221010_272166-01_ja_JP.html"
"2710","後期","後期","水2","272167-01","クリエイティブライティングe","小倉 史","https://cssy.aasa.ac.jp/syllabusHtml/2026/221010/221010_272167-01_ja_JP.html"
"2711","前期","前期","火3","272168-01","ステージデザイン","藤井 克","https://cssy.aasa.ac.jp/syllabusHtml/2026/221010/221010_272168-01_ja_JP.html"
"2712","前期","前期","金3","272169-01","マンガ表現","シミズ ヒトミ","https://cssy.aasa.ac.jp/syllabusHtml/2026/221010/221010_272169-01_ja_JP.html"
"2713","後期","後期","金2","272169-02","マンガ表現","シミズ ヒトミ","https://cssy.aasa.ac.jp/syllabusHtml/2026/221010/221010_272169-02_ja_JP.html"
"2714","前期","前期","金3","272170-01","戯曲b","渡山 博崇","https://cssy.aasa.ac.jp/syllabusHtml/2026/221010/221010_272170-01_ja_JP.html"
"2715","前期","前期","金4","272170-02","戯曲b","渡山 博崇","https://cssy.aasa.ac.jp/syllabusHtml/2026/221010/221010_272170-02_ja_JP.html"
"2716","後期","後期","金3","272170-03","戯曲b","渡山 博崇","https://cssy.aasa.ac.jp/syllabusHtml/2026/221010/221010_272170-03_ja_JP.html"
"2717","後期","後期","金4","272170-04","戯曲b","渡山 博崇","https://cssy.aasa.ac.jp/syllabusHtml/2026/221010/221010_272170-04_ja_JP.html"
"2718","後期","後期","水4","272171-01","演習Ⅰ(1)","清水 良典","https://cssy.aasa.ac.jp/syllabusHtml/2026/221010/221010_272171-01_ja_JP.html"
"2719","後期","後期","水3","272172-01","演習Ⅰ(2)","柳井 貴士","https://cssy.aasa.ac.jp/syllabusHtml/2026/221010/221010_272172-01_ja_JP.html"
"2720","後期","後期","木3","272173-01","演習Ⅰ(3)","永井 聖剛","https://cssy.aasa.ac.jp/syllabusHtml/2026/221010/221010_272173-01_ja_JP.html"
"2721","後期","後期","木2","272174-01","演習Ⅰ(4)","酒井 晶代","https://cssy.aasa.ac.jp/syllabusHtml/2026/221010/221010_272174-01_ja_JP.html"
"2722","後期","後期","金5","272175-01","演習Ⅰ(5)","藤井 誠二","https://cssy.aasa.ac.jp/syllabusHtml/2026/221010/221010_272175-01_ja_JP.html"
"2723","後期","後期","金3","272176-01","演習Ⅰ(6)","劉 永昇","https://cssy.aasa.ac.jp/syllabusHtml/2026/221010/221010_272176-01_ja_JP.html"
"2724","後期","後期","水3","272177-01","演習Ⅰ(7)","松田 樹","https://cssy.aasa.ac.jp/syllabusHtml/2026/221010/221010_272177-01_ja_JP.html"
"2725","後期","後期","木4","272178-01","演習Ⅰ(8)","角田 達朗","https://cssy.aasa.ac.jp/syllabusHtml/2026/221010/221010_272178-01_ja_JP.html"
"2726","後期","後期","月4","272179-01","演習Ⅰ(9)","刈馬 カオス","https://cssy.aasa.ac.jp/syllabusHtml/2026/221010/221010_272179-01_ja_JP.html"
"2727","後期","後期","水3","272180-01","演習Ⅰ(10)","小倉 史","https://cssy.aasa.ac.jp/syllabusHtml/2026/221010/221010_272180-01_ja_JP.html"
"2728","後期","後期","水3","272181-01","演習Ⅰ(11)","吉田 朝香","https://cssy.aasa.ac.jp/syllabusHtml/2026/221010/221010_272181-01_ja_JP.html"
"2729","後期","後期","金3","272183-01","演習Ⅰ(13)","シミズ ヒトミ","https://cssy.aasa.ac.jp/syllabusHtml/2026/221010/221010_272183-01_ja_JP.html"
"2730","前期","前期","金2","272184-01","クリエイティブライティングf","松田 樹","https://cssy.aasa.ac.jp/syllabusHtml/2026/221010/221010_272184-01_ja_JP.html"
"2731","前期","前期","月3","272191-01","身体表現法a","山田 珠実","https://cssy.aasa.ac.jp/syllabusHtml/2026/221010/221010_272191-01_ja_JP.html"
"2732","前期","前期","火2","272191-02","身体表現法a","山田 珠実","https://cssy.aasa.ac.jp/syllabusHtml/2026/221010/221010_272191-02_ja_JP.html"
"2733","後期","後期","水2","272192-01","身体表現法b","小熊 ヒデジ","https://cssy.aasa.ac.jp/syllabusHtml/2026/221010/221010_272192-01_ja_JP.html"
"2734","後期","後期","水3","272192-02","身体表現法b","小熊 ヒデジ","https://cssy.aasa.ac.jp/syllabusHtml/2026/221010/221010_272192-02_ja_JP.html"
"2735","後期","後期","金1","272193-01","絵本・イラスト","梅本 洋子","https://cssy.aasa.ac.jp/syllabusHtml/2026/221010/221010_272193-01_ja_JP.html"
"2736","後期","後期","金2","272193-02","絵本・イラスト","梅本 洋子","https://cssy.aasa.ac.jp/syllabusHtml/2026/221010/221010_272193-02_ja_JP.html"
"2737","前期","前期","水4","272194-01","エディターシップc(本づくり・DTP)","永尾 嘉章","https://cssy.aasa.ac.jp/syllabusHtml/2026/221010/221010_272194-01_ja_JP.html"
"2738","後期","後期","水4","272194-02","エディターシップc(本づくり・DTP)","永尾 嘉章","https://cssy.aasa.ac.jp/syllabusHtml/2026/221010/221010_272194-02_ja_JP.html"
"2739","後期","後期","他","272195-01","エンターテインメント文芸a","嵯峨 景子","https://cssy.aasa.ac.jp/syllabusHtml/2026/221010/221010_272195-01_ja_JP.html"
"2740","前期","前期","他","272196-01","エンターテインメント文芸b","芦辺 拓","https://cssy.aasa.ac.jp/syllabusHtml/2026/221010/221010_272196-01_ja_JP.html"
"2741","前期","前期","木4","272201-01","演習Ⅱa(1)","清水 良典","https://cssy.aasa.ac.jp/syllabusHtml/2026/221010/221010_272201-01_ja_JP.html"
"2742","前期","前期","火4","272202-01","演習Ⅱa(2)","柳井 貴士","https://cssy.aasa.ac.jp/syllabusHtml/2026/221010/221010_272202-01_ja_JP.html"
"2743","前期","前期","火3","272203-01","演習Ⅱa(3)","永井 聖剛","https://cssy.aasa.ac.jp/syllabusHtml/2026/221010/221010_272203-01_ja_JP.html"
"2744","前期","前期","木3","272204-01","演習Ⅱa(4)","酒井 晶代","https://cssy.aasa.ac.jp/syllabusHtml/2026/221010/221010_272204-01_ja_JP.html"
"2745","前期","前期","金4","272205-01","演習Ⅱa(5)","藤井 誠二","https://cssy.aasa.ac.jp/syllabusHtml/2026/221010/221010_272205-01_ja_JP.html"
"2746","前期","前期","金2","272206-01","演習Ⅱa(6)","劉 永昇","https://cssy.aasa.ac.jp/syllabusHtml/2026/221010/221010_272206-01_ja_JP.html"
"2747","前期","前期","木3","272207-01","演習Ⅱa(7)","松田 樹","https://cssy.aasa.ac.jp/syllabusHtml/2026/221010/221010_272207-01_ja_JP.html"
"2748","前期","前期","火4","272208-01","演習Ⅱa(8)","角田 達朗","https://cssy.aasa.ac.jp/syllabusHtml/2026/221010/221010_272208-01_ja_JP.html"
"2749","前期","前期","火3","272209-01","演習Ⅱa(9)","刈馬 カオス","https://cssy.aasa.ac.jp/syllabusHtml/2026/221010/221010_272209-01_ja_JP.html"
"2750","前期","前期","火4","272210-01","演習Ⅱa(10)","小倉 史","https://cssy.aasa.ac.jp/syllabusHtml/2026/221010/221010_272210-01_ja_JP.html"
"2751","前期","前期","水3","272211-01","演習Ⅱa(11)","吉田 朝香","https://cssy.aasa.ac.jp/syllabusHtml/2026/221010/221010_272211-01_ja_JP.html"
"2752","前期","前期","金4","272213-01","演習Ⅱa(13)","シミズ ヒトミ","https://cssy.aasa.ac.jp/syllabusHtml/2026/221010/221010_272213-01_ja_JP.html"
"2753","後期","後期","木4","272221-01","演習Ⅱb(1)","清水 良典","https://cssy.aasa.ac.jp/syllabusHtml/2026/221010/221010_272221-01_ja_JP.html"
"2754","後期","後期","火4","272222-01","演習Ⅱb(2)","柳井 貴士","https://cssy.aasa.ac.jp/syllabusHtml/2026/221010/221010_272222-01_ja_JP.html"
"2755","後期","後期","火3","272223-01","演習Ⅱb(3)","永井 聖剛","https://cssy.aasa.ac.jp/syllabusHtml/2026/221010/221010_272223-01_ja_JP.html"
"2756","後期","後期","木3","272224-01","演習Ⅱb(4)","酒井 晶代","https://cssy.aasa.ac.jp/syllabusHtml/2026/221010/221010_272224-01_ja_JP.html"
"2757","後期","後期","金3","272225-01","演習Ⅱb(5)","藤井 誠二","https://cssy.aasa.ac.jp/syllabusHtml/2026/221010/221010_272225-01_ja_JP.html"
"2758","後期","後期","金2","272226-01","演習Ⅱb(6)","劉 永昇","https://cssy.aasa.ac.jp/syllabusHtml/2026/221010/221010_272226-01_ja_JP.html"
"2759","後期","後期","木3","272227-01","演習Ⅱb(7)","松田 樹","https://cssy.aasa.ac.jp/syllabusHtml/2026/221010/221010_272227-01_ja_JP.html"
"2760","後期","後期","火4","272228-01","演習Ⅱb(8)","角田 達朗","https://cssy.aasa.ac.jp/syllabusHtml/2026/221010/221010_272228-01_ja_JP.html"
"2761","後期","後期","火3","272229-01","演習Ⅱb(9)","刈馬 カオス","https://cssy.aasa.ac.jp/syllabusHtml/2026/221010/221010_272229-01_ja_JP.html"
"2762","後期","後期","火4","272230-01","演習Ⅱb(10)","小倉 史","https://cssy.aasa.ac.jp/syllabusHtml/2026/221010/221010_272230-01_ja_JP.html"
"2763","後期","後期","水4","272231-01","演習Ⅱb(11)","吉田 朝香","https://cssy.aasa.ac.jp/syllabusHtml/2026/221010/221010_272231-01_ja_JP.html"
"2764","後期","後期","金4","272233-01","演習Ⅱb(13)","シミズ ヒトミ","https://cssy.aasa.ac.jp/syllabusHtml/2026/221010/221010_272233-01_ja_JP.html"
"2765","前期","前期","木3","272241-01","演習Ⅲa(1)","清水 良典","https://cssy.aasa.ac.jp/syllabusHtml/2026/221010/221010_272241-01_ja_JP.html"
"2766","前期","前期","火3","272242-01","演習Ⅲa(2)","柳井 貴士","https://cssy.aasa.ac.jp/syllabusHtml/2026/221010/221010_272242-01_ja_JP.html"
"2767","前期","前期","火4","272243-01","演習Ⅲa(3)","永井 聖剛","https://cssy.aasa.ac.jp/syllabusHtml/2026/221010/221010_272243-01_ja_JP.html"
"2768","前期","前期","木4","272244-01","演習Ⅲa(4)","酒井 晶代","https://cssy.aasa.ac.jp/syllabusHtml/2026/221010/221010_272244-01_ja_JP.html"
"2769","前期","前期","金5","272245-01","演習Ⅲa(5)","藤井 誠二","https://cssy.aasa.ac.jp/syllabusHtml/2026/221010/221010_272245-01_ja_JP.html"
"2770","前期","前期","金1","272246-01","演習Ⅲa(6)","劉 永昇","https://cssy.aasa.ac.jp/syllabusHtml/2026/221010/221010_272246-01_ja_JP.html"
"2771","前期","前期","金3","272247-01","演習Ⅲa(7)","松田 樹","https://cssy.aasa.ac.jp/syllabusHtml/2026/221010/221010_272247-01_ja_JP.html"
"2772","前期","前期","火4","272249-01","演習Ⅲa(9)","刈馬 カオス","https://cssy.aasa.ac.jp/syllabusHtml/2026/221010/221010_272249-01_ja_JP.html"
"2773","前期","前期","火3","272250-01","演習Ⅲa(10)","小倉 史","https://cssy.aasa.ac.jp/syllabusHtml/2026/221010/221010_272250-01_ja_JP.html"
"2774","前期","前期","水4","272251-01","演習Ⅲa(11)","吉田 朝香","https://cssy.aasa.ac.jp/syllabusHtml/2026/221010/221010_272251-01_ja_JP.html"
"2775","前期","前期","金5","272253-01","演習Ⅲa(13)","シミズ ヒトミ","https://cssy.aasa.ac.jp/syllabusHtml/2026/221010/221010_272253-01_ja_JP.html"
"2776","後期","後期","木3","272261-01","演習Ⅲb(1)","清水 良典","https://cssy.aasa.ac.jp/syllabusHtml/2026/221010/221010_272261-01_ja_JP.html"
"2777","後期","後期","火3","272262-01","演習Ⅲb(2)","柳井 貴士","https://cssy.aasa.ac.jp/syllabusHtml/2026/221010/221010_272262-01_ja_JP.html"
"2778","後期","後期","火4","272263-01","演習Ⅲb(3)","永井 聖剛","https://cssy.aasa.ac.jp/syllabusHtml/2026/221010/221010_272263-01_ja_JP.html"
"2779","後期","後期","木4","272264-01","演習Ⅲb(4)","酒井 晶代","https://cssy.aasa.ac.jp/syllabusHtml/2026/221010/221010_272264-01_ja_JP.html"
"2780","後期","後期","金4","272265-01","演習Ⅲb(5)","藤井 誠二","https://cssy.aasa.ac.jp/syllabusHtml/2026/221010/221010_272265-01_ja_JP.html"
"2781","後期","後期","金1","272266-01","演習Ⅲb(6)","劉 永昇","https://cssy.aasa.ac.jp/syllabusHtml/2026/221010/221010_272266-01_ja_JP.html"
"2782","後期","後期","金3","272267-01","演習Ⅲb(7)","松田 樹","https://cssy.aasa.ac.jp/syllabusHtml/2026/221010/221010_272267-01_ja_JP.html"
"2783","後期","後期","月5","272268-01","演習Ⅲb(8)","角田 達朗","https://cssy.aasa.ac.jp/syllabusHtml/2026/221010/221010_272268-01_ja_JP.html"
"2784","後期","後期","火4","272269-01","演習Ⅲb(9)","刈馬 カオス","https://cssy.aasa.ac.jp/syllabusHtml/2026/221010/221010_272269-01_ja_JP.html"
"2785","後期","後期","火3","272270-01","演習Ⅲb(10)","小倉 史","https://cssy.aasa.ac.jp/syllabusHtml/2026/221010/221010_272270-01_ja_JP.html"
"2786","後期","後期","水5","272271-01","演習Ⅲb(11)","吉田 朝香","https://cssy.aasa.ac.jp/syllabusHtml/2026/221010/221010_272271-01_ja_JP.html"
"2787","後期","後期","金5","272273-01","演習Ⅲb(13)","シミズ ヒトミ","https://cssy.aasa.ac.jp/syllabusHtml/2026/221010/221010_272273-01_ja_JP.html"
"2788","後期","後期","木1","272274-01","映像表現論","小倉 史","https://cssy.aasa.ac.jp/syllabusHtml/2026/221010/221010_272274-01_ja_JP.html"
"2789","前期","前期","水1","273140-01","演習Ⅰa","村山 季里子","https://cssy.aasa.ac.jp/syllabusHtml/2026/221020/221020_273140-01_ja_JP.html"
"2790","前期","前期","火3","273140-02","演習Ⅰa","阿部 卓也","https://cssy.aasa.ac.jp/syllabusHtml/2026/221020/221020_273140-02_ja_JP.html"
"2791","前期","前期","火3","273140-03","演習Ⅰa","藤田 良治","https://cssy.aasa.ac.jp/syllabusHtml/2026/221020/221020_273140-03_ja_JP.html"
"2792","前期","前期","火3","273140-04","演習Ⅰa","政倉 祐子","https://cssy.aasa.ac.jp/syllabusHtml/2026/221020/221020_273140-04_ja_JP.html"
"2793","前期","前期","火3","273140-05","演習Ⅰa","宮田 雅子","https://cssy.aasa.ac.jp/syllabusHtml/2026/221020/221020_273140-05_ja_JP.html"
"2794","前期","前期","火4","273140-06","演習Ⅰa","坂倉 守","https://cssy.aasa.ac.jp/syllabusHtml/2026/221020/221020_273140-06_ja_JP.html"
"2795","前期","前期","火4","273140-07","演習Ⅰa","村上 泰介","https://cssy.aasa.ac.jp/syllabusHtml/2026/221020/221020_273140-07_ja_JP.html"
"2796","前期","前期","水3","273140-08","演習Ⅰa","石丸 みどり","https://cssy.aasa.ac.jp/syllabusHtml/2026/221020/221020_273140-08_ja_JP.html"
"2797","前期","前期","水3","273140-09","演習Ⅰa","高橋 洋","https://cssy.aasa.ac.jp/syllabusHtml/2026/221020/221020_273140-09_ja_JP.html"
"2798","前期","前期","木1","273140-10","演習Ⅰa","山田 亘","https://cssy.aasa.ac.jp/syllabusHtml/2026/221020/221020_273140-10_ja_JP.html"
"2799","前期","前期","木4","273140-12","演習Ⅰa","板倉 享平","https://cssy.aasa.ac.jp/syllabusHtml/2026/221020/221020_273140-12_ja_JP.html"
"2800","後期","後期","月2","273141-01","演習Ⅰb","荒川 徹","https://cssy.aasa.ac.jp/syllabusHtml/2026/221020/221020_273141-01_ja_JP.html"
"2801","後期","後期","火3","273141-02","演習Ⅰb","阿部 卓也","https://cssy.aasa.ac.jp/syllabusHtml/2026/221020/221020_273141-02_ja_JP.html"
"2802","後期","後期","火3","273141-03","演習Ⅰb","藤田 良治","https://cssy.aasa.ac.jp/syllabusHtml/2026/221020/221020_273141-03_ja_JP.html"
"2803","後期","後期","火3","273141-04","演習Ⅰb","政倉 祐子","https://cssy.aasa.ac.jp/syllabusHtml/2026/221020/221020_273141-04_ja_JP.html"
"2804","後期","後期","火3","273141-05","演習Ⅰb","宮田 雅子","https://cssy.aasa.ac.jp/syllabusHtml/2026/221020/221020_273141-05_ja_JP.html"
"2805","後期","後期","火4","273141-06","演習Ⅰb","坂倉 守","https://cssy.aasa.ac.jp/syllabusHtml/2026/221020/221020_273141-06_ja_JP.html"
"2806","後期","後期","火4","273141-07","演習Ⅰb","村上 泰介","https://cssy.aasa.ac.jp/syllabusHtml/2026/221020/221020_273141-07_ja_JP.html"
"2807","後期","後期","水3","273141-08","演習Ⅰb","石丸 みどり","https://cssy.aasa.ac.jp/syllabusHtml/2026/221020/221020_273141-08_ja_JP.html"
"2808","後期","後期","水3","273141-09","演習Ⅰb","高橋 洋","https://cssy.aasa.ac.jp/syllabusHtml/2026/221020/221020_273141-09_ja_JP.html"
"2809","後期","後期","木1","273141-10","演習Ⅰb","山田 亘","https://cssy.aasa.ac.jp/syllabusHtml/2026/221020/221020_273141-10_ja_JP.html"
"2810","後期","後期","木4","273141-12","演習Ⅰb","板倉 享平","https://cssy.aasa.ac.jp/syllabusHtml/2026/221020/221020_273141-12_ja_JP.html"
"2811","前期","前期","水2","273142-01","演習Ⅱa","村山 季里子","https://cssy.aasa.ac.jp/syllabusHtml/2026/221020/221020_273142-01_ja_JP.html"
"2812","前期","前期","火4","273142-02","演習Ⅱa","阿部 卓也","https://cssy.aasa.ac.jp/syllabusHtml/2026/221020/221020_273142-02_ja_JP.html"
"2813","前期","前期","火4","273142-03","演習Ⅱa","政倉 祐子","https://cssy.aasa.ac.jp/syllabusHtml/2026/221020/221020_273142-03_ja_JP.html"
"2814","前期","前期","火5","273142-04","演習Ⅱa","村上 泰介","https://cssy.aasa.ac.jp/syllabusHtml/2026/221020/221020_273142-04_ja_JP.html"
"2815","前期","前期","水4","273142-05","演習Ⅱa","高橋 洋","https://cssy.aasa.ac.jp/syllabusHtml/2026/221020/221020_273142-05_ja_JP.html"
"2816","前期","前期","水5","273142-06","演習Ⅱa","石丸 みどり","https://cssy.aasa.ac.jp/syllabusHtml/2026/221020/221020_273142-06_ja_JP.html"
"2817","前期","前期","木4","273142-07","演習Ⅱa","藤田 良治","https://cssy.aasa.ac.jp/syllabusHtml/2026/221020/221020_273142-07_ja_JP.html"
"2818","前期","前期","木2","273142-08","演習Ⅱa","坂倉 守","https://cssy.aasa.ac.jp/syllabusHtml/2026/221020/221020_273142-08_ja_JP.html"
"2819","前期","前期","金3","273142-09","演習Ⅱa","宮田 雅子","https://cssy.aasa.ac.jp/syllabusHtml/2026/221020/221020_273142-09_ja_JP.html"
"2820","前期","前期","金5","273142-10","演習Ⅱa","松井 広志","https://cssy.aasa.ac.jp/syllabusHtml/2026/221020/221020_273142-10_ja_JP.html"
"2821","前期","前期","水3","273142-11","演習Ⅱa","山田 亘","https://cssy.aasa.ac.jp/syllabusHtml/2026/221020/221020_273142-11_ja_JP.html"
"2822","後期","後期","火4","273143-01","演習Ⅱb","阿部 卓也","https://cssy.aasa.ac.jp/syllabusHtml/2026/221020/221020_273143-01_ja_JP.html"
"2823","後期","後期","火4","273143-02","演習Ⅱb","政倉 祐子","https://cssy.aasa.ac.jp/syllabusHtml/2026/221020/221020_273143-02_ja_JP.html"
"2824","後期","後期","火5","273143-03","演習Ⅱb","村上 泰介","https://cssy.aasa.ac.jp/syllabusHtml/2026/221020/221020_273143-03_ja_JP.html"
"2825","後期","後期","水4","273143-04","演習Ⅱb","石丸 みどり","https://cssy.aasa.ac.jp/syllabusHtml/2026/221020/221020_273143-04_ja_JP.html"
"2826","後期","後期","水4","273143-05","演習Ⅱb","高橋 洋","https://cssy.aasa.ac.jp/syllabusHtml/2026/221020/221020_273143-05_ja_JP.html"
"2827","後期","後期","木2","273143-06","演習Ⅱb","坂倉 守","https://cssy.aasa.ac.jp/syllabusHtml/2026/221020/221020_273143-06_ja_JP.html"
"2828","後期","後期","木4","273143-07","演習Ⅱb","藤田 良治","https://cssy.aasa.ac.jp/syllabusHtml/2026/221020/221020_273143-07_ja_JP.html"
"2829","後期","後期","金1","273143-08","演習Ⅱb","荒川 徹","https://cssy.aasa.ac.jp/syllabusHtml/2026/221020/221020_273143-08_ja_JP.html"
"2830","後期","後期","金3","273143-09","演習Ⅱb","宮田 雅子","https://cssy.aasa.ac.jp/syllabusHtml/2026/221020/221020_273143-09_ja_JP.html"
"2831","後期","後期","金5","273143-10","演習Ⅱb","松井 広志","https://cssy.aasa.ac.jp/syllabusHtml/2026/221020/221020_273143-10_ja_JP.html"
"2832","後期","後期","水4","273143-11","演習Ⅱb","山田 亘","https://cssy.aasa.ac.jp/syllabusHtml/2026/221020/221020_273143-11_ja_JP.html"
"2833","前期","通年","他","273144-01","卒業プロジェクト","村上 泰介","https://cssy.aasa.ac.jp/syllabusHtml/2026/221020/221020_273144-01_ja_JP.html"
"2834","前期","前期","金3","273151-01","研究法概説","村上 泰介 坂倉 守 高橋 洋 宮田 雅子 政倉 祐子 石丸 みどり 阿部 卓也 藤田 良治 山田 亘 板倉 享平","https://cssy.aasa.ac.jp/syllabusHtml/2026/221020/221020_273151-01_ja_JP.html"
"2835","前期","前期","水3","273153-01","グラフィックデザイン技術","太田 晶","https://cssy.aasa.ac.jp/syllabusHtml/2026/221020/221020_273153-01_ja_JP.html"
"2836","前期","前期","水5","273153-02","グラフィックデザイン技術","太田 晶","https://cssy.aasa.ac.jp/syllabusHtml/2026/221020/221020_273153-02_ja_JP.html"
"2837","後期","後期","水3","273153-03","グラフィックデザイン技術","太田 晶","https://cssy.aasa.ac.jp/syllabusHtml/2026/221020/221020_273153-03_ja_JP.html"
"2838","後期","後期","水5","273153-04","グラフィックデザイン技術","太田 晶","https://cssy.aasa.ac.jp/syllabusHtml/2026/221020/221020_273153-04_ja_JP.html"
"2839","前期","前期","水4","273154-01","ウェブデザインⅡ","太田 晶","https://cssy.aasa.ac.jp/syllabusHtml/2026/221020/221020_273154-01_ja_JP.html"
"2840","後期","後期","水4","273154-02","ウェブデザインⅡ","太田 晶","https://cssy.aasa.ac.jp/syllabusHtml/2026/221020/221020_273154-02_ja_JP.html"
"2841","前期","前期","金2","273155-01","アカデミックスキルズ","村上 泰介 坂倉 守 高橋 洋 宮田 雅子 政倉 祐子 石丸 みどり 阿部 卓也 藤田 良治 森田 明日香 板倉 享平","https://cssy.aasa.ac.jp/syllabusHtml/2026/221020/221020_273155-01_ja_JP.html"
"2842","前期","前期","火3","273156-01","造形基礎","坂倉 守","https://cssy.aasa.ac.jp/syllabusHtml/2026/221020/221020_273156-01_ja_JP.html"
"2843","前期","前期","水1","273156-02","造形基礎","村上 泰介","https://cssy.aasa.ac.jp/syllabusHtml/2026/221020/221020_273156-02_ja_JP.html"
"2844","前期","前期","木2","273156-03","造形基礎","阿部 卓也","https://cssy.aasa.ac.jp/syllabusHtml/2026/221020/221020_273156-03_ja_JP.html"
"2845","前期","前期","金4","273156-04","造形基礎","宮田 雅子","https://cssy.aasa.ac.jp/syllabusHtml/2026/221020/221020_273156-04_ja_JP.html"
"2846","後期","後期","火3","273156-05","造形基礎","坂倉 守","https://cssy.aasa.ac.jp/syllabusHtml/2026/221020/221020_273156-05_ja_JP.html"
"2847","後期","後期","水1","273156-06","造形基礎","村上 泰介","https://cssy.aasa.ac.jp/syllabusHtml/2026/221020/221020_273156-06_ja_JP.html"
"2848","後期","後期","木3","273156-07","造形基礎","阿部 卓也","https://cssy.aasa.ac.jp/syllabusHtml/2026/221020/221020_273156-07_ja_JP.html"
"2849","後期","後期","金4","273156-08","造形基礎","宮田 雅子","https://cssy.aasa.ac.jp/syllabusHtml/2026/221020/221020_273156-08_ja_JP.html"
"2850","前期","前期","月5","273157-01","文献講読","政倉 祐子","https://cssy.aasa.ac.jp/syllabusHtml/2026/221020/221020_273157-01_ja_JP.html"
"2851","前期","前期","水1","273157-02","文献講読","藤田 良治","https://cssy.aasa.ac.jp/syllabusHtml/2026/221020/221020_273157-02_ja_JP.html"
"2852","前期","前期","水3","273157-03","文献講読","貝沼 明華","https://cssy.aasa.ac.jp/syllabusHtml/2026/221020/221020_273157-03_ja_JP.html"
"2853","前期","前期","火4","273157-04","文献講読","板倉 享平","https://cssy.aasa.ac.jp/syllabusHtml/2026/221020/221020_273157-04_ja_JP.html"
"2854","後期","後期","月5","273157-05","文献講読","政倉 祐子","https://cssy.aasa.ac.jp/syllabusHtml/2026/221020/221020_273157-05_ja_JP.html"
"2855","後期","後期","水1","273157-06","文献講読","藤田 良治","https://cssy.aasa.ac.jp/syllabusHtml/2026/221020/221020_273157-06_ja_JP.html"
"2856","後期","後期","水3","273157-07","文献講読","貝沼 明華","https://cssy.aasa.ac.jp/syllabusHtml/2026/221020/221020_273157-07_ja_JP.html"
"2857","後期","後期","火4","273157-08","文献講読","板倉 享平","https://cssy.aasa.ac.jp/syllabusHtml/2026/221020/221020_273157-08_ja_JP.html"
"2858","後期","後期","金4","273158-02","映像論","水川 敬章","https://cssy.aasa.ac.jp/syllabusHtml/2026/221020/221020_273158-02_ja_JP.html"
"2859","前期","前期","月1","273159-01","映像制作基礎","森田 明日香 村山 季里子","https://cssy.aasa.ac.jp/syllabusHtml/2026/221020/221020_273159-01_ja_JP.html"
"2860","前期","前期","月2","273159-02","映像制作基礎","森田 明日香 村山 季里子","https://cssy.aasa.ac.jp/syllabusHtml/2026/221020/221020_273159-02_ja_JP.html"
"2861","前期","前期","月3","273159-03","映像制作基礎","村山 季里子","https://cssy.aasa.ac.jp/syllabusHtml/2026/221020/221020_273159-03_ja_JP.html"
"2862","前期","前期","月5","273159-04","映像制作基礎","森田 明日香","https://cssy.aasa.ac.jp/syllabusHtml/2026/221020/221020_273159-04_ja_JP.html"
"2863","後期","後期","月1","273159-05","映像制作基礎","森田 明日香 村山 季里子","https://cssy.aasa.ac.jp/syllabusHtml/2026/221020/221020_273159-05_ja_JP.html"
"2864","後期","後期","月2","273159-06","映像制作基礎","森田 明日香 村山 季里子","https://cssy.aasa.ac.jp/syllabusHtml/2026/221020/221020_273159-06_ja_JP.html"
"2865","後期","後期","月3","273159-07","映像制作基礎","村山 季里子","https://cssy.aasa.ac.jp/syllabusHtml/2026/221020/221020_273159-07_ja_JP.html"
"2866","後期","後期","月5","273159-08","映像制作基礎","森田 明日香","https://cssy.aasa.ac.jp/syllabusHtml/2026/221020/221020_273159-08_ja_JP.html"
"2867","前期","前期","水1","273160-01","コミュニケーションデザイン論","宮田 雅子","https://cssy.aasa.ac.jp/syllabusHtml/2026/221020/221020_273160-01_ja_JP.html"
"2868","後期","後期","水2","273161-01","デザイン史","阿部 卓也","https://cssy.aasa.ac.jp/syllabusHtml/2026/221020/221020_273161-01_ja_JP.html"
"2869","前期","前期","水5","273162-01","シナリオ","高橋 洋","https://cssy.aasa.ac.jp/syllabusHtml/2026/221020/221020_273162-01_ja_JP.html"
"2870","後期","後期","水5","273162-02","シナリオ","高橋 洋","https://cssy.aasa.ac.jp/syllabusHtml/2026/221020/221020_273162-02_ja_JP.html"
"2871","前期","前期","木2","273163-01","アナウンス・ナレーション","村瀬 寛美","https://cssy.aasa.ac.jp/syllabusHtml/2026/221020/221020_273163-01_ja_JP.html"
"2872","前期","前期","木3","273163-02","アナウンス・ナレーション","村瀬 寛美","https://cssy.aasa.ac.jp/syllabusHtml/2026/221020/221020_273163-02_ja_JP.html"
"2873","後期","後期","木2","273163-03","アナウンス・ナレーション","村瀬 寛美","https://cssy.aasa.ac.jp/syllabusHtml/2026/221020/221020_273163-03_ja_JP.html"
"2874","後期","後期","木3","273163-04","アナウンス・ナレーション","村瀬 寛美","https://cssy.aasa.ac.jp/syllabusHtml/2026/221020/221020_273163-04_ja_JP.html"
"2875","前期","前期","月3","273164-01","写真技術","小寺 諒","https://cssy.aasa.ac.jp/syllabusHtml/2026/221020/221020_273164-01_ja_JP.html"
"2876","前期","前期","火2","273164-02","写真技術","坂倉 守","https://cssy.aasa.ac.jp/syllabusHtml/2026/221020/221020_273164-02_ja_JP.html"
"2877","前期","前期","水4","273164-03","写真技術","山田 亘","https://cssy.aasa.ac.jp/syllabusHtml/2026/221020/221020_273164-03_ja_JP.html"
"2878","前期","前期","木4","273164-04","写真技術","坂倉 守","https://cssy.aasa.ac.jp/syllabusHtml/2026/221020/221020_273164-04_ja_JP.html"
"2879","後期","後期","月3","273164-05","写真技術","小寺 諒","https://cssy.aasa.ac.jp/syllabusHtml/2026/221020/221020_273164-05_ja_JP.html"
"2880","後期","後期","月3","273164-06","写真技術","山田 亘","https://cssy.aasa.ac.jp/syllabusHtml/2026/221020/221020_273164-06_ja_JP.html"
"2881","後期","後期","火2","273164-07","写真技術","坂倉 守","https://cssy.aasa.ac.jp/syllabusHtml/2026/221020/221020_273164-07_ja_JP.html"
"2882","後期","後期","木4","273164-08","写真技術","坂倉 守","https://cssy.aasa.ac.jp/syllabusHtml/2026/221020/221020_273164-08_ja_JP.html"
"2883","前期","前期","水4","273165-01","デジタルコンテンツ基礎","石丸 みどり","https://cssy.aasa.ac.jp/syllabusHtml/2026/221020/221020_273165-01_ja_JP.html"
"2884","前期","前期","木2","273165-02","デジタルコンテンツ基礎","石丸 みどり","https://cssy.aasa.ac.jp/syllabusHtml/2026/221020/221020_273165-02_ja_JP.html"
"2885","前期","前期","木5","273165-03","デジタルコンテンツ基礎","石丸 みどり","https://cssy.aasa.ac.jp/syllabusHtml/2026/221020/221020_273165-03_ja_JP.html"
"2886","後期","後期","火1","273165-04","デジタルコンテンツ基礎","中村 重哉","https://cssy.aasa.ac.jp/syllabusHtml/2026/221020/221020_273165-04_ja_JP.html"
"2887","後期","後期","火2","273165-05","デジタルコンテンツ基礎","中村 重哉","https://cssy.aasa.ac.jp/syllabusHtml/2026/221020/221020_273165-05_ja_JP.html"
"2888","後期","後期","水2","273165-06","デジタルコンテンツ基礎","石丸 みどり","https://cssy.aasa.ac.jp/syllabusHtml/2026/221020/221020_273165-06_ja_JP.html"
"2889","後期","後期","木1","273165-07","デジタルコンテンツ基礎","石丸 みどり","https://cssy.aasa.ac.jp/syllabusHtml/2026/221020/221020_273165-07_ja_JP.html"
"2890","後期","後期","木2","273165-08","デジタルコンテンツ基礎","石丸 みどり","https://cssy.aasa.ac.jp/syllabusHtml/2026/221020/221020_273165-08_ja_JP.html"
"2891","前期","前期","火3","273166-01","ラジオ","伊藤 秀志","https://cssy.aasa.ac.jp/syllabusHtml/2026/221020/221020_273166-01_ja_JP.html"
"2892","前期","前期","火4","273166-02","ラジオ","伊藤 秀志","https://cssy.aasa.ac.jp/syllabusHtml/2026/221020/221020_273166-02_ja_JP.html"
"2893","後期","後期","火3","273166-03","ラジオ","伊藤 秀志","https://cssy.aasa.ac.jp/syllabusHtml/2026/221020/221020_273166-03_ja_JP.html"
"2894","後期","後期","火4","273166-04","ラジオ","伊藤 秀志","https://cssy.aasa.ac.jp/syllabusHtml/2026/221020/221020_273166-04_ja_JP.html"
"2895","後期","後期","火2","273167-01","オーディエンス論","貝沼 明華","https://cssy.aasa.ac.jp/syllabusHtml/2026/221020/221020_273167-01_ja_JP.html"
"2896","前期","前期","水1","273168-01","メディア論","板倉 享平","https://cssy.aasa.ac.jp/syllabusHtml/2026/221020/221020_273168-01_ja_JP.html"
"2897","後期","後期","木1","273168-02","メディア論","板倉 享平","https://cssy.aasa.ac.jp/syllabusHtml/2026/221020/221020_273168-02_ja_JP.html"
"2898","前期","前期","木2","273169-01","メディアデータ分析","政倉 祐子","https://cssy.aasa.ac.jp/syllabusHtml/2026/221020/221020_273169-01_ja_JP.html"
"2899","後期","後期","木2","273169-02","メディアデータ分析","政倉 祐子","https://cssy.aasa.ac.jp/syllabusHtml/2026/221020/221020_273169-02_ja_JP.html"
"2900","前期","前期","他","273170-01","ビジネスモデル論","舟津 昌平","https://cssy.aasa.ac.jp/syllabusHtml/2026/221020/221020_273170-01_ja_JP.html"
"2901","前期","前期","木4","273171-01","映画評論a","坪井 篤史","https://cssy.aasa.ac.jp/syllabusHtml/2026/221020/221020_273171-01_ja_JP.html"
"2902","後期","後期","木4","273171-02","映画評論a","坪井 篤史","https://cssy.aasa.ac.jp/syllabusHtml/2026/221020/221020_273171-02_ja_JP.html"
"2903","後期","後期","月1","273172-01","映画評論b","荒川 徹","https://cssy.aasa.ac.jp/syllabusHtml/2026/221020/221020_273172-01_ja_JP.html"
"2904","前期","前期","木3","273175-01","スタジオ番組","竹下 喜六","https://cssy.aasa.ac.jp/syllabusHtml/2026/221020/221020_273175-01_ja_JP.html"
"2905","前期","前期","木4","273175-02","スタジオ番組","竹下 喜六","https://cssy.aasa.ac.jp/syllabusHtml/2026/221020/221020_273175-02_ja_JP.html"
"2906","後期","後期","木3","273175-03","スタジオ番組","竹下 喜六","https://cssy.aasa.ac.jp/syllabusHtml/2026/221020/221020_273175-03_ja_JP.html"
"2907","後期","後期","木4","273175-04","スタジオ番組","竹下 喜六","https://cssy.aasa.ac.jp/syllabusHtml/2026/221020/221020_273175-04_ja_JP.html"
"2908","後期","後期","水2","273176-01","現代デザイン論","宮田 雅子","https://cssy.aasa.ac.jp/syllabusHtml/2026/221020/221020_273176-01_ja_JP.html"
"2909","前期","前期","月4","273177-01","プリントメディアⅠ","村山 季里子","https://cssy.aasa.ac.jp/syllabusHtml/2026/221020/221020_273177-01_ja_JP.html"
"2910","前期","前期","月5","273177-02","プリントメディアⅠ","阿部 卓也","https://cssy.aasa.ac.jp/syllabusHtml/2026/221020/221020_273177-02_ja_JP.html"
"2911","後期","後期","月4","273177-03","プリントメディアⅠ","村山 季里子","https://cssy.aasa.ac.jp/syllabusHtml/2026/221020/221020_273177-03_ja_JP.html"
"2912","後期","後期","月5","273177-04","プリントメディアⅠ","阿部 卓也","https://cssy.aasa.ac.jp/syllabusHtml/2026/221020/221020_273177-04_ja_JP.html"
"2913","前期","前期","水2","273178-01","プリントメディアⅡ","宮田 雅子","https://cssy.aasa.ac.jp/syllabusHtml/2026/221020/221020_273178-01_ja_JP.html"
"2914","後期","後期","水1","273178-02","プリントメディアⅡ","宮田 雅子","https://cssy.aasa.ac.jp/syllabusHtml/2026/221020/221020_273178-02_ja_JP.html"
"2915","前期","前期","月4","273179-01","モーション・グラフィックス","阿部 卓也","https://cssy.aasa.ac.jp/syllabusHtml/2026/221020/221020_273179-01_ja_JP.html"
"2916","後期","後期","月4","273179-02","モーション・グラフィックス","阿部 卓也","https://cssy.aasa.ac.jp/syllabusHtml/2026/221020/221020_273179-02_ja_JP.html"
"2917","前期","前期","水2","273180-01","ヴィジュアルメディア","阿部 卓也","https://cssy.aasa.ac.jp/syllabusHtml/2026/221020/221020_273180-01_ja_JP.html"
"2918","後期","後期","金2","273181-01","現代アート論","加藤 万也","https://cssy.aasa.ac.jp/syllabusHtml/2026/221020/221020_273181-01_ja_JP.html"
"2919","前期","前期","水3","273182-01","メディアアート論","村上 泰介","https://cssy.aasa.ac.jp/syllabusHtml/2026/221020/221020_273182-01_ja_JP.html"
"2920","前期","前期","月2","273183-01","ウェブデザインⅠ","小寺 諒","https://cssy.aasa.ac.jp/syllabusHtml/2026/221020/221020_273183-01_ja_JP.html"
"2921","前期","前期","月3","273183-02","ウェブデザインⅠ","政倉 祐子","https://cssy.aasa.ac.jp/syllabusHtml/2026/221020/221020_273183-02_ja_JP.html"
"2922","後期","後期","月2","273183-03","ウェブデザインⅠ","小寺 諒","https://cssy.aasa.ac.jp/syllabusHtml/2026/221020/221020_273183-03_ja_JP.html"
"2923","後期","後期","月3","273183-04","ウェブデザインⅠ","政倉 祐子","https://cssy.aasa.ac.jp/syllabusHtml/2026/221020/221020_273183-04_ja_JP.html"
"2924","前期","前期","金3","273184-01","コマーシャル","清水 健","https://cssy.aasa.ac.jp/syllabusHtml/2026/221020/221020_273184-01_ja_JP.html"
"2925","前期","前期","金4","273184-02","コマーシャル","清水 健","https://cssy.aasa.ac.jp/syllabusHtml/2026/221020/221020_273184-02_ja_JP.html"
"2926","後期","後期","金3","273184-03","コマーシャル","清水 健","https://cssy.aasa.ac.jp/syllabusHtml/2026/221020/221020_273184-03_ja_JP.html"
"2927","後期","後期","金4","273184-04","コマーシャル","清水 健","https://cssy.aasa.ac.jp/syllabusHtml/2026/221020/221020_273184-04_ja_JP.html"
"2928","前期","前期","他","273185-01","サウンド技術","大久保 雅基","https://cssy.aasa.ac.jp/syllabusHtml/2026/221020/221020_273185-01_ja_JP.html"
"2929","後期","後期","他","273185-02","サウンド技術","大久保 雅基","https://cssy.aasa.ac.jp/syllabusHtml/2026/221020/221020_273185-02_ja_JP.html"
"2930","前期","前期","火3","273186-01","プログラミングⅠ","村上 泰介","https://cssy.aasa.ac.jp/syllabusHtml/2026/221020/221020_273186-01_ja_JP.html"
"2931","後期","後期","火3","273186-02","プログラミングⅠ","村上 泰介","https://cssy.aasa.ac.jp/syllabusHtml/2026/221020/221020_273186-02_ja_JP.html"
"2932","前期","前期","他","273187-01","プログラミングⅡ","伏田 昌弘","https://cssy.aasa.ac.jp/syllabusHtml/2026/221020/221020_273187-01_ja_JP.html"
"2933","後期","後期","他","273187-02","プログラミングⅡ","伏田 昌弘","https://cssy.aasa.ac.jp/syllabusHtml/2026/221020/221020_273187-02_ja_JP.html"
"2934","後期","後期","水1","273188-01","インターネット社会論","板倉 享平","https://cssy.aasa.ac.jp/syllabusHtml/2026/221020/221020_273188-01_ja_JP.html"
"2935","前期","前期","木1","273189-01","ポップカルチャー","板倉 享平","https://cssy.aasa.ac.jp/syllabusHtml/2026/221020/221020_273189-01_ja_JP.html"
"2936","後期","後期","月4","273192-01","メディアと心理学","政倉 祐子","https://cssy.aasa.ac.jp/syllabusHtml/2026/221020/221020_273192-01_ja_JP.html"
"2937","前期","前期","火5","273193-01","広告コミュニケーション論","吉田 光弥","https://cssy.aasa.ac.jp/syllabusHtml/2026/221020/221020_273193-01_ja_JP.html"
"2938","後期","後期","火5","273193-02","広告コミュニケーション論","吉田 光弥","https://cssy.aasa.ac.jp/syllabusHtml/2026/221020/221020_273193-02_ja_JP.html"
"2939","前期","前期","月2","273194-01","イベントプロモーション","山本 雄平","https://cssy.aasa.ac.jp/syllabusHtml/2026/221020/221020_273194-01_ja_JP.html"
"2940","後期","後期","月2","273194-02","イベントプロモーション","山本 雄平","https://cssy.aasa.ac.jp/syllabusHtml/2026/221020/221020_273194-02_ja_JP.html"
"2941","前期","前期","月4","273195-01","メディアプロジェクト","山田 亘","https://cssy.aasa.ac.jp/syllabusHtml/2026/221020/221020_273195-01_ja_JP.html"
"2942","後期","後期","月4","273195-02","メディアプロジェクト","山田 亘","https://cssy.aasa.ac.jp/syllabusHtml/2026/221020/221020_273195-02_ja_JP.html"
"2943","前期","前期","木3","273197-01","テレビドラマ","石丸 みどり","https://cssy.aasa.ac.jp/syllabusHtml/2026/221020/221020_273197-01_ja_JP.html"
"2944","前期","前期","木4","273197-02","テレビドラマ","石丸 みどり","https://cssy.aasa.ac.jp/syllabusHtml/2026/221020/221020_273197-02_ja_JP.html"
"2945","後期","後期","木3","273197-03","テレビドラマ","石丸 みどり","https://cssy.aasa.ac.jp/syllabusHtml/2026/221020/221020_273197-03_ja_JP.html"
"2946","後期","後期","木4","273197-04","テレビドラマ","石丸 みどり","https://cssy.aasa.ac.jp/syllabusHtml/2026/221020/221020_273197-04_ja_JP.html"
"2947","前期","前期","木2","273198-01","ドキュメンタリー","桐山 友之","https://cssy.aasa.ac.jp/syllabusHtml/2026/221020/221020_273198-01_ja_JP.html"
"2948","後期","後期","木2","273198-02","ドキュメンタリー","桐山 友之","https://cssy.aasa.ac.jp/syllabusHtml/2026/221020/221020_273198-02_ja_JP.html"
"2949","前期","前期","月4","273199-01","メディアコンテンツ分析","政倉 祐子","https://cssy.aasa.ac.jp/syllabusHtml/2026/221020/221020_273199-01_ja_JP.html"
"2950","前期","前期","火5","273201-01","スタジオ基礎","森田 明日香","https://cssy.aasa.ac.jp/syllabusHtml/2026/221020/221020_273201-01_ja_JP.html"
"2951","後期","後期","火5","273201-02","スタジオ基礎","森田 明日香","https://cssy.aasa.ac.jp/syllabusHtml/2026/221020/221020_273201-02_ja_JP.html"
"2952","前期","前期","水3","273202-01","撮影技術","藤田 良治","https://cssy.aasa.ac.jp/syllabusHtml/2026/221020/221020_273202-01_ja_JP.html"
"2953","後期","後期","水3","273202-02","撮影技術","藤田 良治","https://cssy.aasa.ac.jp/syllabusHtml/2026/221020/221020_273202-02_ja_JP.html"
"2954","前期","前期","火4","273203-01","映像制作","藤田 良治","https://cssy.aasa.ac.jp/syllabusHtml/2026/221020/221020_273203-01_ja_JP.html"
"2955","後期","後期","火4","273203-02","映像制作","藤田 良治","https://cssy.aasa.ac.jp/syllabusHtml/2026/221020/221020_273203-02_ja_JP.html"
"2956","後期","後期","水1","273204-02","映像表現a","荒川 徹","https://cssy.aasa.ac.jp/syllabusHtml/2026/221020/221020_273204-02_ja_JP.html"
"2957","後期","後期","水2","273205-02","映像表現b","荒川 徹","https://cssy.aasa.ac.jp/syllabusHtml/2026/221020/221020_273205-02_ja_JP.html"
"2958","後期","後期","木5","273206-02","グラフィックデザイン応用","宮田 雅子","https://cssy.aasa.ac.jp/syllabusHtml/2026/221020/221020_273206-02_ja_JP.html"
"2959","前期","前期","水2","273207-01","ポートフォリオ","村上 泰介","https://cssy.aasa.ac.jp/syllabusHtml/2026/221020/221020_273207-01_ja_JP.html"
"2960","前期","前期","水3","273207-02","ポートフォリオ","森田 明日香","https://cssy.aasa.ac.jp/syllabusHtml/2026/221020/221020_273207-02_ja_JP.html"
"2961","後期","後期","水2","273207-03","ポートフォリオ","村上 泰介","https://cssy.aasa.ac.jp/syllabusHtml/2026/221020/221020_273207-03_ja_JP.html"
"2962","後期","後期","水3","273207-04","ポートフォリオ","森田 明日香","https://cssy.aasa.ac.jp/syllabusHtml/2026/221020/221020_273207-04_ja_JP.html"
"2963","前期","前期","水2","274111-01","建築構造設計法A","田島 祐之","https://cssy.aasa.ac.jp/syllabusHtml/2026/221030/221030_274111-01_ja_JP.html"
"2964","後期","後期","月1","274112-01","建築構造設計法B","古田 智基","https://cssy.aasa.ac.jp/syllabusHtml/2026/221030/221030_274112-01_ja_JP.html"
"2965","前期","前期","他","274113-01","建築基礎の構造","花里 利一","https://cssy.aasa.ac.jp/syllabusHtml/2026/221030/221030_274113-01_ja_JP.html"
"2966","後期","後期","水1","274120-01","建築設備","河路 友也","https://cssy.aasa.ac.jp/syllabusHtml/2026/221030/221030_274120-01_ja_JP.html"
"2967","後期","後期","火2","274133-01","人の行動と空間","橋本 雅好","https://cssy.aasa.ac.jp/syllabusHtml/2026/221030/221030_274133-01_ja_JP.html"
"2968","後期","後期","他","274135-01","都市観察実習","池戸 昭文","https://cssy.aasa.ac.jp/syllabusHtml/2026/221030/221030_274135-01_ja_JP.html"
"2969","後期","後期","金1","274139-01","建築と都市の防災","倉橋 奨","https://cssy.aasa.ac.jp/syllabusHtml/2026/221030/221030_274139-01_ja_JP.html"
"2970","前期","前期","金2","274140-01","ハウジング論","尾﨑 智央","https://cssy.aasa.ac.jp/syllabusHtml/2026/221030/221030_274140-01_ja_JP.html"
"2971","後期","後期","金2","274140-02","ハウジング論","尾﨑 智央","https://cssy.aasa.ac.jp/syllabusHtml/2026/221030/221030_274140-02_ja_JP.html"
"2972","後期","後期","火4","274141-01","ファシリティマネジメント論","柳父 行二","https://cssy.aasa.ac.jp/syllabusHtml/2026/221030/221030_274141-01_ja_JP.html"
"2973","後期","後期","水4","274142-01","建築生産システム","岩佐 真吾","https://cssy.aasa.ac.jp/syllabusHtml/2026/221030/221030_274142-01_ja_JP.html"
"2974","前期","前期","水4","274143-01","建築と経済","岩佐 真吾","https://cssy.aasa.ac.jp/syllabusHtml/2026/221030/221030_274143-01_ja_JP.html"
"2975","前期","前期","木2","274145-01","CAD応用Ⅱ","村越 怜","https://cssy.aasa.ac.jp/syllabusHtml/2026/221030/221030_274145-01_ja_JP.html"
"2976","前期","前期","金5","274145-02","CAD応用Ⅱ","天野 良則","https://cssy.aasa.ac.jp/syllabusHtml/2026/221030/221030_274145-02_ja_JP.html"
"2977","前期","前期","他","274146-01","デザインワークショップ","久保井 聡 清水 裕二 太田 忍 橋爪 洋司 刀根 真純","https://cssy.aasa.ac.jp/syllabusHtml/2026/221030/221030_274146-01_ja_JP.html"
"2978","後期","後期","木4,5","274149-01","空間設計Ⅱ","諸江 一紀","https://cssy.aasa.ac.jp/syllabusHtml/2026/221030/221030_274149-01_ja_JP.html"
"2979","前期","前期","火3,4","274150-01","空間設計Ⅲ","北原 麻理奈 間宮 晨一千 植村 康平","https://cssy.aasa.ac.jp/syllabusHtml/2026/221030/221030_274150-01_ja_JP.html"
"2980","後期","後期","月3,4","274151-01","空間設計Ⅳ","VECCHI Pietro 清水 裕二 久保 久志","https://cssy.aasa.ac.jp/syllabusHtml/2026/221030/221030_274151-01_ja_JP.html"
"2981","前期","前期","月3,4","274152-01","空間設計Ⅴ","三谷 裕樹 吉村 真基","https://cssy.aasa.ac.jp/syllabusHtml/2026/221030/221030_274152-01_ja_JP.html"
"2982","前期","前期","火1","274153-01","建築・インテリア演習Ⅰa","間宮 晨一千","https://cssy.aasa.ac.jp/syllabusHtml/2026/221030/221030_274153-01_ja_JP.html"
"2983","前期","前期","火1","274153-02","建築・インテリア演習Ⅰa","市原 正人","https://cssy.aasa.ac.jp/syllabusHtml/2026/221030/221030_274153-02_ja_JP.html"
"2984","前期","前期","水1","274153-03","建築・インテリア演習Ⅰa","諸江 一紀","https://cssy.aasa.ac.jp/syllabusHtml/2026/221030/221030_274153-03_ja_JP.html"
"2985","前期","前期","水3","274153-04","建築・インテリア演習Ⅰa","清水 裕二","https://cssy.aasa.ac.jp/syllabusHtml/2026/221030/221030_274153-04_ja_JP.html"
"2986","前期","前期","水3","274153-05","建築・インテリア演習Ⅰa","淺田 秀男","https://cssy.aasa.ac.jp/syllabusHtml/2026/221030/221030_274153-05_ja_JP.html"
"2987","前期","前期","水3","274153-07","建築・インテリア演習Ⅰa","古田 智基","https://cssy.aasa.ac.jp/syllabusHtml/2026/221030/221030_274153-07_ja_JP.html"
"2988","前期","前期","水3","274153-08","建築・インテリア演習Ⅰa","吉元 学","https://cssy.aasa.ac.jp/syllabusHtml/2026/221030/221030_274153-08_ja_JP.html"
"2989","前期","前期","水3","274153-10","建築・インテリア演習Ⅰa","松本 佳津","https://cssy.aasa.ac.jp/syllabusHtml/2026/221030/221030_274153-10_ja_JP.html"
"2990","前期","前期","水3","274153-11","建築・インテリア演習Ⅰa","VECCHI Pietro","https://cssy.aasa.ac.jp/syllabusHtml/2026/221030/221030_274153-11_ja_JP.html"
"2991","前期","前期","水3","274153-12","建築・インテリア演習Ⅰa","永柳 宏","https://cssy.aasa.ac.jp/syllabusHtml/2026/221030/221030_274153-12_ja_JP.html"
"2992","前期","前期","水3","274153-13","建築・インテリア演習Ⅰa","宮本 久美子","https://cssy.aasa.ac.jp/syllabusHtml/2026/221030/221030_274153-13_ja_JP.html"
"2993","前期","前期","水3","274153-14","建築・インテリア演習Ⅰa","三谷 裕樹","https://cssy.aasa.ac.jp/syllabusHtml/2026/221030/221030_274153-14_ja_JP.html"
"2994","前期","前期","水3","274153-15","建築・インテリア演習Ⅰa","北原 麻理奈","https://cssy.aasa.ac.jp/syllabusHtml/2026/221030/221030_274153-15_ja_JP.html"
"2995","前期","前期","月2","274153-16","建築・インテリア演習Ⅰa","河辺 泰宏","https://cssy.aasa.ac.jp/syllabusHtml/2026/221030/221030_274153-16_ja_JP.html"
"2996","前期","前期","水3","274153-17","建築・インテリア演習Ⅰa","溝口 正人","https://cssy.aasa.ac.jp/syllabusHtml/2026/221030/221030_274153-17_ja_JP.html"
"2997","前期","前期","水3","274153-18","建築・インテリア演習Ⅰa","久保井 聡","https://cssy.aasa.ac.jp/syllabusHtml/2026/221030/221030_274153-18_ja_JP.html"
"2998","後期","後期","火3","274154-01","建築・インテリア演習Ⅰb","永柳 宏","https://cssy.aasa.ac.jp/syllabusHtml/2026/221030/221030_274154-01_ja_JP.html"
"2999","後期","後期","火3","274154-02","建築・インテリア演習Ⅰb","宮本 久美子","https://cssy.aasa.ac.jp/syllabusHtml/2026/221030/221030_274154-02_ja_JP.html"
"3000","後期","後期","水2","274154-03","建築・インテリア演習Ⅰb","北原 麻理奈","https://cssy.aasa.ac.jp/syllabusHtml/2026/221030/221030_274154-03_ja_JP.html"
"3001","後期","後期","水2","274154-04","建築・インテリア演習Ⅰb","諸江 一紀","https://cssy.aasa.ac.jp/syllabusHtml/2026/221030/221030_274154-04_ja_JP.html"
"3002","後期","後期","水3","274154-05","建築・インテリア演習Ⅰb","清水 裕二","https://cssy.aasa.ac.jp/syllabusHtml/2026/221030/221030_274154-05_ja_JP.html"
"3003","後期","後期","水3","274154-06","建築・インテリア演習Ⅰb","淺田 秀男","https://cssy.aasa.ac.jp/syllabusHtml/2026/221030/221030_274154-06_ja_JP.html"
"3004","後期","後期","水3","274154-07","建築・インテリア演習Ⅰb","田島 祐之","https://cssy.aasa.ac.jp/syllabusHtml/2026/221030/221030_274154-07_ja_JP.html"
"3005","後期","後期","水3","274154-08","建築・インテリア演習Ⅰb","溝口 正人","https://cssy.aasa.ac.jp/syllabusHtml/2026/221030/221030_274154-08_ja_JP.html"
"3006","後期","後期","水3","274154-09","建築・インテリア演習Ⅰb","松本 佳津","https://cssy.aasa.ac.jp/syllabusHtml/2026/221030/221030_274154-09_ja_JP.html"
"3007","後期","後期","水3","274154-10","建築・インテリア演習Ⅰb","廣谷 純子","https://cssy.aasa.ac.jp/syllabusHtml/2026/221030/221030_274154-10_ja_JP.html"
"3008","後期","後期","水3","274154-11","建築・インテリア演習Ⅰb","VECCHI Pietro","https://cssy.aasa.ac.jp/syllabusHtml/2026/221030/221030_274154-11_ja_JP.html"
"3009","後期","後期","水3","274154-12","建築・インテリア演習Ⅰb","久保井 聡","https://cssy.aasa.ac.jp/syllabusHtml/2026/221030/221030_274154-12_ja_JP.html"
"3010","後期","後期","木1","274154-13","建築・インテリア演習Ⅰb","間宮 晨一千","https://cssy.aasa.ac.jp/syllabusHtml/2026/221030/221030_274154-13_ja_JP.html"
"3011","後期","後期","木2","274154-14","建築・インテリア演習Ⅰb","吉元 学","https://cssy.aasa.ac.jp/syllabusHtml/2026/221030/221030_274154-14_ja_JP.html"
"3012","後期","後期","木2","274154-15","建築・インテリア演習Ⅰb","古田 智基","https://cssy.aasa.ac.jp/syllabusHtml/2026/221030/221030_274154-15_ja_JP.html"
"3013","後期","後期","木2","274154-16","建築・インテリア演習Ⅰb","三谷 裕樹","https://cssy.aasa.ac.jp/syllabusHtml/2026/221030/221030_274154-16_ja_JP.html"
"3014","後期","後期","木2","274154-17","建築・インテリア演習Ⅰb","市原 正人","https://cssy.aasa.ac.jp/syllabusHtml/2026/221030/221030_274154-17_ja_JP.html"
"3015","後期","後期","木3","274154-18","建築・インテリア演習Ⅰb","河辺 泰宏","https://cssy.aasa.ac.jp/syllabusHtml/2026/221030/221030_274154-18_ja_JP.html"
"3016","前期","前期","火2","274155-01","建築・インテリア演習Ⅱa","間宮 晨一千","https://cssy.aasa.ac.jp/syllabusHtml/2026/221030/221030_274155-01_ja_JP.html"
"3017","前期","前期","火3","274155-02","建築・インテリア演習Ⅱa","清水 裕二","https://cssy.aasa.ac.jp/syllabusHtml/2026/221030/221030_274155-02_ja_JP.html"
"3018","前期","前期","火3","274155-03","建築・インテリア演習Ⅱa","田島 祐之","https://cssy.aasa.ac.jp/syllabusHtml/2026/221030/221030_274155-03_ja_JP.html"
"3019","前期","前期","火3","274155-04","建築・インテリア演習Ⅱa","市原 正人","https://cssy.aasa.ac.jp/syllabusHtml/2026/221030/221030_274155-04_ja_JP.html"
"3020","前期","前期","水2","274155-05","建築・インテリア演習Ⅱa","淺田 秀男","https://cssy.aasa.ac.jp/syllabusHtml/2026/221030/221030_274155-05_ja_JP.html"
"3021","前期","前期","水2","274155-06","建築・インテリア演習Ⅱa","諸江 一紀","https://cssy.aasa.ac.jp/syllabusHtml/2026/221030/221030_274155-06_ja_JP.html"
"3022","前期","前期","水2","274155-07","建築・インテリア演習Ⅱa","吉元 学","https://cssy.aasa.ac.jp/syllabusHtml/2026/221030/221030_274155-07_ja_JP.html"
"3023","前期","前期","水2","274155-08","建築・インテリア演習Ⅱa","松本 佳津","https://cssy.aasa.ac.jp/syllabusHtml/2026/221030/221030_274155-08_ja_JP.html"
"3024","前期","前期","水2","274155-09","建築・インテリア演習Ⅱa","廣谷 純子","https://cssy.aasa.ac.jp/syllabusHtml/2026/221030/221030_274155-09_ja_JP.html"
"3025","前期","前期","水2","274155-10","建築・インテリア演習Ⅱa","VECCHI Pietro","https://cssy.aasa.ac.jp/syllabusHtml/2026/221030/221030_274155-10_ja_JP.html"
"3026","前期","前期","水2","274155-11","建築・インテリア演習Ⅱa","永柳 宏","https://cssy.aasa.ac.jp/syllabusHtml/2026/221030/221030_274155-11_ja_JP.html"
"3027","前期","前期","水2","274155-12","建築・インテリア演習Ⅱa","宮本 久美子","https://cssy.aasa.ac.jp/syllabusHtml/2026/221030/221030_274155-12_ja_JP.html"
"3028","前期","前期","水2","274155-13","建築・インテリア演習Ⅱa","古田 智基","https://cssy.aasa.ac.jp/syllabusHtml/2026/221030/221030_274155-13_ja_JP.html"
"3029","前期","前期","水2","274155-14","建築・インテリア演習Ⅱa","三谷 裕樹","https://cssy.aasa.ac.jp/syllabusHtml/2026/221030/221030_274155-14_ja_JP.html"
"3030","前期","前期","水2","274155-15","建築・インテリア演習Ⅱa","久保井 聡","https://cssy.aasa.ac.jp/syllabusHtml/2026/221030/221030_274155-15_ja_JP.html"
"3031","前期","前期","金3","274155-17","建築・インテリア演習Ⅱa","河辺 泰宏","https://cssy.aasa.ac.jp/syllabusHtml/2026/221030/221030_274155-17_ja_JP.html"
"3032","後期","後期","火2","274156-01","建築・インテリア演習Ⅱb","宮本 久美子","https://cssy.aasa.ac.jp/syllabusHtml/2026/221030/221030_274156-01_ja_JP.html"
"3033","後期","後期","火3","274156-02","建築・インテリア演習Ⅱb","清水 裕二","https://cssy.aasa.ac.jp/syllabusHtml/2026/221030/221030_274156-02_ja_JP.html"
"3034","後期","後期","火3","274156-03","建築・インテリア演習Ⅱb","田島 祐之","https://cssy.aasa.ac.jp/syllabusHtml/2026/221030/221030_274156-03_ja_JP.html"
"3035","後期","後期","火4","274156-04","建築・インテリア演習Ⅱb","永柳 宏","https://cssy.aasa.ac.jp/syllabusHtml/2026/221030/221030_274156-04_ja_JP.html"
"3036","後期","後期","水1","274156-05","建築・インテリア演習Ⅱb","諸江 一紀","https://cssy.aasa.ac.jp/syllabusHtml/2026/221030/221030_274156-05_ja_JP.html"
"3037","後期","後期","水2","274156-06","建築・インテリア演習Ⅱb","淺田 秀男","https://cssy.aasa.ac.jp/syllabusHtml/2026/221030/221030_274156-06_ja_JP.html"
"3038","後期","後期","水2","274156-07","建築・インテリア演習Ⅱb","松本 佳津","https://cssy.aasa.ac.jp/syllabusHtml/2026/221030/221030_274156-07_ja_JP.html"
"3039","後期","後期","水2","274156-08","建築・インテリア演習Ⅱb","廣谷 純子","https://cssy.aasa.ac.jp/syllabusHtml/2026/221030/221030_274156-08_ja_JP.html"
"3040","後期","後期","水2","274156-09","建築・インテリア演習Ⅱb","VECCHI Pietro","https://cssy.aasa.ac.jp/syllabusHtml/2026/221030/221030_274156-09_ja_JP.html"
"3041","後期","後期","水2","274156-10","建築・インテリア演習Ⅱb","久保井 聡","https://cssy.aasa.ac.jp/syllabusHtml/2026/221030/221030_274156-10_ja_JP.html"
"3042","後期","後期","水2","274156-11","建築・インテリア演習Ⅱb","溝口 正人","https://cssy.aasa.ac.jp/syllabusHtml/2026/221030/221030_274156-11_ja_JP.html"
"3043","後期","後期","木1","274156-12","建築・インテリア演習Ⅱb","古田 智基","https://cssy.aasa.ac.jp/syllabusHtml/2026/221030/221030_274156-12_ja_JP.html"
"3044","後期","後期","木1","274156-13","建築・インテリア演習Ⅱb","三谷 裕樹","https://cssy.aasa.ac.jp/syllabusHtml/2026/221030/221030_274156-13_ja_JP.html"
"3045","後期","後期","木2","274156-14","建築・インテリア演習Ⅱb","間宮 晨一千","https://cssy.aasa.ac.jp/syllabusHtml/2026/221030/221030_274156-14_ja_JP.html"
"3046","後期","後期","木3","274156-15","建築・インテリア演習Ⅱb","吉元 学","https://cssy.aasa.ac.jp/syllabusHtml/2026/221030/221030_274156-15_ja_JP.html"
"3047","後期","後期","木3","274156-16","建築・インテリア演習Ⅱb","市原 正人","https://cssy.aasa.ac.jp/syllabusHtml/2026/221030/221030_274156-16_ja_JP.html"
"3048","後期","後期","金3","274156-17","建築・インテリア演習Ⅱb","河辺 泰宏","https://cssy.aasa.ac.jp/syllabusHtml/2026/221030/221030_274156-17_ja_JP.html"
"3049","前期","通年","他","274157-01","卒業プロジェクト","田島 祐之","https://cssy.aasa.ac.jp/syllabusHtml/2026/221030/221030_274157-01_ja_JP.html"
"3050","後期","後期","金3","274163-01","CAD応用Ⅲ","天野 良則","https://cssy.aasa.ac.jp/syllabusHtml/2026/221030/221030_274163-01_ja_JP.html"
"3051","後期","後期","金4","274170-01","保存再生計画","VECCHI Pietro","https://cssy.aasa.ac.jp/syllabusHtml/2026/221030/221030_274170-01_ja_JP.html"
"3052","前期","前期","水1","274200-01","建築学概論","田島 祐之 清水 裕二 溝口 正人 松本 佳津 淺田 秀男 久保井 聡 吉元 学 諸江 一紀 廣谷 純子 VECCHI Pietro 古田 智基 市原 正人 三谷 裕樹 北原 麻理奈","https://cssy.aasa.ac.jp/syllabusHtml/2026/2610/2610_274200-01_ja_JP.html"
"3053","前期","前期","木2","274201-01","近現代デザイン史","河辺 泰宏","https://cssy.aasa.ac.jp/syllabusHtml/2026/2610/2610_274201-01_ja_JP.html"
"3054","後期","後期","木2","274201-02","近現代デザイン史","河辺 泰宏","https://cssy.aasa.ac.jp/syllabusHtml/2026/2610/2610_274201-02_ja_JP.html"
"3055","前期","前期","木2","274202-01","人間生活工学","廣谷 純子","https://cssy.aasa.ac.jp/syllabusHtml/2026/2610/2610_274202-01_ja_JP.html"
"3056","前期","前期","金2","274203-01","建築史A(西洋)","河辺 泰宏","https://cssy.aasa.ac.jp/syllabusHtml/2026/2610/2610_274203-01_ja_JP.html"
"3057","後期","後期","金2","274203-02","建築史A(西洋)","河辺 泰宏","https://cssy.aasa.ac.jp/syllabusHtml/2026/2610/2610_274203-02_ja_JP.html"
"3058","前期","前期","月1","274204-01","建築史B(日本・東洋)","溝口 正人","https://cssy.aasa.ac.jp/syllabusHtml/2026/2610/2610_274204-01_ja_JP.html"
"3059","後期","後期","月2","274204-02","建築史B(日本・東洋)","溝口 正人","https://cssy.aasa.ac.jp/syllabusHtml/2026/2610/2610_274204-02_ja_JP.html"
"3060","前期","前期","月5","274205-01","建築史C(近代日本)","溝口 正人","https://cssy.aasa.ac.jp/syllabusHtml/2026/2610/2610_274205-01_ja_JP.html"
"3061","後期","後期","月1","274205-02","建築史C(近代日本)","溝口 正人","https://cssy.aasa.ac.jp/syllabusHtml/2026/2610/2610_274205-02_ja_JP.html"
"3062","前期","前期","月3,4","274206-01","基礎製図","刀根 真純 倉橋 友行 吉田 夏雄","https://cssy.aasa.ac.jp/syllabusHtml/2026/2610/2610_274206-01_ja_JP.html"
"3063","前期","前期","月3,4","274206-02","基礎製図","小倉畑 昂祐 渡辺 達 佐々木 一憲","https://cssy.aasa.ac.jp/syllabusHtml/2026/2610/2610_274206-02_ja_JP.html"
"3064","後期","後期","火3,4","274207-01","ベーシックデザイン演習","三谷 裕樹 水谷 夏樹 後藤 唯","https://cssy.aasa.ac.jp/syllabusHtml/2026/2610/2610_274207-01_ja_JP.html"
"3065","後期","後期","木3,4","274207-02","ベーシックデザイン演習","間宮 晨一千 佐々木 一憲 南川 祐輝","https://cssy.aasa.ac.jp/syllabusHtml/2026/2610/2610_274207-02_ja_JP.html"
"3066","前期","前期","他","274208-01","グラフィックデザイン演習","中村 重哉","https://cssy.aasa.ac.jp/syllabusHtml/2026/2610/2610_274208-01_ja_JP.html"
"3067","後期","後期","月1","274209-01","CAD基礎","刀根 真純","https://cssy.aasa.ac.jp/syllabusHtml/2026/2610/2610_274209-01_ja_JP.html"
"3068","後期","後期","月2","274209-02","CAD基礎","小倉畑 昂祐","https://cssy.aasa.ac.jp/syllabusHtml/2026/2610/2610_274209-02_ja_JP.html"
"3069","後期","後期","木3","274209-03","CAD基礎","小倉畑 昂祐","https://cssy.aasa.ac.jp/syllabusHtml/2026/2610/2610_274209-03_ja_JP.html"
"3070","後期","後期","木4","274209-04","CAD基礎","小倉畑 昂祐","https://cssy.aasa.ac.jp/syllabusHtml/2026/2610/2610_274209-04_ja_JP.html"
"3071","前期","前期","月2","274210-01","ドローイング演習","VECCHI Pietro","https://cssy.aasa.ac.jp/syllabusHtml/2026/2610/2610_274210-01_ja_JP.html"
"3072","前期","前期","金1","274210-02","ドローイング演習","VECCHI Pietro","https://cssy.aasa.ac.jp/syllabusHtml/2026/2610/2610_274210-02_ja_JP.html"
"3073","後期","後期","金1","274210-03","ドローイング演習","VECCHI Pietro","https://cssy.aasa.ac.jp/syllabusHtml/2026/2610/2610_274210-03_ja_JP.html"
"3074","前期","前期","金3","274211-01","建築のための数学","淺田 秀男","https://cssy.aasa.ac.jp/syllabusHtml/2026/2610/2610_274211-01_ja_JP.html"
"3075","後期","後期","木5","274212-01","知的財産権","日比野 穂高","https://cssy.aasa.ac.jp/syllabusHtml/2026/2610/2610_274212-01_ja_JP.html"
"3076","後期","後期","水3","274214-01","建築計画Ⅰ","諸江 一紀","https://cssy.aasa.ac.jp/syllabusHtml/2026/2610/2610_274214-01_ja_JP.html"
"3077","前期","前期","火3,4,5","274215-01","建築設計Ⅰ","諸江 一紀 道家 洋 小倉畑 昂祐 佐々木 勝敏","https://cssy.aasa.ac.jp/syllabusHtml/2026/2610/2610_274215-01_ja_JP.html"
"3078","前期","前期","月1","274216-01","都市形成史","河辺 泰宏","https://cssy.aasa.ac.jp/syllabusHtml/2026/2610/2610_274216-01_ja_JP.html"
"3079","後期","後期","月1","274216-02","都市形成史","河辺 泰宏","https://cssy.aasa.ac.jp/syllabusHtml/2026/2610/2610_274216-02_ja_JP.html"
"3080","後期","後期","月3,4","274217-01","目で見る構造力学演習","田島 祐之 古田 智基","https://cssy.aasa.ac.jp/syllabusHtml/2026/2610/2610_274217-01_ja_JP.html"
"3081","後期","後期","月3,4","274217-02","目で見る構造力学演習","田島 祐之 古田 智基","https://cssy.aasa.ac.jp/syllabusHtml/2026/2610/2610_274217-02_ja_JP.html"
"3082","前期","前期","木3,4","274218-01","建築環境学実験","淺田 秀男","https://cssy.aasa.ac.jp/syllabusHtml/2026/2610/2610_274218-01_ja_JP.html"
"3083","前期","前期","木3,4","274218-02","建築環境学実験","淺田 秀男","https://cssy.aasa.ac.jp/syllabusHtml/2026/2610/2610_274218-02_ja_JP.html"
"3084","後期","後期","金3,4","274218-03","建築環境学実験","淺田 秀男","https://cssy.aasa.ac.jp/syllabusHtml/2026/2610/2610_274218-03_ja_JP.html"
"3085","後期","後期","金3,4","274218-04","建築環境学実験","淺田 秀男","https://cssy.aasa.ac.jp/syllabusHtml/2026/2610/2610_274218-04_ja_JP.html"
"3086","前期","前期","月2","274219-01","住まいと生活","廣谷 純子","https://cssy.aasa.ac.jp/syllabusHtml/2026/2610/2610_274219-01_ja_JP.html"
"3087","前期","前期","火3,4,5","274220-01","住居・インテリア設計Ⅰ","吉元 学 矢田 義典 関口 啓介 刀根 真純","https://cssy.aasa.ac.jp/syllabusHtml/2026/2610/2610_274220-01_ja_JP.html"
"3088","前期","前期","水2","274221-01","住居史","鈴木 千里","https://cssy.aasa.ac.jp/syllabusHtml/2026/2610/2610_274221-01_ja_JP.html"
"3089","後期","後期","水2","274221-02","住居史","鈴木 千里","https://cssy.aasa.ac.jp/syllabusHtml/2026/2610/2610_274221-02_ja_JP.html"
"3090","後期","後期","木1","274222-01","福祉住環境論","廣谷 純子","https://cssy.aasa.ac.jp/syllabusHtml/2026/2610/2610_274222-01_ja_JP.html"
"3091","前期","前期","金1","274223-01","CAD応用Ⅰ","天野 良則","https://cssy.aasa.ac.jp/syllabusHtml/2026/2610/2610_274223-01_ja_JP.html"
"3092","前期","前期","金2","274223-02","CAD応用Ⅰ","天野 良則","https://cssy.aasa.ac.jp/syllabusHtml/2026/2610/2610_274223-02_ja_JP.html"
"3093","前期","前期","金3","274223-03","CAD応用Ⅰ","天野 良則","https://cssy.aasa.ac.jp/syllabusHtml/2026/2610/2610_274223-03_ja_JP.html"
"3094","前期","前期","金4","274223-04","CAD応用Ⅰ","天野 良則","https://cssy.aasa.ac.jp/syllabusHtml/2026/2610/2610_274223-04_ja_JP.html"
"3095","後期","後期","水1","274224-01","CAD応用Ⅱ","小倉畑 昂祐","https://cssy.aasa.ac.jp/syllabusHtml/2026/2610/2610_274224-01_ja_JP.html"
"3096","後期","後期","水2","274224-02","CAD応用Ⅱ","村越 怜","https://cssy.aasa.ac.jp/syllabusHtml/2026/2610/2610_274224-02_ja_JP.html"
"3097","後期","後期","金1","274224-03","CAD応用Ⅱ","天野 良則","https://cssy.aasa.ac.jp/syllabusHtml/2026/2610/2610_274224-03_ja_JP.html"
"3098","後期","後期","金2","274224-04","CAD応用Ⅱ","天野 良則","https://cssy.aasa.ac.jp/syllabusHtml/2026/2610/2610_274224-04_ja_JP.html"
"3099","前期","前期","水3","274225-01","建築計画Ⅱ","諸江 一紀","https://cssy.aasa.ac.jp/syllabusHtml/2026/2610/2610_274225-01_ja_JP.html"
"3100","後期","後期","火3,4,5","274226-01","建築設計Ⅱ","久保井 聡 塩田 有紀 小倉畑 昂祐 葛島 隆之","https://cssy.aasa.ac.jp/syllabusHtml/2026/2610/2610_274226-01_ja_JP.html"
"3101","前期","前期","火2","274228-01","建築法規","日比野 好幸","https://cssy.aasa.ac.jp/syllabusHtml/2026/2610/2610_274228-01_ja_JP.html"
"3102","後期","後期","火2","274228-02","建築法規","日比野 好幸","https://cssy.aasa.ac.jp/syllabusHtml/2026/2610/2610_274228-02_ja_JP.html"
"3103","前期","前期","月2","274229-01","建築構造力学Ⅰ","田島 祐之","https://cssy.aasa.ac.jp/syllabusHtml/2026/2610/2610_274229-01_ja_JP.html"
"3104","後期","後期","月2","274229-02","建築構造力学Ⅰ","田島 祐之","https://cssy.aasa.ac.jp/syllabusHtml/2026/2610/2610_274229-02_ja_JP.html"
"3105","後期","後期","水2","274229-03","建築構造力学Ⅰ","田島 祐之","https://cssy.aasa.ac.jp/syllabusHtml/2026/2610/2610_274229-03_ja_JP.html"
"3106","前期","前期","月2","274230-01","建築構造力学Ⅱ","古田 智基","https://cssy.aasa.ac.jp/syllabusHtml/2026/2610/2610_274230-01_ja_JP.html"
"3107","前期","前期","水1","274230-02","建築構造力学Ⅱ","古田 智基","https://cssy.aasa.ac.jp/syllabusHtml/2026/2610/2610_274230-02_ja_JP.html"
"3108","後期","後期","水1","274230-03","建築構造力学Ⅱ","古田 智基","https://cssy.aasa.ac.jp/syllabusHtml/2026/2610/2610_274230-03_ja_JP.html"
"3109","後期","後期","木5","274231-01","構造デザイン","古田 智基","https://cssy.aasa.ac.jp/syllabusHtml/2026/2610/2610_274231-01_ja_JP.html"
"3110","後期","後期","水3","274233-01","木質構造設計法","古田 智基","https://cssy.aasa.ac.jp/syllabusHtml/2026/2610/2610_274233-01_ja_JP.html"
"3111","前期","前期","月3","274235-01","建築構法","今岡 克也","https://cssy.aasa.ac.jp/syllabusHtml/2026/2610/2610_274235-01_ja_JP.html"
"3112","前期","前期","金5","274237-01","建築材料","山本 貴正","https://cssy.aasa.ac.jp/syllabusHtml/2026/2610/2610_274237-01_ja_JP.html"
"3113","後期","後期","金3,4,5","274238-01","建築材料実験","瀬古 繁喜","https://cssy.aasa.ac.jp/syllabusHtml/2026/2610/2610_274238-01_ja_JP.html"
"3114","後期","後期","金3,4,5","274238-02","建築材料実験","瀬古 繁喜","https://cssy.aasa.ac.jp/syllabusHtml/2026/2610/2610_274238-02_ja_JP.html"
"3115","前期","前期","木3","274239-01","環境と心理","廣谷 純子","https://cssy.aasa.ac.jp/syllabusHtml/2026/2610/2610_274239-01_ja_JP.html"
"3116","前期","前期","木2","274240-01","建築環境学A(熱・空気)","淺田 秀男","https://cssy.aasa.ac.jp/syllabusHtml/2026/2610/2610_274240-01_ja_JP.html"
"3117","後期","後期","木2","274241-01","建築環境学B(光・色彩・音)","淺田 秀男","https://cssy.aasa.ac.jp/syllabusHtml/2026/2610/2610_274241-01_ja_JP.html"
"3118","前期","前期","水4","274243-01","まちづくり概論","藤澤 徹","https://cssy.aasa.ac.jp/syllabusHtml/2026/2610/2610_274243-01_ja_JP.html"
"3119","後期","後期","水4","274243-02","まちづくり概論","藤澤 徹","https://cssy.aasa.ac.jp/syllabusHtml/2026/2610/2610_274243-02_ja_JP.html"
"3120","前期","前期","水2","274244-01","都市景観論","清水 裕二","https://cssy.aasa.ac.jp/syllabusHtml/2026/2610/2610_274244-01_ja_JP.html"
"3121","後期","後期","水2","274244-02","都市景観論","清水 裕二","https://cssy.aasa.ac.jp/syllabusHtml/2026/2610/2610_274244-02_ja_JP.html"
"3122","前期","前期","水4","274245-01","都市計画論","永柳 宏","https://cssy.aasa.ac.jp/syllabusHtml/2026/2610/2610_274245-01_ja_JP.html"
"3123","後期","後期","火2","274245-02","都市計画論","永柳 宏","https://cssy.aasa.ac.jp/syllabusHtml/2026/2610/2610_274245-02_ja_JP.html"
"3124","前期","前期","金2","274246-01","ランドスケープデザイン","樋口 豊","https://cssy.aasa.ac.jp/syllabusHtml/2026/2610/2610_274246-01_ja_JP.html"
"3125","前期","前期","水2","274247-01","アーバンリサーチ","北原 麻理奈","https://cssy.aasa.ac.jp/syllabusHtml/2026/2610/2610_274247-01_ja_JP.html"
"3126","後期","後期","水1","274247-02","アーバンリサーチ","北原 麻理奈","https://cssy.aasa.ac.jp/syllabusHtml/2026/2610/2610_274247-02_ja_JP.html"
"3127","前期","前期","月4","274249-01","保存再生計画","VECCHI Pietro","https://cssy.aasa.ac.jp/syllabusHtml/2026/2610/2610_274249-01_ja_JP.html"
"3128","後期","後期","木4","274252-01","まちづくりデザイン(企画・マネジメント)","市原 正人","https://cssy.aasa.ac.jp/syllabusHtml/2026/2610/2610_274252-01_ja_JP.html"
"3129","後期","後期","火3,4,5","274253-01","住居・インテリア設計Ⅱ","諸江 一紀 刀根 真純 吉村 昭範 降旗 範行","https://cssy.aasa.ac.jp/syllabusHtml/2026/2610/2610_274253-01_ja_JP.html"
"3130","後期","後期","月2","274257-01","住環境計画概論","廣谷 純子","https://cssy.aasa.ac.jp/syllabusHtml/2026/2610/2610_274257-01_ja_JP.html"
"3131","前期","前期","水1","274258-01","現代インテリア学概論","松本 佳津","https://cssy.aasa.ac.jp/syllabusHtml/2026/2610/2610_274258-01_ja_JP.html"
"3132","前期","前期","火1","274260-01","インテリアデザイン論A(住宅)","吉元 学","https://cssy.aasa.ac.jp/syllabusHtml/2026/2610/2610_274260-01_ja_JP.html"
"3133","後期","後期","木1","274260-02","インテリアデザイン論A(住宅)","吉元 学","https://cssy.aasa.ac.jp/syllabusHtml/2026/2610/2610_274260-02_ja_JP.html"
"3134","前期","前期","火2","274262-01","インテリアデザイン基礎演習","松本 佳津","https://cssy.aasa.ac.jp/syllabusHtml/2026/2610/2610_274262-01_ja_JP.html"
"3135","後期","後期","火1","274263-01","インテリアデザイン演習","松本 佳津","https://cssy.aasa.ac.jp/syllabusHtml/2026/2610/2610_274263-01_ja_JP.html"
"3136","後期","後期","火2","274263-02","インテリアデザイン演習","松本 佳津","https://cssy.aasa.ac.jp/syllabusHtml/2026/2610/2610_274263-02_ja_JP.html"
"3137","後期","後期","月3,4,5","274264-01","プロダクトデザイン演習","小林 啓伯 奥村 温代 東福 大輔","https://cssy.aasa.ac.jp/syllabusHtml/2026/2610/2610_274264-01_ja_JP.html"
"3138","後期","後期","木3","274277-01","商業スペースデザイン","加藤 和雄","https://cssy.aasa.ac.jp/syllabusHtml/2026/2610/2610_274277-01_ja_JP.html"
"3139","前期","前期","月5","274283-01","基礎数学","鈴木 敏志","https://cssy.aasa.ac.jp/syllabusHtml/2026/2610/2610_274283-01_ja_JP.html"
"3140","前期","前期","火3","241005-01","統計の基礎","出嶋 真由美","https://cssy.aasa.ac.jp/syllabusHtml/2026/14/14_241005-01_ja_JP.html"
"3141","前期","前期","金1","241005-02","統計の基礎","奥村 文徳","https://cssy.aasa.ac.jp/syllabusHtml/2026/14/14_241005-02_ja_JP.html"
"3142","後期","後期","水1","241005-04","統計の基礎","加藤 みわ子","https://cssy.aasa.ac.jp/syllabusHtml/2026/14/14_241005-04_ja_JP.html"
"3143","前期","前期","火1","241005-05","統計の基礎","成澤 元","https://cssy.aasa.ac.jp/syllabusHtml/2026/14/14_241005-05_ja_JP.html"
"3144","前期","前期","水1","241005-06","統計の基礎","成澤 元","https://cssy.aasa.ac.jp/syllabusHtml/2026/14/14_241005-06_ja_JP.html"
"3145","後期","後期","金1","241006-01","健康科学統計演習","籠宮 隆之","https://cssy.aasa.ac.jp/syllabusHtml/2026/14/14_241006-01_ja_JP.html"
"3146","後期","後期","水3","241006-02","健康科学統計演習","行松 慎二","https://cssy.aasa.ac.jp/syllabusHtml/2026/14/14_241006-02_ja_JP.html"
"3147","後期","後期","月2","241006-03","健康科学統計演習","渡邉 良太","https://cssy.aasa.ac.jp/syllabusHtml/2026/14/14_241006-03_ja_JP.html"
"3148","後期","後期","月1","241006-05","健康科学統計演習","成澤 元","https://cssy.aasa.ac.jp/syllabusHtml/2026/14/14_241006-05_ja_JP.html"
"3149","後期","後期","水2","241006-06","健康科学統計演習","成澤 元","https://cssy.aasa.ac.jp/syllabusHtml/2026/14/14_241006-06_ja_JP.html"
"3150","後期","後期","木1","241006-07","健康科学統計演習","成澤 元","https://cssy.aasa.ac.jp/syllabusHtml/2026/14/14_241006-07_ja_JP.html"
"3151","後期","後期","水5","241006-08","健康科学統計演習","成澤 元","https://cssy.aasa.ac.jp/syllabusHtml/2026/14/14_241006-08_ja_JP.html"
"3152","前期","前期","火5","241009-03","対人技術演習","樋口 貴子","https://cssy.aasa.ac.jp/syllabusHtml/2026/14/14_241009-03_ja_JP.html"
"3153","前期","前期","月1","241009-05","対人技術演習","篠塚 雄希 山本 敏博 播磨 賢 篠田 利男","https://cssy.aasa.ac.jp/syllabusHtml/2026/14/14_241009-05_ja_JP.html"
"3154","前期","前期","月3","241101-01","健康医療科学基礎演習","筒井 聡子","https://cssy.aasa.ac.jp/syllabusHtml/2026/14/14_241101-01_ja_JP.html"
"3155","前期","前期","月3","241101-02","健康医療科学基礎演習","長嶋 比奈美","https://cssy.aasa.ac.jp/syllabusHtml/2026/14/14_241101-02_ja_JP.html"
"3156","前期","前期","月5","241101-03","健康医療科学基礎演習","志村 栄二","https://cssy.aasa.ac.jp/syllabusHtml/2026/14/14_241101-03_ja_JP.html"
"3157","前期","前期","水3","241101-04","健康医療科学基礎演習","土屋 美智子","https://cssy.aasa.ac.jp/syllabusHtml/2026/14/14_241101-04_ja_JP.html"
"3158","前期","前期","月5","241101-05","健康医療科学基礎演習","船﨑 康広","https://cssy.aasa.ac.jp/syllabusHtml/2026/14/14_241101-05_ja_JP.html"
"3159","前期","前期","水3","241101-06","健康医療科学基礎演習","道下 和生","https://cssy.aasa.ac.jp/syllabusHtml/2026/14/14_241101-06_ja_JP.html"
"3160","前期","前期","水2","241101-07","健康医療科学基礎演習","井脇 貴子","https://cssy.aasa.ac.jp/syllabusHtml/2026/14/14_241101-07_ja_JP.html"
"3161","前期","前期","水2","241101-08","健康医療科学基礎演習","籠宮 隆之","https://cssy.aasa.ac.jp/syllabusHtml/2026/14/14_241101-08_ja_JP.html"
"3162","前期","前期","水3","241101-09","健康医療科学基礎演習","竹中 啓介","https://cssy.aasa.ac.jp/syllabusHtml/2026/14/14_241101-09_ja_JP.html"
"3163","前期","前期","水3","241101-10","健康医療科学基礎演習","筒井 聡子","https://cssy.aasa.ac.jp/syllabusHtml/2026/14/14_241101-10_ja_JP.html"
"3164","前期","前期","火3","241101-11","健康医療科学基礎演習","川嶋 英嗣","https://cssy.aasa.ac.jp/syllabusHtml/2026/14/14_241101-11_ja_JP.html"
"3165","前期","前期","火3","241101-12","健康医療科学基礎演習","高橋 啓介","https://cssy.aasa.ac.jp/syllabusHtml/2026/14/14_241101-12_ja_JP.html"
"3166","前期","前期","火3","241101-13","健康医療科学基礎演習","高橋 伸子","https://cssy.aasa.ac.jp/syllabusHtml/2026/14/14_241101-13_ja_JP.html"
"3167","前期","前期","火3","241101-14","健康医療科学基礎演習","田邊 宗子","https://cssy.aasa.ac.jp/syllabusHtml/2026/14/14_241101-14_ja_JP.html"
"3168","前期","前期","火3","241101-15","健康医療科学基礎演習","野上 豪志","https://cssy.aasa.ac.jp/syllabusHtml/2026/14/14_241101-15_ja_JP.html"
"3169","前期","前期","火3","241101-16","健康医療科学基礎演習","望月 浩志","https://cssy.aasa.ac.jp/syllabusHtml/2026/14/14_241101-16_ja_JP.html"
"3170","前期","前期","月2","241101-17","健康医療科学基礎演習","縣 信秀","https://cssy.aasa.ac.jp/syllabusHtml/2026/14/14_241101-17_ja_JP.html"
"3171","前期","前期","月2","241101-18","健康医療科学基礎演習","里中 綾子","https://cssy.aasa.ac.jp/syllabusHtml/2026/14/14_241101-18_ja_JP.html"
"3172","前期","前期","月2","241101-19","健康医療科学基礎演習","里中 綾子 鈴木 伸治","https://cssy.aasa.ac.jp/syllabusHtml/2026/14/14_241101-19_ja_JP.html"
"3173","前期","前期","月2","241101-20","健康医療科学基礎演習","鳥山 喜之","https://cssy.aasa.ac.jp/syllabusHtml/2026/14/14_241101-20_ja_JP.html"
"3174","前期","前期","月2","241101-21","健康医療科学基礎演習","澤村 彰吾","https://cssy.aasa.ac.jp/syllabusHtml/2026/14/14_241101-21_ja_JP.html"
"3175","前期","前期","水2","241101-22","健康医療科学基礎演習","飯田 有輝","https://cssy.aasa.ac.jp/syllabusHtml/2026/14/14_241101-22_ja_JP.html"
"3176","前期","前期","水2","241101-23","健康医療科学基礎演習","大塚 圭","https://cssy.aasa.ac.jp/syllabusHtml/2026/14/14_241101-23_ja_JP.html"
"3177","前期","前期","水2","241101-24","健康医療科学基礎演習","小川 智也","https://cssy.aasa.ac.jp/syllabusHtml/2026/14/14_241101-24_ja_JP.html"
"3178","前期","前期","水2","241101-25","健康医療科学基礎演習","林 久恵","https://cssy.aasa.ac.jp/syllabusHtml/2026/14/14_241101-25_ja_JP.html"
"3179","前期","前期","水2","241101-26","健康医療科学基礎演習","渡邉 良太","https://cssy.aasa.ac.jp/syllabusHtml/2026/14/14_241101-26_ja_JP.html"
"3180","前期","前期","火3","241101-27","健康医療科学基礎演習","秋山 秀彦","https://cssy.aasa.ac.jp/syllabusHtml/2026/14/14_241101-27_ja_JP.html"
"3181","前期","前期","火3","241101-28","健康医療科学基礎演習","天川 雅夫","https://cssy.aasa.ac.jp/syllabusHtml/2026/14/14_241101-28_ja_JP.html"
"3182","前期","前期","火3","241101-29","健康医療科学基礎演習","小木曽 昇","https://cssy.aasa.ac.jp/syllabusHtml/2026/14/14_241101-29_ja_JP.html"
"3183","前期","前期","火3","241101-30","健康医療科学基礎演習","加藤 みわ子","https://cssy.aasa.ac.jp/syllabusHtml/2026/14/14_241101-30_ja_JP.html"
"3184","前期","前期","火3","241101-31","健康医療科学基礎演習","小菅 愛加","https://cssy.aasa.ac.jp/syllabusHtml/2026/14/14_241101-31_ja_JP.html"
"3185","前期","前期","火3","241101-32","健康医療科学基礎演習","酒井 昭嘉","https://cssy.aasa.ac.jp/syllabusHtml/2026/14/14_241101-32_ja_JP.html"
"3186","前期","前期","火3","241101-33","健康医療科学基礎演習","柴田 知行","https://cssy.aasa.ac.jp/syllabusHtml/2026/14/14_241101-33_ja_JP.html"
"3187","前期","前期","火3","241101-34","健康医療科学基礎演習","竹田 真由","https://cssy.aasa.ac.jp/syllabusHtml/2026/14/14_241101-34_ja_JP.html"
"3188","前期","前期","火3","241101-35","健康医療科学基礎演習","前野 信久","https://cssy.aasa.ac.jp/syllabusHtml/2026/14/14_241101-35_ja_JP.html"
"3189","前期","前期","火3","241101-36","健康医療科学基礎演習","雪竹 潤","https://cssy.aasa.ac.jp/syllabusHtml/2026/14/14_241101-36_ja_JP.html"
"3190","前期","前期","月3","241101-38","健康医療科学基礎演習","平野 雅巳","https://cssy.aasa.ac.jp/syllabusHtml/2026/14/14_241101-38_ja_JP.html"
"3191","前期","前期","水2","241101-39","健康医療科学基礎演習","坪田 祐基","https://cssy.aasa.ac.jp/syllabusHtml/2026/14/14_241101-39_ja_JP.html"
"3192","前期","前期","水2","241101-40","健康医療科学基礎演習","山本 浩二","https://cssy.aasa.ac.jp/syllabusHtml/2026/14/14_241101-40_ja_JP.html"
"3193","前期","前期","水2","241101-41","健康医療科学基礎演習","山本 周史","https://cssy.aasa.ac.jp/syllabusHtml/2026/14/14_241101-41_ja_JP.html"
"3194","前期","前期","木2","241101-42","健康医療科学基礎演習","澤井 朱美","https://cssy.aasa.ac.jp/syllabusHtml/2026/14/14_241101-42_ja_JP.html"
"3195","前期","前期","木2","241101-43","健康医療科学基礎演習","豊嶋 陵司","https://cssy.aasa.ac.jp/syllabusHtml/2026/14/14_241101-43_ja_JP.html"
"3196","前期","前期","木2","241101-44","健康医療科学基礎演習","矢野 裕介","https://cssy.aasa.ac.jp/syllabusHtml/2026/14/14_241101-44_ja_JP.html"
"3197","前期","前期","木2","241101-45","健康医療科学基礎演習","渡邉 健太郎","https://cssy.aasa.ac.jp/syllabusHtml/2026/14/14_241101-45_ja_JP.html"
"3198","前期","前期","水2","241101-46","健康医療科学基礎演習","小野木 堂人","https://cssy.aasa.ac.jp/syllabusHtml/2026/14/14_241101-46_ja_JP.html"
"3199","前期","前期","水2","241101-47","健康医療科学基礎演習","篠塚 雄希","https://cssy.aasa.ac.jp/syllabusHtml/2026/14/14_241101-47_ja_JP.html"
"3200","前期","前期","水2","241101-48","健康医療科学基礎演習","髙木 省治","https://cssy.aasa.ac.jp/syllabusHtml/2026/14/14_241101-48_ja_JP.html"
"3201","前期","前期","水2","241101-49","健康医療科学基礎演習","福岡 範恭","https://cssy.aasa.ac.jp/syllabusHtml/2026/14/14_241101-49_ja_JP.html"
"3202","前期","前期","水2","241101-50","健康医療科学基礎演習","丹羽 一晃","https://cssy.aasa.ac.jp/syllabusHtml/2026/14/14_241101-50_ja_JP.html"
"3203","前期","前期","火2","241102-01","キャリアデザイン","竹中 啓介 村瀬 幸子 原田 亜希 齋藤 佑規 大竹 功剛 水野 拓実 渡邊 紘乃 畑 ひかり","https://cssy.aasa.ac.jp/syllabusHtml/2026/14/14_241102-01_ja_JP.html"
"3204","前期","前期","木4","241102-02","キャリアデザイン","望月 浩志 高橋 啓介 林 久恵 柴田 元基 松岡 富子","https://cssy.aasa.ac.jp/syllabusHtml/2026/14/14_241102-02_ja_JP.html"
"3205","前期","前期","月1","241102-03","キャリアデザイン","鳥山 喜之","https://cssy.aasa.ac.jp/syllabusHtml/2026/14/14_241102-03_ja_JP.html"
"3206","前期","前期","火4","241102-04","キャリアデザイン","竹田 真由","https://cssy.aasa.ac.jp/syllabusHtml/2026/14/14_241102-04_ja_JP.html"
"3207","前期","前期","月5","241102-05","キャリアデザイン","樋口 貴子","https://cssy.aasa.ac.jp/syllabusHtml/2026/14/14_241102-05_ja_JP.html"
"3208","前期","前期","月5","241102-06","キャリアデザイン","樋口 貴子","https://cssy.aasa.ac.jp/syllabusHtml/2026/14/14_241102-06_ja_JP.html"
"3209","前期","前期","月1","241102-07","キャリアデザイン","篠塚 雄希 山本 敏博 播磨 賢 篠田 利男","https://cssy.aasa.ac.jp/syllabusHtml/2026/14/14_241102-07_ja_JP.html"
"3210","前期","前期","水1","241503-01","認知・学習心理学","太田 直斗","https://cssy.aasa.ac.jp/syllabusHtml/2026/1410/1410_241503-01_ja_JP.html"
"3211","後期","後期","金1","241504-01","臨床心理学","長谷川 明美","https://cssy.aasa.ac.jp/syllabusHtml/2026/1410/1410_241504-01_ja_JP.html"
"3212","後期","後期","金2","241504-02","臨床心理学","石原 真里奈","https://cssy.aasa.ac.jp/syllabusHtml/2026/1410/1410_241504-02_ja_JP.html"
"3213","前期","前期","木2","241505-01","生涯発達心理学","籠宮 隆之","https://cssy.aasa.ac.jp/syllabusHtml/2026/1410/1410_241505-01_ja_JP.html"
"3214","前期","前期","他","241505-02","生涯発達心理学","森 和彦","https://cssy.aasa.ac.jp/syllabusHtml/2026/1410/1410_241505-02_ja_JP.html"
"3215","後期","後期","火1","241511-01","神経系の構造・機能・病態","泉 雅之","https://cssy.aasa.ac.jp/syllabusHtml/2026/1410/1410_241511-01_ja_JP.html"
"3216","後期","後期","金2","241514-01","関係法規・リハビリテーション概論","鳥山 喜之 加賀谷 繁","https://cssy.aasa.ac.jp/syllabusHtml/2026/1410/1410_241514-01_ja_JP.html"
"3217","後期","後期","金1","241516-01","公衆衛生学","加藤 みわ子","https://cssy.aasa.ac.jp/syllabusHtml/2026/1410/1410_241516-01_ja_JP.html"
"3218","後期","後期","水2","241516-02","公衆衛生学","渡邉 良太 森 優太 野口 泰司","https://cssy.aasa.ac.jp/syllabusHtml/2026/1410/1410_241516-02_ja_JP.html"
"3219","後期","後期","水2","241516-03","公衆衛生学","加藤 みわ子","https://cssy.aasa.ac.jp/syllabusHtml/2026/1410/1410_241516-03_ja_JP.html"
"3220","後期","後期","月3","241517-01","チーム医療概論","秋山 秀彦 雪竹 潤 柴田 知行 酒井 昭嘉","https://cssy.aasa.ac.jp/syllabusHtml/2026/1410/1410_241517-01_ja_JP.html"
"3221","前期","前期","火3","241518-01","社会福祉・社会保障制度(多職種連携・地域包括ケア等を含む)","鳥山 喜之 井脇 貴子 加藤 みわ子 稲垣 尚恵","https://cssy.aasa.ac.jp/syllabusHtml/2026/1410/1410_241518-01_ja_JP.html"
"3222","前期","前期","木3","241519-01","医学総論・病理学","柴田 知行","https://cssy.aasa.ac.jp/syllabusHtml/2026/1410/1410_241519-01_ja_JP.html"
"3223","前期","前期","木2","241519-02","医学総論・病理学","加藤 憲 稲垣 秀晃","https://cssy.aasa.ac.jp/syllabusHtml/2026/1410/1410_241519-02_ja_JP.html"
"3224","前期","前期","木2","241519-03","医学総論・病理学","木村 衛","https://cssy.aasa.ac.jp/syllabusHtml/2026/1410/1410_241519-03_ja_JP.html"
"3225","前期","前期","金1","241519-04","医学総論・病理学","雪竹 潤 櫻井 浩平","https://cssy.aasa.ac.jp/syllabusHtml/2026/1410/1410_241519-04_ja_JP.html"
"3226","前期","前期","木1","241520-01","解剖学・生理学概論","稲垣 秀晃","https://cssy.aasa.ac.jp/syllabusHtml/2026/1410/1410_241520-01_ja_JP.html"
"3227","前期","前期","水2","241520-02","解剖学・生理学概論","前野 信久","https://cssy.aasa.ac.jp/syllabusHtml/2026/1410/1410_241520-02_ja_JP.html"
"3228","後期","後期","火2","241521-01","内科学・精神医学・小児科学概論","泉 雅之 東 慶輝 奥村 彰久 倉橋 宏和 髙橋 昇","https://cssy.aasa.ac.jp/syllabusHtml/2026/1410/1410_241521-01_ja_JP.html"
"3229","前期","前期","他","241522-01","薬理概論","眞部 孝幸","https://cssy.aasa.ac.jp/syllabusHtml/2026/1410/1410_241522-01_ja_JP.html"
"3230","前期","前期","火3","241522-02","薬理概論","田宮 真一","https://cssy.aasa.ac.jp/syllabusHtml/2026/1410/1410_241522-02_ja_JP.html"
"3231","前期","前期","水2","241522-03","薬理概論","日比 陽子 堀田 祐志","https://cssy.aasa.ac.jp/syllabusHtml/2026/1410/1410_241522-03_ja_JP.html"
"3232","前期","前期","火1,2","241523-01","神経内科の基礎","植木 美乃 青山 公紀 藤田 政隆 森本 浩之 澤村 彰吾","https://cssy.aasa.ac.jp/syllabusHtml/2026/1410/1410_241523-01_ja_JP.html"
"3233","前期","前期","金4,5","241524-01","リハビリテーション医学","林 久恵 志村 栄二 尾川 貴洋 稲垣 慶之 竹中 啓介","https://cssy.aasa.ac.jp/syllabusHtml/2026/1410/1410_241524-01_ja_JP.html"
"3234","後期","後期","火5","241525-01","脳波学・画像診断学概論","竹内 茂雄","https://cssy.aasa.ac.jp/syllabusHtml/2026/1410/1410_241525-01_ja_JP.html"
"3235","後期","後期","木1","241525-02","脳波学・画像診断学概論","前野 信久","https://cssy.aasa.ac.jp/syllabusHtml/2026/1410/1410_241525-02_ja_JP.html"
"3236","後期","後期","他","241526-01","救急応急処置の基礎","高橋 和大","https://cssy.aasa.ac.jp/syllabusHtml/2026/1410/1410_241526-01_ja_JP.html"
"3237","後期","後期","他","241526-02","救急応急処置の基礎","高橋 和大","https://cssy.aasa.ac.jp/syllabusHtml/2026/1410/1410_241526-02_ja_JP.html"
"3238","前期","前期","他","241526-03","救急応急処置の基礎","高橋 和大","https://cssy.aasa.ac.jp/syllabusHtml/2026/1410/1410_241526-03_ja_JP.html"
"3239","前期","前期","他","241526-04","救急応急処置の基礎","高橋 和大","https://cssy.aasa.ac.jp/syllabusHtml/2026/1410/1410_241526-04_ja_JP.html"
"3240","前期","前期","金3","241527-01","感染予防概論","柴田 知行","https://cssy.aasa.ac.jp/syllabusHtml/2026/1410/1410_241527-01_ja_JP.html"
"3241","前期","前期","木2","241527-02","感染予防概論","雪竹 潤","https://cssy.aasa.ac.jp/syllabusHtml/2026/1410/1410_241527-02_ja_JP.html"
"3242","後期","後期","水3","244105-01","生涯健康医学","大川 議徳","https://cssy.aasa.ac.jp/syllabusHtml/2026/1420/1420_244105-01_ja_JP.html"
"3243","後期","後期","水2","244107-01","ストレスマネジメント","坪田 祐基","https://cssy.aasa.ac.jp/syllabusHtml/2026/1420/1420_244107-01_ja_JP.html"
"3244","後期","後期","水4","244110-01","生理学","大塚 嘉久","https://cssy.aasa.ac.jp/syllabusHtml/2026/1420/1420_244110-01_ja_JP.html"
"3245","前期","前期","火3","244115-01","体力測定・評価","平野 雅巳 亀谷 良介","https://cssy.aasa.ac.jp/syllabusHtml/2026/1420/1420_244115-01_ja_JP.html"
"3246","前期","前期","木5","244117-01","体育学概論(原理･学史・文化史含む)","矢野 裕介","https://cssy.aasa.ac.jp/syllabusHtml/2026/1420/1420_244117-01_ja_JP.html"
"3247","前期","前期","月2","244118-01","スポーツ心理学","山本 浩二","https://cssy.aasa.ac.jp/syllabusHtml/2026/1420/1420_244118-01_ja_JP.html"
"3248","後期","後期","火3","244119-01","スポーツ生理学","平野 雅巳","https://cssy.aasa.ac.jp/syllabusHtml/2026/1420/1420_244119-01_ja_JP.html"
"3249","後期","後期","水3","244120-01","障がい者スポーツ論","荒賀 博志","https://cssy.aasa.ac.jp/syllabusHtml/2026/1420/1420_244120-01_ja_JP.html"
"3250","後期","後期","水4","244120-02","障がい者スポーツ論","荒賀 博志","https://cssy.aasa.ac.jp/syllabusHtml/2026/1420/1420_244120-02_ja_JP.html"
"3251","前期","前期","月2","244123-01","健康栄養学","松島 佳子","https://cssy.aasa.ac.jp/syllabusHtml/2026/1420/1420_244123-01_ja_JP.html"
"3252","後期","後期","水1","244128-01","レクリエーショナルスポーツ","澤井 朱美","https://cssy.aasa.ac.jp/syllabusHtml/2026/1420/1420_244128-01_ja_JP.html"
"3253","後期","後期","月2","244129-01","運動解剖学","豊嶋 陵司","https://cssy.aasa.ac.jp/syllabusHtml/2026/1420/1420_244129-01_ja_JP.html"
"3254","後期","後期","木3","244130-01","基礎身体運動","矢野 裕介 山本 浩二 伊藤 裕一","https://cssy.aasa.ac.jp/syllabusHtml/2026/1420/1420_244130-01_ja_JP.html"
"3255","前期","前期","木3","244131-01","調査法演習","酒井 拓人","https://cssy.aasa.ac.jp/syllabusHtml/2026/1420/1420_244131-01_ja_JP.html"
"3256","前期","前期","木4","244131-02","調査法演習","酒井 拓人","https://cssy.aasa.ac.jp/syllabusHtml/2026/1420/1420_244131-02_ja_JP.html"
"3257","前期","前期","金4","244131-03","調査法演習","坪田 祐基","https://cssy.aasa.ac.jp/syllabusHtml/2026/1420/1420_244131-03_ja_JP.html"
"3258","前期","前期","木3","244132-01","保健体育教育概論","伊藤 裕一","https://cssy.aasa.ac.jp/syllabusHtml/2026/1420/1420_244132-01_ja_JP.html"
"3259","前期","前期","水4","244133-01","解剖学","大塚 嘉久","https://cssy.aasa.ac.jp/syllabusHtml/2026/1420/1420_244133-01_ja_JP.html"
"3260","後期","後期","水5","244134-01","公衆衛生学(衛生学含む)","加藤 憲","https://cssy.aasa.ac.jp/syllabusHtml/2026/1420/1420_244134-01_ja_JP.html"
"3261","後期","後期","金3","244134-02","公衆衛生学(衛生学含む)","加藤 憲","https://cssy.aasa.ac.jp/syllabusHtml/2026/1420/1420_244134-02_ja_JP.html"
"3262","前期","前期","水3","244135-01","レクリエーション概論","高柳 竜一","https://cssy.aasa.ac.jp/syllabusHtml/2026/1420/1420_244135-01_ja_JP.html"
"3263","前期","前期","木4","244136-01","生涯発達心理学","坪田 祐基","https://cssy.aasa.ac.jp/syllabusHtml/2026/1420/1420_244136-01_ja_JP.html"
"3264","後期","後期","金4","244138-01","臨床心理学","坪田 祐基","https://cssy.aasa.ac.jp/syllabusHtml/2026/1420/1420_244138-01_ja_JP.html"
"3265","後期","後期","木3","244213-01","体力測定・評価演習","平野 雅巳 島 典広 安藤 みゆき 亀谷 良介 澤井 朱美","https://cssy.aasa.ac.jp/syllabusHtml/2026/1420/1420_244213-01_ja_JP.html"
"3266","後期","後期","木4","244213-02","体力測定・評価演習","平野 雅巳 島 典広 安藤 みゆき 亀谷 良介 澤井 朱美","https://cssy.aasa.ac.jp/syllabusHtml/2026/1420/1420_244213-02_ja_JP.html"
"3267","前期","前期","木3","244214-01","健康スポーツ医学","渡邉 健太郎","https://cssy.aasa.ac.jp/syllabusHtml/2026/1420/1420_244214-01_ja_JP.html"
"3268","後期","後期","月3","244216-01","救急・応急処置演習","渡邉 健太郎 髙木 省治 山本 敏博 丹羽 一晃 篠塚 雄希 澤井 朱美 福岡 範恭 篠田 利男 笠井 信一","https://cssy.aasa.ac.jp/syllabusHtml/2026/1420/1420_244216-01_ja_JP.html"
"3269","後期","後期","月4","244216-02","救急・応急処置演習","渡邉 健太郎 髙木 省治 山本 敏博 丹羽 一晃 篠塚 雄希 澤井 朱美 福岡 範恭 篠田 利男 笠井 信一","https://cssy.aasa.ac.jp/syllabusHtml/2026/1420/1420_244216-02_ja_JP.html"
"3270","前期","前期","月1","244217-01","スポーツ経営管理学","矢野 裕介","https://cssy.aasa.ac.jp/syllabusHtml/2026/1420/1420_244217-01_ja_JP.html"
"3271","後期","後期","金1","244218-01","スポーツ社会学","矢野 裕介","https://cssy.aasa.ac.jp/syllabusHtml/2026/1420/1420_244218-01_ja_JP.html"
"3272","後期","後期","火3","244219-01","運動方法学","豊嶋 陵司","https://cssy.aasa.ac.jp/syllabusHtml/2026/1420/1420_244219-01_ja_JP.html"
"3273","前期","前期","月1","244220-01","スポーツ栄養学","松島 佳子","https://cssy.aasa.ac.jp/syllabusHtml/2026/1420/1420_244220-01_ja_JP.html"
"3274","前期","前期","月3","244221-01","バイオメカニクス","豊嶋 陵司","https://cssy.aasa.ac.jp/syllabusHtml/2026/1420/1420_244221-01_ja_JP.html"
"3275","前期","前期","水4","244222-01","スポーツトレーニング論","山本 周史","https://cssy.aasa.ac.jp/syllabusHtml/2026/1420/1420_244222-01_ja_JP.html"
"3276","前期","前期","金4","244224-01","スポーツ指導方法論","山本 周史","https://cssy.aasa.ac.jp/syllabusHtml/2026/1420/1420_244224-01_ja_JP.html"
"3277","後期","後期","水2","244226-01","スポーツコンディショニング演習","山本 周史 豊嶋 陵司","https://cssy.aasa.ac.jp/syllabusHtml/2026/1420/1420_244226-01_ja_JP.html"
"3278","後期","後期","水3","244226-02","スポーツコンディショニング演習","山本 周史 豊嶋 陵司","https://cssy.aasa.ac.jp/syllabusHtml/2026/1420/1420_244226-02_ja_JP.html"
"3279","後期","後期","水4","244226-03","スポーツコンディショニング演習","山本 周史 豊嶋 陵司","https://cssy.aasa.ac.jp/syllabusHtml/2026/1420/1420_244226-03_ja_JP.html"
"3280","後期","後期","木5","244227-01","スポーツ情報論","矢野 裕介","https://cssy.aasa.ac.jp/syllabusHtml/2026/1420/1420_244227-01_ja_JP.html"
"3281","後期","後期","金2","244229-01","学校保健(小児保健、精神保健、学校安全)","山田 浩平","https://cssy.aasa.ac.jp/syllabusHtml/2026/1420/1420_244229-01_ja_JP.html"
"3282","前期","前期","水4","244230-01","レクリエーション支援演習","澤井 朱美","https://cssy.aasa.ac.jp/syllabusHtml/2026/1420/1420_244230-01_ja_JP.html"
"3283","後期","後期","水3","244231-01","レクリエーション基礎演習","澤井 朱美","https://cssy.aasa.ac.jp/syllabusHtml/2026/1420/1420_244231-01_ja_JP.html"
"3284","後期","後期","水4","244231-02","レクリエーション基礎演習","澤井 朱美","https://cssy.aasa.ac.jp/syllabusHtml/2026/1420/1420_244231-02_ja_JP.html"
"3285","前期","前期","月4","244232-01","体育実技A 水泳","平野 雅巳","https://cssy.aasa.ac.jp/syllabusHtml/2026/1420/1420_244232-01_ja_JP.html"
"3286","後期","後期","月2","244232-02","体育実技A 水泳","松田 有司","https://cssy.aasa.ac.jp/syllabusHtml/2026/1420/1420_244232-02_ja_JP.html"
"3287","後期","後期","月1","244232-03","体育実技A 水泳","松田 有司","https://cssy.aasa.ac.jp/syllabusHtml/2026/1420/1420_244232-03_ja_JP.html"
"3288","前期","前期","水1","244233-01","体育実技B 陸上競技","中田 有紀","https://cssy.aasa.ac.jp/syllabusHtml/2026/1420/1420_244233-01_ja_JP.html"
"3289","前期","前期","水2","244233-02","体育実技B 陸上競技","中田 有紀","https://cssy.aasa.ac.jp/syllabusHtml/2026/1420/1420_244233-02_ja_JP.html"
"3290","前期","前期","木1","244233-03","体育実技B 陸上競技","中田 有紀","https://cssy.aasa.ac.jp/syllabusHtml/2026/1420/1420_244233-03_ja_JP.html"
"3291","前期","前期","水1","244234-01","体育実技C 体づくり・器械運動","岡本 敦","https://cssy.aasa.ac.jp/syllabusHtml/2026/1420/1420_244234-01_ja_JP.html"
"3292","前期","前期","水2","244234-02","体育実技C 体づくり・器械運動","岡本 敦","https://cssy.aasa.ac.jp/syllabusHtml/2026/1420/1420_244234-02_ja_JP.html"
"3293","前期","前期","水3","244234-03","体育実技C 体づくり・器械運動","岡本 敦","https://cssy.aasa.ac.jp/syllabusHtml/2026/1420/1420_244234-03_ja_JP.html"
"3294","後期","後期","木1","244235-01","体育実技D 体操・ダンス","田中 望","https://cssy.aasa.ac.jp/syllabusHtml/2026/1420/1420_244235-01_ja_JP.html"
"3295","後期","後期","木2","244235-02","体育実技D 体操・ダンス","田中 望","https://cssy.aasa.ac.jp/syllabusHtml/2026/1420/1420_244235-02_ja_JP.html"
"3296","前期","前期","月5","244236-01","体育実技E 武道1(剣道)","矢野 裕介","https://cssy.aasa.ac.jp/syllabusHtml/2026/1420/1420_244236-01_ja_JP.html"
"3297","後期","後期","木4","244237-01","体育実技F 武道2(柔道)","山本 浩二","https://cssy.aasa.ac.jp/syllabusHtml/2026/1420/1420_244237-01_ja_JP.html"
"3298","後期","後期","木5","244237-02","体育実技F 武道2(柔道)","山本 浩二","https://cssy.aasa.ac.jp/syllabusHtml/2026/1420/1420_244237-02_ja_JP.html"
"3299","前期","前期","木2","244238-01","スポーツ実技G バレーボール","本多 広国","https://cssy.aasa.ac.jp/syllabusHtml/2026/1420/1420_244238-01_ja_JP.html"
"3300","後期","後期","木1","244238-02","スポーツ実技G バレーボール","本多 広国","https://cssy.aasa.ac.jp/syllabusHtml/2026/1420/1420_244238-02_ja_JP.html"
"3301","後期","後期","木2","244238-03","スポーツ実技G バレーボール","本多 広国","https://cssy.aasa.ac.jp/syllabusHtml/2026/1420/1420_244238-03_ja_JP.html"
"3302","後期","後期","火1","244239-01","スポーツ実技H バスケットボール","神谷 知里","https://cssy.aasa.ac.jp/syllabusHtml/2026/1420/1420_244239-01_ja_JP.html"
"3303","後期","後期","火2","244239-02","スポーツ実技H バスケットボール","神谷 知里","https://cssy.aasa.ac.jp/syllabusHtml/2026/1420/1420_244239-02_ja_JP.html"
"3304","前期","前期","金1","244240-01","スポーツ実技I ハンドボール","浅野 幹也","https://cssy.aasa.ac.jp/syllabusHtml/2026/1420/1420_244240-01_ja_JP.html"
"3305","後期","後期","水3","244241-01","スポーツ実技J サッカー","中川 貴光","https://cssy.aasa.ac.jp/syllabusHtml/2026/1420/1420_244241-01_ja_JP.html"
"3306","後期","後期","水4","244241-02","スポーツ実技J サッカー","中川 貴光","https://cssy.aasa.ac.jp/syllabusHtml/2026/1420/1420_244241-02_ja_JP.html"
"3307","前期","前期","火1","244242-01","スポーツ実技K ラグビー","小栁 竜太","https://cssy.aasa.ac.jp/syllabusHtml/2026/1420/1420_244242-01_ja_JP.html"
"3308","前期","前期","金2","244243-01","スポーツ実技L ソフトボール","島 典広","https://cssy.aasa.ac.jp/syllabusHtml/2026/1420/1420_244243-01_ja_JP.html"
"3309","後期","後期","火1","244244-01","スポーツ実技M テニス","刑部 純平","https://cssy.aasa.ac.jp/syllabusHtml/2026/1420/1420_244244-01_ja_JP.html"
"3310","後期","後期","水2","244245-01","スポーツ実技N 卓球","海津 富美代","https://cssy.aasa.ac.jp/syllabusHtml/2026/1420/1420_244245-01_ja_JP.html"
"3311","前期","前期","水3","244246-01","スポーツ実技O バドミントン","藤巻 裕昌","https://cssy.aasa.ac.jp/syllabusHtml/2026/1420/1420_244246-01_ja_JP.html"
"3312","後期","後期","他","244248-01","野外実習2(スキー)","山本 周史 本多 広国 島 典広 長崎 大 澤井 朱美","https://cssy.aasa.ac.jp/syllabusHtml/2026/1420/1420_244248-01_ja_JP.html"
"3313","前期","前期","他","244249-01","野外実習1(キャンプ)","平野 雅巳 平田 裕一 永山 寛 長谷川 望 豊嶋 陵司 櫻木 規美子 水﨑 佑毅 澤井 朱美","https://cssy.aasa.ac.jp/syllabusHtml/2026/1420/1420_244249-01_ja_JP.html"
"3314","後期","後期","月3","244250-01","ライフステージと栄養","近藤 早希","https://cssy.aasa.ac.jp/syllabusHtml/2026/1420/1420_244250-01_ja_JP.html"
"3315","前期","前期","水4","244256-01","心理査定理論","坪田 祐基","https://cssy.aasa.ac.jp/syllabusHtml/2026/1420/1420_244256-01_ja_JP.html"
"3316","後期","後期","木4","244267-01","学校のメンタルヘルス","坪田 祐基","https://cssy.aasa.ac.jp/syllabusHtml/2026/1420/1420_244267-01_ja_JP.html"
"3317","前期","前期","月2","244269-01","エアロビクス","今崎 実千代","https://cssy.aasa.ac.jp/syllabusHtml/2026/1420/1420_244269-01_ja_JP.html"
"3318","前期","前期","月3","244269-02","エアロビクス","今崎 実千代","https://cssy.aasa.ac.jp/syllabusHtml/2026/1420/1420_244269-02_ja_JP.html"
"3319","前期","前期","金3","244270-01","アクアビクス","今崎 実千代","https://cssy.aasa.ac.jp/syllabusHtml/2026/1420/1420_244270-01_ja_JP.html"
"3320","前期","前期","火3","244270-02","アクアビクス","外部講師(Ms.Unite MU)","https://cssy.aasa.ac.jp/syllabusHtml/2026/1420/1420_244270-02_ja_JP.html"
"3321","前期","前期","金5","244271-01","研究手法","坪田 祐基 矢野 裕介 澤井 朱美","https://cssy.aasa.ac.jp/syllabusHtml/2026/1420/1420_244271-01_ja_JP.html"
"3322","後期","後期","月3","244272-01","実践統計学","鹿島 恵理","https://cssy.aasa.ac.jp/syllabusHtml/2026/1420/1420_244272-01_ja_JP.html"
"3323","後期","後期","月4","244272-02","実践統計学","鹿島 恵理","https://cssy.aasa.ac.jp/syllabusHtml/2026/1420/1420_244272-02_ja_JP.html"
"3324","後期","後期","火1","244272-03","実践統計学","神野 真麻","https://cssy.aasa.ac.jp/syllabusHtml/2026/1420/1420_244272-03_ja_JP.html"
"3325","後期","後期","火2","244272-04","実践統計学","神野 真麻","https://cssy.aasa.ac.jp/syllabusHtml/2026/1420/1420_244272-04_ja_JP.html"
"3326","後期","後期","月5","244273-01","身体運動測定法演習","豊嶋 陵司 笠井 信一","https://cssy.aasa.ac.jp/syllabusHtml/2026/1420/1420_244273-01_ja_JP.html"
"3327","後期","後期","月1","244274-01","保健体育実践演習Ⅰ","伊藤 裕一","https://cssy.aasa.ac.jp/syllabusHtml/2026/1420/1420_244274-01_ja_JP.html"
"3328","後期","後期","月2","244274-02","保健体育実践演習Ⅰ","伊藤 裕一","https://cssy.aasa.ac.jp/syllabusHtml/2026/1420/1420_244274-02_ja_JP.html"
"3329","前期","前期","金1,2","244275-01","保健体育実践演習Ⅱ","伊藤 裕一","https://cssy.aasa.ac.jp/syllabusHtml/2026/1420/1420_244275-01_ja_JP.html"
"3330","前期","前期","金3,4","244275-02","保健体育実践演習Ⅱ","伊藤 裕一","https://cssy.aasa.ac.jp/syllabusHtml/2026/1420/1420_244275-02_ja_JP.html"
"3331","後期","後期","月4","244276-01","食事療法学","近藤 早希","https://cssy.aasa.ac.jp/syllabusHtml/2026/1420/1420_244276-01_ja_JP.html"
"3332","後期","後期","金3","244279-01","野外教育概論","平田 裕一","https://cssy.aasa.ac.jp/syllabusHtml/2026/1420/1420_244279-01_ja_JP.html"
"3333","後期","後期","金4","244280-01","保健体育教職演習Ⅰ","伊藤 裕一","https://cssy.aasa.ac.jp/syllabusHtml/2026/1420/1420_244280-01_ja_JP.html"
"3334","後期","後期","金5","244280-02","保健体育教職演習Ⅰ","伊藤 裕一","https://cssy.aasa.ac.jp/syllabusHtml/2026/1420/1420_244280-02_ja_JP.html"
"3335","前期","前期","月3","244281-01","保健体育教職演習Ⅱ","伊藤 裕一","https://cssy.aasa.ac.jp/syllabusHtml/2026/1420/1420_244281-01_ja_JP.html"
"3336","前期","前期","月4","244281-02","保健体育教職演習Ⅱ","伊藤 裕一","https://cssy.aasa.ac.jp/syllabusHtml/2026/1420/1420_244281-02_ja_JP.html"
"3337","後期","後期","火3","244282-01","保健体育教職演習Ⅲ","伊藤 裕一","https://cssy.aasa.ac.jp/syllabusHtml/2026/1420/1420_244282-01_ja_JP.html"
"3338","後期","後期","木2","244282-02","保健体育教職演習Ⅲ","伊藤 裕一","https://cssy.aasa.ac.jp/syllabusHtml/2026/1420/1420_244282-02_ja_JP.html"
"3339","前期","前期","水5","244285-01","健康運動指導演習Ⅰ","平野 雅巳 豊嶋 陵司","https://cssy.aasa.ac.jp/syllabusHtml/2026/1420/1420_244285-01_ja_JP.html"
"3340","後期","後期","月3","244286-01","健康運動指導演習Ⅱ","平野 雅巳","https://cssy.aasa.ac.jp/syllabusHtml/2026/1420/1420_244286-01_ja_JP.html"
"3341","後期","後期","水1,2","244287-01","スポーツ栄養学実習","近藤 早希","https://cssy.aasa.ac.jp/syllabusHtml/2026/1420/1420_244287-01_ja_JP.html"
"3342","前期","前期","木4","244289-01","教員採用試験対策講座Ⅰ","伊藤 裕一","https://cssy.aasa.ac.jp/syllabusHtml/2026/1420/1420_244289-01_ja_JP.html"
"3343","前期","前期","金3,4","244290-01","教員採用試験対策講座Ⅱ","伊藤 裕一","https://cssy.aasa.ac.jp/syllabusHtml/2026/1420/1420_244290-01_ja_JP.html"
"3344","前期","前期","水2","244294-01","健康産業施設現場演習","豊嶋 陵司 平野 雅巳","https://cssy.aasa.ac.jp/syllabusHtml/2026/1420/1420_244294-01_ja_JP.html"
"3345","前期","前期","月2","244301-01","健康科学研究Ⅰ","豊嶋 陵司","https://cssy.aasa.ac.jp/syllabusHtml/2026/1420/1420_244301-01_ja_JP.html"
"3346","前期","前期","月2","244301-02","健康科学研究Ⅰ","渡邉 健太郎","https://cssy.aasa.ac.jp/syllabusHtml/2026/1420/1420_244301-02_ja_JP.html"
"3347","前期","前期","月2","244301-03","健康科学研究Ⅰ","矢野 裕介","https://cssy.aasa.ac.jp/syllabusHtml/2026/1420/1420_244301-03_ja_JP.html"
"3348","前期","前期","火3","244301-04","健康科学研究Ⅰ","坪田 祐基","https://cssy.aasa.ac.jp/syllabusHtml/2026/1420/1420_244301-04_ja_JP.html"
"3349","前期","前期","水1","244301-05","健康科学研究Ⅰ","山本 浩二","https://cssy.aasa.ac.jp/syllabusHtml/2026/1420/1420_244301-05_ja_JP.html"
"3350","前期","前期","金3","244301-06","健康科学研究Ⅰ","澤井 朱美","https://cssy.aasa.ac.jp/syllabusHtml/2026/1420/1420_244301-06_ja_JP.html"
"3351","前期","前期","金3","244301-07","健康科学研究Ⅰ","平野 雅巳","https://cssy.aasa.ac.jp/syllabusHtml/2026/1420/1420_244301-07_ja_JP.html"
"3352","前期","前期","金3","244301-08","健康科学研究Ⅰ","山本 周史","https://cssy.aasa.ac.jp/syllabusHtml/2026/1420/1420_244301-08_ja_JP.html"
"3353","後期","後期","木1,2","244301-09","健康科学研究Ⅰ","近藤 早希","https://cssy.aasa.ac.jp/syllabusHtml/2026/1420/1420_244301-09_ja_JP.html"
"3354","後期","後期","月1","244302-01","健康科学研究Ⅱ","平野 雅巳","https://cssy.aasa.ac.jp/syllabusHtml/2026/1420/1420_244302-01_ja_JP.html"
"3355","後期","後期","月2","244302-02","健康科学研究Ⅱ","澤井 朱美","https://cssy.aasa.ac.jp/syllabusHtml/2026/1420/1420_244302-02_ja_JP.html"
"3356","後期","後期","月2","244302-03","健康科学研究Ⅱ","渡邉 健太郎","https://cssy.aasa.ac.jp/syllabusHtml/2026/1420/1420_244302-03_ja_JP.html"
"3357","後期","後期","水1","244302-04","健康科学研究Ⅱ","山本 浩二","https://cssy.aasa.ac.jp/syllabusHtml/2026/1420/1420_244302-04_ja_JP.html"
"3358","後期","後期","水4","244302-05","健康科学研究Ⅱ","坪田 祐基","https://cssy.aasa.ac.jp/syllabusHtml/2026/1420/1420_244302-05_ja_JP.html"
"3359","後期","後期","木1,2","244302-06","健康科学研究Ⅱ","近藤 早希","https://cssy.aasa.ac.jp/syllabusHtml/2026/1420/1420_244302-06_ja_JP.html"
"3360","後期","後期","木2","244302-07","健康科学研究Ⅱ","矢野 裕介","https://cssy.aasa.ac.jp/syllabusHtml/2026/1420/1420_244302-07_ja_JP.html"
"3361","後期","後期","金3","244302-08","健康科学研究Ⅱ","豊嶋 陵司","https://cssy.aasa.ac.jp/syllabusHtml/2026/1420/1420_244302-08_ja_JP.html"
"3362","後期","後期","金3","244302-09","健康科学研究Ⅱ","山本 周史","https://cssy.aasa.ac.jp/syllabusHtml/2026/1420/1420_244302-09_ja_JP.html"
"3363","前期","前期","月3","244303-01","健康科学研究Ⅲ","渡邉 健太郎","https://cssy.aasa.ac.jp/syllabusHtml/2026/1420/1420_244303-01_ja_JP.html"
"3364","前期","前期","月4","244303-02","健康科学研究Ⅲ","矢野 裕介","https://cssy.aasa.ac.jp/syllabusHtml/2026/1420/1420_244303-02_ja_JP.html"
"3365","前期","前期","木1","244303-03","健康科学研究Ⅲ","笠井 信一","https://cssy.aasa.ac.jp/syllabusHtml/2026/1420/1420_244303-03_ja_JP.html"
"3366","前期","前期","木3","244303-04","健康科学研究Ⅲ","坪田 祐基","https://cssy.aasa.ac.jp/syllabusHtml/2026/1420/1420_244303-04_ja_JP.html"
"3367","前期","前期","木3","244303-05","健康科学研究Ⅲ","豊嶋 陵司","https://cssy.aasa.ac.jp/syllabusHtml/2026/1420/1420_244303-05_ja_JP.html"
"3368","前期","前期","金2","244303-06","健康科学研究Ⅲ","澤井 朱美","https://cssy.aasa.ac.jp/syllabusHtml/2026/1420/1420_244303-06_ja_JP.html"
"3369","前期","前期","金1","244303-07","健康科学研究Ⅲ","平野 雅巳","https://cssy.aasa.ac.jp/syllabusHtml/2026/1420/1420_244303-07_ja_JP.html"
"3370","前期","前期","金2","244303-08","健康科学研究Ⅲ","山本 周史","https://cssy.aasa.ac.jp/syllabusHtml/2026/1420/1420_244303-08_ja_JP.html"
"3371","後期","後期","水2","244304-01","健康科学研究Ⅳ","平野 雅巳","https://cssy.aasa.ac.jp/syllabusHtml/2026/1420/1420_244304-01_ja_JP.html"
"3372","後期","後期","月2","244304-02","健康科学研究Ⅳ","笠井 信一","https://cssy.aasa.ac.jp/syllabusHtml/2026/1420/1420_244304-02_ja_JP.html"
"3373","後期","後期","水3","244304-03","健康科学研究Ⅳ","坪田 祐基","https://cssy.aasa.ac.jp/syllabusHtml/2026/1420/1420_244304-03_ja_JP.html"
"3374","後期","後期","水3","244304-04","健康科学研究Ⅳ","近藤 早希","https://cssy.aasa.ac.jp/syllabusHtml/2026/1420/1420_244304-04_ja_JP.html"
"3375","後期","後期","木2","244304-05","健康科学研究Ⅳ","渡邉 健太郎","https://cssy.aasa.ac.jp/syllabusHtml/2026/1420/1420_244304-05_ja_JP.html"
"3376","後期","後期","木2","244304-06","健康科学研究Ⅳ","澤井 朱美","https://cssy.aasa.ac.jp/syllabusHtml/2026/1420/1420_244304-06_ja_JP.html"
"3377","後期","後期","金2","244304-07","健康科学研究Ⅳ","山本 周史","https://cssy.aasa.ac.jp/syllabusHtml/2026/1420/1420_244304-07_ja_JP.html"
"3378","後期","後期","金2","244304-08","健康科学研究Ⅳ","矢野 裕介","https://cssy.aasa.ac.jp/syllabusHtml/2026/1420/1420_244304-08_ja_JP.html"
"3379","後期","後期","金4","244304-09","健康科学研究Ⅳ","豊嶋 陵司","https://cssy.aasa.ac.jp/syllabusHtml/2026/1420/1420_244304-09_ja_JP.html"
"3380","後期","後期","他","244305-02","卒業論文","近藤 早希","https://cssy.aasa.ac.jp/syllabusHtml/2026/1420/1420_244305-02_ja_JP.html"
"3381","後期","後期","他","244305-03","卒業論文","澤井 朱美","https://cssy.aasa.ac.jp/syllabusHtml/2026/1420/1420_244305-03_ja_JP.html"
"3382","後期","後期","他","244305-04","卒業論文","坪田 祐基","https://cssy.aasa.ac.jp/syllabusHtml/2026/1420/1420_244305-04_ja_JP.html"
"3383","後期","後期","他","244305-05","卒業論文","豊嶋 陵司","https://cssy.aasa.ac.jp/syllabusHtml/2026/1420/1420_244305-05_ja_JP.html"
"3384","後期","後期","他","244305-06","卒業論文","平野 雅巳","https://cssy.aasa.ac.jp/syllabusHtml/2026/1420/1420_244305-06_ja_JP.html"
"3385","後期","後期","他","244305-07","卒業論文","矢野 裕介","https://cssy.aasa.ac.jp/syllabusHtml/2026/1420/1420_244305-07_ja_JP.html"
"3386","後期","後期","他","244305-08","卒業論文","山本 周史","https://cssy.aasa.ac.jp/syllabusHtml/2026/1420/1420_244305-08_ja_JP.html"
"3387","後期","後期","他","244305-09","卒業論文","渡邉 健太郎","https://cssy.aasa.ac.jp/syllabusHtml/2026/1420/1420_244305-09_ja_JP.html"
"3388","前期","前期","火3","246101-01","健康医学総論","渡邉 健太郎 加藤 憲 竹内 茂雄 篠塚 雄希","https://cssy.aasa.ac.jp/syllabusHtml/2026/1420/1420_246101-01_ja_JP.html"
"3389","前期","前期","木3","246102-01","生涯スポーツ論","矢野 裕介 澤井 朱美","https://cssy.aasa.ac.jp/syllabusHtml/2026/1420/1420_246102-01_ja_JP.html"
"3390","後期","後期","木2","246103-01","心理学基礎論","坪田 祐基","https://cssy.aasa.ac.jp/syllabusHtml/2026/1420/1420_246103-01_ja_JP.html"
"3391","前期","前期","他","246104-01","公共政策演習Ⅰ","外部講師(大原学園) 救急","https://cssy.aasa.ac.jp/syllabusHtml/2026/1420/1420_246104-01_ja_JP.html"
"3392","後期","後期","他","246105-01","公共政策演習Ⅱ","外部講師(大原学園) 救急","https://cssy.aasa.ac.jp/syllabusHtml/2026/1420/1420_246105-01_ja_JP.html"
"3393","前期","前期","木1","245105-01","社会福祉概論","島田 肇","https://cssy.aasa.ac.jp/syllabusHtml/2026/1430/1430_245105-01_ja_JP.html"
"3394","前期","前期","木2","245105-02","社会福祉概論","島田 肇","https://cssy.aasa.ac.jp/syllabusHtml/2026/1430/1430_245105-02_ja_JP.html"
"3395","前期","通年","他","245151-01","栄養総合演習Ⅱ","武山 英麿 榎 裕美 百合草 誠 小久保 友貴 高清 ゆうみ 東山 幸恵 岩崎 祐子 持丸 由香 山本 博之 西澤 早紀子 石原 則幸","https://cssy.aasa.ac.jp/syllabusHtml/2026/1430/1430_245151-01_ja_JP.html"
"3396","前期","通年","他","245152-01","臨地実習Ⅰ(給食経営管理論)","持丸 由香 榎 裕美 百合草 誠 武山 英麿 小久保 友貴 高清 ゆうみ 東山 幸恵 岩崎 祐子 山本 博之 石原 則幸","https://cssy.aasa.ac.jp/syllabusHtml/2026/1430/1430_245152-01_ja_JP.html"
"3397","前期","通年","他","245153-01","臨地実習Ⅱ(臨床栄養学)","東山 幸恵 榎 裕美 百合草 誠 武山 英麿 小久保 友貴 高清 ゆうみ 岩崎 祐子 持丸 由香 山本 博之 石原 則幸","https://cssy.aasa.ac.jp/syllabusHtml/2026/1430/1430_245153-01_ja_JP.html"
"3398","前期","通年","他","245154-01","臨地実習Ⅲ(臨床栄養学)","東山 幸恵 榎 裕美 百合草 誠 武山 英麿 小久保 友貴 高清 ゆうみ 岩崎 祐子 持丸 由香 山本 博之 石原 則幸","https://cssy.aasa.ac.jp/syllabusHtml/2026/1430/1430_245154-01_ja_JP.html"
"3399","前期","通年","他","245155-01","臨地実習Ⅳ(臨床栄養学)","東山 幸恵 榎 裕美 百合草 誠 武山 英麿 小久保 友貴 高清 ゆうみ 岩崎 祐子 持丸 由香 山本 博之 石原 則幸","https://cssy.aasa.ac.jp/syllabusHtml/2026/1430/1430_245155-01_ja_JP.html"
"3400","前期","前期","月3","245158-01","健康栄養学研究Ⅲ","植村 和正","https://cssy.aasa.ac.jp/syllabusHtml/2026/1430/1430_245158-01_ja_JP.html"
"3401","前期","前期","水1","245158-02","健康栄養学研究Ⅲ","岩崎 祐子","https://cssy.aasa.ac.jp/syllabusHtml/2026/1430/1430_245158-02_ja_JP.html"
"3402","前期","前期","水1","245158-03","健康栄養学研究Ⅲ","高清 ゆうみ","https://cssy.aasa.ac.jp/syllabusHtml/2026/1430/1430_245158-03_ja_JP.html"
"3403","前期","前期","水3","245158-04","健康栄養学研究Ⅲ","榎 裕美","https://cssy.aasa.ac.jp/syllabusHtml/2026/1430/1430_245158-04_ja_JP.html"
"3404","前期","前期","水3","245158-05","健康栄養学研究Ⅲ","小久保 友貴","https://cssy.aasa.ac.jp/syllabusHtml/2026/1430/1430_245158-05_ja_JP.html"
"3405","前期","前期","月5","245158-06","健康栄養学研究Ⅲ","百合草 誠","https://cssy.aasa.ac.jp/syllabusHtml/2026/1430/1430_245158-06_ja_JP.html"
"3406","前期","前期","水4","245158-07","健康栄養学研究Ⅲ","石原 則幸","https://cssy.aasa.ac.jp/syllabusHtml/2026/1430/1430_245158-07_ja_JP.html"
"3407","前期","前期","水4","245158-08","健康栄養学研究Ⅲ","持丸 由香","https://cssy.aasa.ac.jp/syllabusHtml/2026/1430/1430_245158-08_ja_JP.html"
"3408","前期","前期","木3","245158-09","健康栄養学研究Ⅲ","武山 英麿","https://cssy.aasa.ac.jp/syllabusHtml/2026/1430/1430_245158-09_ja_JP.html"
"3409","前期","前期","木3","245158-10","健康栄養学研究Ⅲ","東山 幸恵","https://cssy.aasa.ac.jp/syllabusHtml/2026/1430/1430_245158-10_ja_JP.html"
"3410","前期","前期","金2","245158-11","健康栄養学研究Ⅲ","山本 博之","https://cssy.aasa.ac.jp/syllabusHtml/2026/1430/1430_245158-11_ja_JP.html"
"3411","後期","後期","水1","245159-01","健康栄養学研究Ⅳ","岩崎 祐子","https://cssy.aasa.ac.jp/syllabusHtml/2026/1430/1430_245159-01_ja_JP.html"
"3412","後期","後期","月2","245159-02","健康栄養学研究Ⅳ","小久保 友貴","https://cssy.aasa.ac.jp/syllabusHtml/2026/1430/1430_245159-02_ja_JP.html"
"3413","後期","後期","月4","245159-03","健康栄養学研究Ⅳ","百合草 誠","https://cssy.aasa.ac.jp/syllabusHtml/2026/1430/1430_245159-03_ja_JP.html"
"3414","後期","後期","水4","245159-04","健康栄養学研究Ⅳ","石原 則幸","https://cssy.aasa.ac.jp/syllabusHtml/2026/1430/1430_245159-04_ja_JP.html"
"3415","後期","後期","水4","245159-05","健康栄養学研究Ⅳ","持丸 由香","https://cssy.aasa.ac.jp/syllabusHtml/2026/1430/1430_245159-05_ja_JP.html"
"3416","後期","後期","木5","245159-06","健康栄養学研究Ⅳ","武山 英麿","https://cssy.aasa.ac.jp/syllabusHtml/2026/1430/1430_245159-06_ja_JP.html"
"3417","後期","後期","木2","245159-07","健康栄養学研究Ⅳ","榎 裕美","https://cssy.aasa.ac.jp/syllabusHtml/2026/1430/1430_245159-07_ja_JP.html"
"3418","後期","後期","木3","245159-08","健康栄養学研究Ⅳ","植村 和正","https://cssy.aasa.ac.jp/syllabusHtml/2026/1430/1430_245159-08_ja_JP.html"
"3419","後期","後期","木3","245159-09","健康栄養学研究Ⅳ","高清 ゆうみ","https://cssy.aasa.ac.jp/syllabusHtml/2026/1430/1430_245159-09_ja_JP.html"
"3420","後期","後期","木3","245159-10","健康栄養学研究Ⅳ","山本 博之","https://cssy.aasa.ac.jp/syllabusHtml/2026/1430/1430_245159-10_ja_JP.html"
"3421","後期","後期","木5","245159-11","健康栄養学研究Ⅳ","東山 幸恵","https://cssy.aasa.ac.jp/syllabusHtml/2026/1430/1430_245159-11_ja_JP.html"
"3422","前期","通年","他","245160-01","卒業論文","岩崎 祐子","https://cssy.aasa.ac.jp/syllabusHtml/2026/1430/1430_245160-01_ja_JP.html"
"3423","前期","通年","他","245160-02","卒業論文","植村 和正","https://cssy.aasa.ac.jp/syllabusHtml/2026/1430/1430_245160-02_ja_JP.html"
"3424","前期","通年","他","245160-03","卒業論文","榎 裕美","https://cssy.aasa.ac.jp/syllabusHtml/2026/1430/1430_245160-03_ja_JP.html"
"3425","前期","通年","他","245160-04","卒業論文","小久保 友貴","https://cssy.aasa.ac.jp/syllabusHtml/2026/1430/1430_245160-04_ja_JP.html"
"3426","前期","通年","他","245160-05","卒業論文","武山 英麿","https://cssy.aasa.ac.jp/syllabusHtml/2026/1430/1430_245160-05_ja_JP.html"
"3427","前期","通年","他","245160-06","卒業論文","東山 幸恵","https://cssy.aasa.ac.jp/syllabusHtml/2026/1430/1430_245160-06_ja_JP.html"
"3428","前期","通年","他","245160-07","卒業論文","持丸 由香","https://cssy.aasa.ac.jp/syllabusHtml/2026/1430/1430_245160-07_ja_JP.html"
"3429","前期","通年","他","245160-08","卒業論文","山本 博之","https://cssy.aasa.ac.jp/syllabusHtml/2026/1430/1430_245160-08_ja_JP.html"
"3430","前期","通年","他","245160-09","卒業論文","百合草 誠","https://cssy.aasa.ac.jp/syllabusHtml/2026/1430/1430_245160-09_ja_JP.html"
"3431","前期","前期","月4","245161-01","管理栄養士特論Ⅰ","武山 英麿 榎 裕美 百合草 誠 小久保 友貴 高清 ゆうみ 東山 幸恵 岩崎 祐子 持丸 由香 山本 博之 西澤 早紀子 石原 則幸","https://cssy.aasa.ac.jp/syllabusHtml/2026/1430/1430_245161-01_ja_JP.html"
"3432","後期","後期","木4","245162-01","管理栄養士特論Ⅱ","武山 英麿 榎 裕美 百合草 誠 小久保 友貴 高清 ゆうみ 東山 幸恵 岩崎 祐子 持丸 由香 山本 博之 西澤 早紀子 石原 則幸","https://cssy.aasa.ac.jp/syllabusHtml/2026/1430/1430_245162-01_ja_JP.html"
"3433","後期","後期","木1","242301-01","言語学","籠宮 隆之 吉田 敬","https://cssy.aasa.ac.jp/syllabusHtml/2026/141010/141010_242301-01_ja_JP.html"
"3434","後期","後期","水1","242302-01","音響学・聴覚心理学","籠宮 隆之","https://cssy.aasa.ac.jp/syllabusHtml/2026/141010/141010_242302-01_ja_JP.html"
"3435","前期","前期","金2","242303-01","音声学・音韻論","籠宮 隆之 吉田 敬","https://cssy.aasa.ac.jp/syllabusHtml/2026/141010/141010_242303-01_ja_JP.html"
"3436","後期","後期","月3","242305-01","言語発達学","筒井 聡子","https://cssy.aasa.ac.jp/syllabusHtml/2026/141010/141010_242305-01_ja_JP.html"
"3437","後期","後期","木1","242306-01","音声学・音響学特論","城 哲哉","https://cssy.aasa.ac.jp/syllabusHtml/2026/141010/141010_242306-01_ja_JP.html"
"3438","後期","後期","水1","242307-01","言語発達学特論","長嶋 比奈美","https://cssy.aasa.ac.jp/syllabusHtml/2026/141010/141010_242307-01_ja_JP.html"
"3439","前期","前期","水3","242310-01","聴覚学特論","井脇 貴子 鶴岡 弘美","https://cssy.aasa.ac.jp/syllabusHtml/2026/141010/141010_242310-01_ja_JP.html"
"3440","後期","後期","木2","242311-01","神経言語学特論","吉田 敬","https://cssy.aasa.ac.jp/syllabusHtml/2026/141010/141010_242311-01_ja_JP.html"
"3441","後期","後期","水4","242312-01","耳鼻咽喉科学","柴田 康子","https://cssy.aasa.ac.jp/syllabusHtml/2026/141010/141010_242312-01_ja_JP.html"
"3442","後期","後期","他","242313-01","形成外科学","大久保 文雄","https://cssy.aasa.ac.jp/syllabusHtml/2026/141010/141010_242313-01_ja_JP.html"
"3443","後期","後期","水5","242314-01","臨床歯科医学・口腔外科学","古川 博雄 夏目 長門 夏目 長奈 速水 佳世","https://cssy.aasa.ac.jp/syllabusHtml/2026/141010/141010_242314-01_ja_JP.html"
"3444","前期","前期","金4","242315-01","聴覚系・発声発語系の構造・機能・病態","平山 肇","https://cssy.aasa.ac.jp/syllabusHtml/2026/141010/141010_242315-01_ja_JP.html"
"3445","前期","前期","金4","242316-01","言語聴覚学と社会福祉","高山 京子","https://cssy.aasa.ac.jp/syllabusHtml/2026/141010/141010_242316-01_ja_JP.html"
"3446","後期","後期","月4","242318-01","言語聴覚診断学","長嶋 比奈美 道下 和生 筒井 聡子 土屋 美智子","https://cssy.aasa.ac.jp/syllabusHtml/2026/141010/141010_242318-01_ja_JP.html"
"3447","前期","前期","木1","242319-01","失語症Ⅰ","竹中 啓介 吉田 敬","https://cssy.aasa.ac.jp/syllabusHtml/2026/141010/141010_242319-01_ja_JP.html"
"3448","後期","後期","火3","242320-01","失語症Ⅱ","竹中 啓介 吉田 敬","https://cssy.aasa.ac.jp/syllabusHtml/2026/141010/141010_242320-01_ja_JP.html"
"3449","前期","前期","金4","242321-01","失語症Ⅲ","道下 和生","https://cssy.aasa.ac.jp/syllabusHtml/2026/141010/141010_242321-01_ja_JP.html"
"3450","前期","前期","金3","242322-01","高次脳機能障害Ⅰ","道下 和生 佐藤 順子","https://cssy.aasa.ac.jp/syllabusHtml/2026/141010/141010_242322-01_ja_JP.html"
"3451","後期","後期","金2","242323-01","高次脳機能障害Ⅱ","竹中 啓介","https://cssy.aasa.ac.jp/syllabusHtml/2026/141010/141010_242323-01_ja_JP.html"
"3452","前期","前期","金2","242324-01","言語発達障害Ⅰ","船﨑 康広","https://cssy.aasa.ac.jp/syllabusHtml/2026/141010/141010_242324-01_ja_JP.html"
"3453","後期","後期","金3","242325-01","言語発達障害Ⅱ","船﨑 康広","https://cssy.aasa.ac.jp/syllabusHtml/2026/141010/141010_242325-01_ja_JP.html"
"3454","前期","前期","月5","242326-01","言語発達障害Ⅲ","筒井 聡子","https://cssy.aasa.ac.jp/syllabusHtml/2026/141010/141010_242326-01_ja_JP.html"
"3455","後期","後期","水1","242327-01","吃音","土屋 美智子","https://cssy.aasa.ac.jp/syllabusHtml/2026/141010/141010_242327-01_ja_JP.html"
"3456","前期","前期","金5","242328-01","音声障害","平山 肇","https://cssy.aasa.ac.jp/syllabusHtml/2026/141010/141010_242328-01_ja_JP.html"
"3457","前期","前期","木2","242334-01","聴覚障害Ⅰ","長嶋 比奈美","https://cssy.aasa.ac.jp/syllabusHtml/2026/141010/141010_242334-01_ja_JP.html"
"3458","後期","後期","月4","242335-01","聴覚障害Ⅱ","井脇 貴子","https://cssy.aasa.ac.jp/syllabusHtml/2026/141010/141010_242335-01_ja_JP.html"
"3459","前期","前期","木5","242336-01","聴覚障害Ⅲ","井脇 貴子 中瀬 浩一","https://cssy.aasa.ac.jp/syllabusHtml/2026/141010/141010_242336-01_ja_JP.html"
"3460","後期","後期","水4","242337-01","心理測定法演習","籠宮 隆之","https://cssy.aasa.ac.jp/syllabusHtml/2026/141010/141010_242337-01_ja_JP.html"
"3461","前期","前期","火3","242338-01","心理アセスメント演習","原田 亜希","https://cssy.aasa.ac.jp/syllabusHtml/2026/141010/141010_242338-01_ja_JP.html"
"3462","後期","後期","月1,2","242340-01","臨床演習(基礎)1","道下 和生 成田 有紀 土屋 美智子","https://cssy.aasa.ac.jp/syllabusHtml/2026/141010/141010_242340-01_ja_JP.html"
"3463","前期","前期","月1,2,3,4,木3,4","242341-01","臨床演習(基礎)2","井脇 貴子 船﨑 康広 長嶋 比奈美 筒井 聡子 庄司 和史 鶴岡 弘美","https://cssy.aasa.ac.jp/syllabusHtml/2026/141010/141010_242341-01_ja_JP.html"
"3464","前期","前期","月1,2,3,4,木3,4","242341-02","臨床演習(基礎)2","竹中 啓介 志村 栄二 道下 和生 成田 有紀","https://cssy.aasa.ac.jp/syllabusHtml/2026/141010/141010_242341-02_ja_JP.html"
"3465","前期","前期","火4,5,水2","242342-01","臨床演習(応用)1","竹中 啓介 萩野 未沙 志村 栄二 村瀬 文康 鈴木 勝 種坂 信吾 池山 豊 小林 瑞穂 道下 和生 生駒 美慧 大竹 功剛 水野 拓実","https://cssy.aasa.ac.jp/syllabusHtml/2026/141010/141010_242342-01_ja_JP.html"
"3466","前期","前期","水2","242342-02","臨床演習(応用)1","土屋 美智子 長嶋 比奈美 筒井 聡子","https://cssy.aasa.ac.jp/syllabusHtml/2026/141010/141010_242342-02_ja_JP.html"
"3467","前期","前期","水4","242342-03","臨床演習(応用)1","井脇 貴子 鶴岡 弘美","https://cssy.aasa.ac.jp/syllabusHtml/2026/141010/141010_242342-03_ja_JP.html"
"3468","後期","後期","火4,5,水3","242343-01","臨床演習(応用)2","志村 栄二 萩野 未沙 村瀬 文康 鈴木 勝 種坂 信吾 池山 豊 小林 瑞穂 道下 和生 生駒 美慧 大竹 功剛 水野 拓実 竹中 啓介","https://cssy.aasa.ac.jp/syllabusHtml/2026/141010/141010_242343-01_ja_JP.html"
"3469","後期","後期","水3","242343-02","臨床演習(応用)2","井脇 貴子 鶴岡 弘美","https://cssy.aasa.ac.jp/syllabusHtml/2026/141010/141010_242343-02_ja_JP.html"
"3470","後期","後期","水3","242343-03","臨床演習(応用)2","土屋 美智子 長嶋 比奈美 筒井 聡子","https://cssy.aasa.ac.jp/syllabusHtml/2026/141010/141010_242343-03_ja_JP.html"
"3471","前期","前期","火2,金1","242344-01","言語聴覚学総合演習Ⅰ","井脇 貴子 船﨑 康広 志村 栄二 長嶋 比奈美 道下 和生 筒井 聡子 籠宮 隆之 竹中 啓介 土屋 美智子","https://cssy.aasa.ac.jp/syllabusHtml/2026/141010/141010_242344-01_ja_JP.html"
"3472","後期","後期","金1","242345-01","言語聴覚学総合演習Ⅱ","井脇 貴子 古川 博雄 船﨑 康広 平山 肇 志村 栄二 加藤 みわ子 長嶋 比奈美 道下 和生 筒井 聡子 籠宮 隆之 竹中 啓介 土屋 美智子","https://cssy.aasa.ac.jp/syllabusHtml/2026/141010/141010_242345-01_ja_JP.html"
"3473","前期","前期","他","242346-01","学外実習Ⅰ","竹中 啓介","https://cssy.aasa.ac.jp/syllabusHtml/2026/141010/141010_242346-01_ja_JP.html"
"3474","後期","後期","他","242346-02","学外実習Ⅰ","竹中 啓介 井脇 貴子 船﨑 康広 志村 栄二 長嶋 比奈美 道下 和生 筒井 聡子 籠宮 隆之 土屋 美智子","https://cssy.aasa.ac.jp/syllabusHtml/2026/141010/141010_242346-02_ja_JP.html"
"3475","前期","前期","他","242347-01","学外実習Ⅱ","竹中 啓介 井脇 貴子 船﨑 康広 志村 栄二 長嶋 比奈美 筒井 聡子 籠宮 隆之","https://cssy.aasa.ac.jp/syllabusHtml/2026/141010/141010_242347-01_ja_JP.html"
"3476","後期","後期","他","242347-02","学外実習Ⅱ","竹中 啓介","https://cssy.aasa.ac.jp/syllabusHtml/2026/141010/141010_242347-02_ja_JP.html"
"3477","後期","後期","他","242352-01","卒業論文","井脇 貴子","https://cssy.aasa.ac.jp/syllabusHtml/2026/141010/141010_242352-01_ja_JP.html"
"3478","後期","後期","他","242352-02","卒業論文","籠宮 隆之","https://cssy.aasa.ac.jp/syllabusHtml/2026/141010/141010_242352-02_ja_JP.html"
"3479","後期","後期","他","242352-03","卒業論文","志村 栄二","https://cssy.aasa.ac.jp/syllabusHtml/2026/141010/141010_242352-03_ja_JP.html"
"3480","後期","後期","他","242352-04","卒業論文","竹中 啓介","https://cssy.aasa.ac.jp/syllabusHtml/2026/141010/141010_242352-04_ja_JP.html"
"3481","後期","後期","他","242352-05","卒業論文","長嶋 比奈美","https://cssy.aasa.ac.jp/syllabusHtml/2026/141010/141010_242352-05_ja_JP.html"
"3482","後期","後期","他","242352-06","卒業論文","船﨑 康広","https://cssy.aasa.ac.jp/syllabusHtml/2026/141010/141010_242352-06_ja_JP.html"
"3483","前期","前期","水1","242353-01","言語聴覚学研究Ⅰ","籠宮 隆之","https://cssy.aasa.ac.jp/syllabusHtml/2026/141010/141010_242353-01_ja_JP.html"
"3484","前期","前期","水1","242353-02","言語聴覚学研究Ⅰ","志村 栄二","https://cssy.aasa.ac.jp/syllabusHtml/2026/141010/141010_242353-02_ja_JP.html"
"3485","前期","前期","水1","242353-03","言語聴覚学研究Ⅰ","竹中 啓介","https://cssy.aasa.ac.jp/syllabusHtml/2026/141010/141010_242353-03_ja_JP.html"
"3486","前期","前期","水1","242353-04","言語聴覚学研究Ⅰ","長嶋 比奈美","https://cssy.aasa.ac.jp/syllabusHtml/2026/141010/141010_242353-04_ja_JP.html"
"3487","前期","前期","水1","242353-05","言語聴覚学研究Ⅰ","船﨑 康広","https://cssy.aasa.ac.jp/syllabusHtml/2026/141010/141010_242353-05_ja_JP.html"
"3488","前期","前期","水5","242353-06","言語聴覚学研究Ⅰ","井脇 貴子","https://cssy.aasa.ac.jp/syllabusHtml/2026/141010/141010_242353-06_ja_JP.html"
"3489","後期","後期","水2","242354-01","言語聴覚学研究Ⅱ","井脇 貴子","https://cssy.aasa.ac.jp/syllabusHtml/2026/141010/141010_242354-01_ja_JP.html"
"3490","後期","後期","水2","242354-02","言語聴覚学研究Ⅱ","籠宮 隆之","https://cssy.aasa.ac.jp/syllabusHtml/2026/141010/141010_242354-02_ja_JP.html"
"3491","後期","後期","水2","242354-03","言語聴覚学研究Ⅱ","船﨑 康広","https://cssy.aasa.ac.jp/syllabusHtml/2026/141010/141010_242354-03_ja_JP.html"
"3492","後期","後期","水5","242354-04","言語聴覚学研究Ⅱ","竹中 啓介","https://cssy.aasa.ac.jp/syllabusHtml/2026/141010/141010_242354-04_ja_JP.html"
"3493","後期","後期","木3","242354-05","言語聴覚学研究Ⅱ","志村 栄二","https://cssy.aasa.ac.jp/syllabusHtml/2026/141010/141010_242354-05_ja_JP.html"
"3494","後期","後期","木3","242354-06","言語聴覚学研究Ⅱ","長嶋 比奈美","https://cssy.aasa.ac.jp/syllabusHtml/2026/141010/141010_242354-06_ja_JP.html"
"3495","前期","前期","水1","242355-01","言語聴覚学研究Ⅲ","井脇 貴子","https://cssy.aasa.ac.jp/syllabusHtml/2026/141010/141010_242355-01_ja_JP.html"
"3496","前期","前期","水3","242355-02","言語聴覚学研究Ⅲ","籠宮 隆之","https://cssy.aasa.ac.jp/syllabusHtml/2026/141010/141010_242355-02_ja_JP.html"
"3497","前期","前期","水3","242355-03","言語聴覚学研究Ⅲ","船﨑 康広","https://cssy.aasa.ac.jp/syllabusHtml/2026/141010/141010_242355-03_ja_JP.html"
"3498","前期","前期","水4","242355-04","言語聴覚学研究Ⅲ","志村 栄二","https://cssy.aasa.ac.jp/syllabusHtml/2026/141010/141010_242355-04_ja_JP.html"
"3499","前期","前期","水4","242355-05","言語聴覚学研究Ⅲ","竹中 啓介","https://cssy.aasa.ac.jp/syllabusHtml/2026/141010/141010_242355-05_ja_JP.html"
"3500","前期","前期","木3","242355-06","言語聴覚学研究Ⅲ","長嶋 比奈美","https://cssy.aasa.ac.jp/syllabusHtml/2026/141010/141010_242355-06_ja_JP.html"
"3501","後期","後期","水1","242356-01","言語聴覚学研究Ⅳ","井脇 貴子","https://cssy.aasa.ac.jp/syllabusHtml/2026/141010/141010_242356-01_ja_JP.html"
"3502","後期","後期","水2","242356-02","言語聴覚学研究Ⅳ","竹中 啓介","https://cssy.aasa.ac.jp/syllabusHtml/2026/141010/141010_242356-02_ja_JP.html"
"3503","後期","後期","水3","242356-03","言語聴覚学研究Ⅳ","籠宮 隆之","https://cssy.aasa.ac.jp/syllabusHtml/2026/141010/141010_242356-03_ja_JP.html"
"3504","後期","後期","水3","242356-04","言語聴覚学研究Ⅳ","船﨑 康広","https://cssy.aasa.ac.jp/syllabusHtml/2026/141010/141010_242356-04_ja_JP.html"
"3505","後期","後期","水4","242356-05","言語聴覚学研究Ⅳ","志村 栄二","https://cssy.aasa.ac.jp/syllabusHtml/2026/141010/141010_242356-05_ja_JP.html"
"3506","後期","後期","木2","242356-06","言語聴覚学研究Ⅳ","長嶋 比奈美","https://cssy.aasa.ac.jp/syllabusHtml/2026/141010/141010_242356-06_ja_JP.html"
"3507","前期","前期","火3","242360-01","言語聴覚障害学総論","土屋 美智子 道下 和生","https://cssy.aasa.ac.jp/syllabusHtml/2026/141010/141010_242360-01_ja_JP.html"
"3508","前期","前期","水1","242361-01","小児発声発語障害Ⅰ","筒井 聡子","https://cssy.aasa.ac.jp/syllabusHtml/2026/141010/141010_242361-01_ja_JP.html"
"3509","後期","後期","水4","242362-01","小児発声発語障害Ⅱ","早川 統子","https://cssy.aasa.ac.jp/syllabusHtml/2026/141010/141010_242362-01_ja_JP.html"
"3510","前期","前期","水3","242363-01","成人発声発語障害Ⅰ","志村 栄二","https://cssy.aasa.ac.jp/syllabusHtml/2026/141010/141010_242363-01_ja_JP.html"
"3511","後期","後期","水5","242364-01","成人発声発語障害Ⅱ","志村 栄二 杉本 雅子 山本 直史","https://cssy.aasa.ac.jp/syllabusHtml/2026/141010/141010_242364-01_ja_JP.html"
"3512","後期","後期","木2","242367-01","音響学","籠宮 隆之","https://cssy.aasa.ac.jp/syllabusHtml/2026/141010/141010_242367-01_ja_JP.html"
"3513","後期","後期","木3","242368-01","聴覚心理学","籠宮 隆之","https://cssy.aasa.ac.jp/syllabusHtml/2026/141010/141010_242368-01_ja_JP.html"
"3514","前期","前期","水5","242370-01","言語聴覚障害学総論","船﨑 康広 井脇 貴子 志村 栄二 長嶋 比奈美 道下 和生 筒井 聡子 竹中 啓介 土屋 美智子","https://cssy.aasa.ac.jp/syllabusHtml/2026/141010/141010_242370-01_ja_JP.html"
"3515","前期","前期","木4","242371-01","摂食嚥下障害Ⅰ","道下 和生 豊島 義哉 村瀬 幸子 坂下 亜希子 櫻井 隆晃","https://cssy.aasa.ac.jp/syllabusHtml/2026/141010/141010_242371-01_ja_JP.html"
"3516","後期","後期","水2","242372-01","摂食嚥下障害Ⅱ","志村 栄二 豊島 義哉 稲本 陽子 村瀬 幸子 粟飯原 けい子","https://cssy.aasa.ac.jp/syllabusHtml/2026/141010/141010_242372-01_ja_JP.html"
"3517","後期","後期","他","242378-01","学外実習Ⅰ","土屋 美智子 道下 和生","https://cssy.aasa.ac.jp/syllabusHtml/2026/141010/141010_242378-01_ja_JP.html"
"3518","後期","後期","木2","243401-01","実験心理学","高橋 伸子","https://cssy.aasa.ac.jp/syllabusHtml/2026/141020/141020_243401-01_ja_JP.html"
"3519","後期","後期","火3","243402-01","実験計測演習","川嶋 英嗣 高橋 啓介 高橋 伸子","https://cssy.aasa.ac.jp/syllabusHtml/2026/141020/141020_243402-01_ja_JP.html"
"3520","前期","前期","月3,4","243403-01","心理実験法演習1","川嶋 英嗣 高橋 啓介 高橋 伸子 安田 恭子","https://cssy.aasa.ac.jp/syllabusHtml/2026/141020/141020_243403-01_ja_JP.html"
"3521","後期","後期","月3,4","243404-01","心理実験法演習2","川嶋 英嗣 高橋 啓介 高橋 伸子 安田 恭子","https://cssy.aasa.ac.jp/syllabusHtml/2026/141020/141020_243404-01_ja_JP.html"
"3522","後期","後期","木3","243405-01","視覚研究法演習","川嶋 英嗣","https://cssy.aasa.ac.jp/syllabusHtml/2026/141020/141020_243405-01_ja_JP.html"
"3523","後期","後期","木4","243405-02","視覚研究法演習","高橋 啓介","https://cssy.aasa.ac.jp/syllabusHtml/2026/141020/141020_243405-02_ja_JP.html"
"3524","後期","後期","木4","243405-03","視覚研究法演習","高橋 伸子","https://cssy.aasa.ac.jp/syllabusHtml/2026/141020/141020_243405-03_ja_JP.html"
"3525","後期","後期","他","243409-01","色彩心理学","坂田 勝亮","https://cssy.aasa.ac.jp/syllabusHtml/2026/141020/141020_243409-01_ja_JP.html"
"3526","前期","前期","月1,木1","243411-01","生理光学演習","望月 浩志 野上 豪志","https://cssy.aasa.ac.jp/syllabusHtml/2026/141020/141020_243411-01_ja_JP.html"
"3527","後期","後期","他","243411-02","生理光学演習","望月 浩志 野上 豪志","https://cssy.aasa.ac.jp/syllabusHtml/2026/141020/141020_243411-02_ja_JP.html"
"3528","前期","前期","木3","243412-01","視覚心理学1","高橋 啓介","https://cssy.aasa.ac.jp/syllabusHtml/2026/141020/141020_243412-01_ja_JP.html"
"3529","前期","前期","水2","243413-01","視覚心理学2","高橋 伸子","https://cssy.aasa.ac.jp/syllabusHtml/2026/141020/141020_243413-01_ja_JP.html"
"3530","前期","前期","水4","243414-01","視覚心理学3","行松 慎二","https://cssy.aasa.ac.jp/syllabusHtml/2026/141020/141020_243414-01_ja_JP.html"
"3531","前期","前期","火1","243416-01","神経眼科学","柏井 聡","https://cssy.aasa.ac.jp/syllabusHtml/2026/141020/141020_243416-01_ja_JP.html"
"3532","後期","後期","火2","243417-01","眼科薬理学","柏井 聡","https://cssy.aasa.ac.jp/syllabusHtml/2026/141020/141020_243417-01_ja_JP.html"
"3533","前期","前期","月2","243418-01","神経眼科学演習","柏井 聡","https://cssy.aasa.ac.jp/syllabusHtml/2026/141020/141020_243418-01_ja_JP.html"
"3534","前期","前期","月4","243419-01","眼疾病学","佐藤 彰子","https://cssy.aasa.ac.jp/syllabusHtml/2026/141020/141020_243419-01_ja_JP.html"
"3535","前期","前期","金3,4","243420-01","ロービジョン医学演習","川嶋 英嗣 田中 恵津子","https://cssy.aasa.ac.jp/syllabusHtml/2026/141020/141020_243420-01_ja_JP.html"
"3536","前期","前期","他","243423-01","視能矯正学","稲垣 尚恵","https://cssy.aasa.ac.jp/syllabusHtml/2026/141020/141020_243423-01_ja_JP.html"
"3537","後期","後期","月4","243424-01","視覚科学演習1","田邊 宗子 望月 浩志 野上 豪志 柏井 聡","https://cssy.aasa.ac.jp/syllabusHtml/2026/141020/141020_243424-01_ja_JP.html"
"3538","後期","後期","他","243425-01","視覚科学演習2","川嶋 英嗣 高橋 啓介","https://cssy.aasa.ac.jp/syllabusHtml/2026/141020/141020_243425-01_ja_JP.html"
"3539","前期","前期","木2","243427-01","視能検査学2","田邊 宗子","https://cssy.aasa.ac.jp/syllabusHtml/2026/141020/141020_243427-01_ja_JP.html"
"3540","前期","前期","水5","243428-01","視能検査学演習1","野上 豪志 田中 芳樹 田中 健司 牧野 由季代","https://cssy.aasa.ac.jp/syllabusHtml/2026/141020/141020_243428-01_ja_JP.html"
"3541","後期","後期","水5","243429-01","視能検査学演習2","野上 豪志 杉岡 勇希 橋爪 良太 牧野 由季代","https://cssy.aasa.ac.jp/syllabusHtml/2026/141020/141020_243429-01_ja_JP.html"
"3542","後期","後期","金3","243430-01","視能検査学演習3","佐藤 彰子","https://cssy.aasa.ac.jp/syllabusHtml/2026/141020/141020_243430-01_ja_JP.html"
"3543","前期","前期","月2","243432-01","視能障害学2","川嶋 英嗣","https://cssy.aasa.ac.jp/syllabusHtml/2026/141020/141020_243432-01_ja_JP.html"
"3544","後期","後期","金3,4","243433-01","視能障害学3","田中 恵津子","https://cssy.aasa.ac.jp/syllabusHtml/2026/141020/141020_243433-01_ja_JP.html"
"3545","後期","後期","月1","243435-01","視能訓練学2","望月 浩志","https://cssy.aasa.ac.jp/syllabusHtml/2026/141020/141020_243435-01_ja_JP.html"
"3546","後期","後期","火4,木1","243436-01","視能訓練学3","川嶋 英嗣 高橋 啓介 高橋 伸子","https://cssy.aasa.ac.jp/syllabusHtml/2026/141020/141020_243436-01_ja_JP.html"
"3547","後期","後期","水2","243437-01","視能訓練学4","望月 浩志 梅田 千賀子 松本 富美子","https://cssy.aasa.ac.jp/syllabusHtml/2026/141020/141020_243437-01_ja_JP.html"
"3548","前期","前期","他","243438-01","視能訓練学演習","望月 浩志 佐藤 彰子 梅田 千賀子 稲垣 尚恵","https://cssy.aasa.ac.jp/syllabusHtml/2026/141020/141020_243438-01_ja_JP.html"
"3549","前期","前期","水1,2","243439-01","視能矯正学実習1","田邊 宗子 新井 公子 浅野 亮子 望月 浩志 梅田 千賀子 野上 豪志 稲垣 尚恵","https://cssy.aasa.ac.jp/syllabusHtml/2026/141020/141020_243439-01_ja_JP.html"
"3550","前期","前期","火1","243440-01","視能矯正学実習2","牧野 由季代","https://cssy.aasa.ac.jp/syllabusHtml/2026/141020/141020_243440-01_ja_JP.html"
"3551","前期","前期","火2","243440-02","視能矯正学実習2","牧野 由季代","https://cssy.aasa.ac.jp/syllabusHtml/2026/141020/141020_243440-02_ja_JP.html"
"3552","前期","前期","水3","243440-03","視能矯正学実習2","牧野 由季代","https://cssy.aasa.ac.jp/syllabusHtml/2026/141020/141020_243440-03_ja_JP.html"
"3553","前期","前期","水4","243440-04","視能矯正学実習2","牧野 由季代","https://cssy.aasa.ac.jp/syllabusHtml/2026/141020/141020_243440-04_ja_JP.html"
"3554","前期","前期","金1","243440-06","視能矯正学実習2","牧野 由季代","https://cssy.aasa.ac.jp/syllabusHtml/2026/141020/141020_243440-06_ja_JP.html"
"3555","前期","前期","金2","243440-07","視能矯正学実習2","牧野 由季代","https://cssy.aasa.ac.jp/syllabusHtml/2026/141020/141020_243440-07_ja_JP.html"
"3556","後期","後期","月1,2","243441-01","視能矯正学実習3","牧野 由季代 梅沢 直美 岡本 菜津美","https://cssy.aasa.ac.jp/syllabusHtml/2026/141020/141020_243441-01_ja_JP.html"
"3557","後期","後期","金4,5","243441-02","視能矯正学実習3","牧野 由季代 梅沢 直美 岡本 菜津美","https://cssy.aasa.ac.jp/syllabusHtml/2026/141020/141020_243441-02_ja_JP.html"
"3558","後期","後期","火1,2","243441-03","視能矯正学実習3","牧野 由季代 梅沢 直美 岡本 菜津美","https://cssy.aasa.ac.jp/syllabusHtml/2026/141020/141020_243441-03_ja_JP.html"
"3559","後期","後期","水3,4","243441-04","視能矯正学実習3","牧野 由季代 梅沢 直美 岡本 菜津美","https://cssy.aasa.ac.jp/syllabusHtml/2026/141020/141020_243441-04_ja_JP.html"
"3560","後期","後期","他","243442-01","臨地実習1","望月 浩志 田邊 宗子 野上 豪志 牧野 由季代","https://cssy.aasa.ac.jp/syllabusHtml/2026/141020/141020_243442-01_ja_JP.html"
"3561","前期","前期","他","243443-01","臨地実習2","望月 浩志 田邊 宗子 野上 豪志 牧野 由季代 稲垣 尚恵","https://cssy.aasa.ac.jp/syllabusHtml/2026/141020/141020_243443-01_ja_JP.html"
"3562","前期","前期","水3","243444-01","視覚科学研究1","野上 豪志","https://cssy.aasa.ac.jp/syllabusHtml/2026/141020/141020_243444-01_ja_JP.html"
"3563","前期","前期","水4","243444-02","視覚科学研究1","川嶋 英嗣","https://cssy.aasa.ac.jp/syllabusHtml/2026/141020/141020_243444-02_ja_JP.html"
"3564","前期","前期","水4","243444-03","視覚科学研究1","高橋 啓介","https://cssy.aasa.ac.jp/syllabusHtml/2026/141020/141020_243444-03_ja_JP.html"
"3565","前期","前期","木2","243444-04","視覚科学研究1","望月 浩志","https://cssy.aasa.ac.jp/syllabusHtml/2026/141020/141020_243444-04_ja_JP.html"
"3566","前期","前期","木3","243444-05","視覚科学研究1","高橋 伸子","https://cssy.aasa.ac.jp/syllabusHtml/2026/141020/141020_243444-05_ja_JP.html"
"3567","後期","後期","月3","243445-01","視覚科学研究2","野上 豪志","https://cssy.aasa.ac.jp/syllabusHtml/2026/141020/141020_243445-01_ja_JP.html"
"3568","後期","後期","水4","243445-02","視覚科学研究2","川嶋 英嗣","https://cssy.aasa.ac.jp/syllabusHtml/2026/141020/141020_243445-02_ja_JP.html"
"3569","後期","後期","水4","243445-03","視覚科学研究2","高橋 啓介","https://cssy.aasa.ac.jp/syllabusHtml/2026/141020/141020_243445-03_ja_JP.html"
"3570","後期","後期","木2","243445-04","視覚科学研究2","望月 浩志","https://cssy.aasa.ac.jp/syllabusHtml/2026/141020/141020_243445-04_ja_JP.html"
"3571","後期","後期","木3","243445-05","視覚科学研究2","高橋 伸子","https://cssy.aasa.ac.jp/syllabusHtml/2026/141020/141020_243445-05_ja_JP.html"
"3572","前期","前期","水3","243446-01","視覚科学研究3","川嶋 英嗣","https://cssy.aasa.ac.jp/syllabusHtml/2026/141020/141020_243446-01_ja_JP.html"
"3573","前期","前期","水3","243446-02","視覚科学研究3","稲垣 尚恵","https://cssy.aasa.ac.jp/syllabusHtml/2026/141020/141020_243446-02_ja_JP.html"
"3574","前期","前期","水3","243446-03","視覚科学研究3","高橋 啓介","https://cssy.aasa.ac.jp/syllabusHtml/2026/141020/141020_243446-03_ja_JP.html"
"3575","前期","前期","水3","243446-04","視覚科学研究3","高橋 伸子","https://cssy.aasa.ac.jp/syllabusHtml/2026/141020/141020_243446-04_ja_JP.html"
"3576","前期","前期","水3","243446-05","視覚科学研究3","望月 浩志","https://cssy.aasa.ac.jp/syllabusHtml/2026/141020/141020_243446-05_ja_JP.html"
"3577","前期","前期","水4","243446-06","視覚科学研究3","田邊 宗子","https://cssy.aasa.ac.jp/syllabusHtml/2026/141020/141020_243446-06_ja_JP.html"
"3578","後期","後期","水2","243447-01","視覚科学研究4","田邊 宗子","https://cssy.aasa.ac.jp/syllabusHtml/2026/141020/141020_243447-01_ja_JP.html"
"3579","後期","後期","火2","243447-02","視覚科学研究4","稲垣 尚恵","https://cssy.aasa.ac.jp/syllabusHtml/2026/141020/141020_243447-02_ja_JP.html"
"3580","後期","後期","水3","243447-03","視覚科学研究4","川嶋 英嗣","https://cssy.aasa.ac.jp/syllabusHtml/2026/141020/141020_243447-03_ja_JP.html"
"3581","後期","後期","水3","243447-04","視覚科学研究4","高橋 啓介","https://cssy.aasa.ac.jp/syllabusHtml/2026/141020/141020_243447-04_ja_JP.html"
"3582","後期","後期","水3","243447-05","視覚科学研究4","高橋 伸子","https://cssy.aasa.ac.jp/syllabusHtml/2026/141020/141020_243447-05_ja_JP.html"
"3583","後期","後期","水3","243447-06","視覚科学研究4","望月 浩志","https://cssy.aasa.ac.jp/syllabusHtml/2026/141020/141020_243447-06_ja_JP.html"
"3584","後期","後期","他","243448-01","卒業論文","川嶋 英嗣","https://cssy.aasa.ac.jp/syllabusHtml/2026/141020/141020_243448-01_ja_JP.html"
"3585","後期","後期","他","243448-02","卒業論文","高橋 啓介","https://cssy.aasa.ac.jp/syllabusHtml/2026/141020/141020_243448-02_ja_JP.html"
"3586","後期","後期","他","243448-03","卒業論文","高橋 伸子","https://cssy.aasa.ac.jp/syllabusHtml/2026/141020/141020_243448-03_ja_JP.html"
"3587","後期","後期","他","243448-04","卒業論文","田邊 宗子","https://cssy.aasa.ac.jp/syllabusHtml/2026/141020/141020_243448-04_ja_JP.html"
"3588","後期","後期","他","243448-05","卒業論文","望月 浩志","https://cssy.aasa.ac.jp/syllabusHtml/2026/141020/141020_243448-05_ja_JP.html"
"3589","前期","通年","月3,他","243450-01","臨地実習1","望月 浩志 田邊 宗子 嘉悦 祐子 野上 豪志 種坂 信吾 池山 豊 伊藤 飛鳥 新村 信貴 牧野 由季代","https://cssy.aasa.ac.jp/syllabusHtml/2026/141020/141020_243450-01_ja_JP.html"
"3590","前期","前期","金4","243452-01","視覚の基礎","平野 耕治 國武 実里","https://cssy.aasa.ac.jp/syllabusHtml/2026/141020/141020_243452-01_ja_JP.html"
"3591","前期","前期","火2","243453-01","視覚生理学","柏井 聡","https://cssy.aasa.ac.jp/syllabusHtml/2026/141020/141020_243453-01_ja_JP.html"
"3592","前期","前期","他","243454-01","視覚生理学演習","高橋 啓介 今井 章","https://cssy.aasa.ac.jp/syllabusHtml/2026/141020/141020_243454-01_ja_JP.html"
"3593","後期","後期","水5","243455-01","生理光学","田中 芳樹","https://cssy.aasa.ac.jp/syllabusHtml/2026/141020/141020_243455-01_ja_JP.html"
"3594","後期","後期","月3","243456-01","頭頸部機構学","柏井 聡","https://cssy.aasa.ac.jp/syllabusHtml/2026/141020/141020_243456-01_ja_JP.html"
"3595","前期","前期","月3,4","243457-01","視覚科学概論","田邊 宗子 高橋 啓介 高橋 伸子 川嶋 英嗣 望月 浩志 佐藤 彰子 野上 豪志","https://cssy.aasa.ac.jp/syllabusHtml/2026/141020/141020_243457-01_ja_JP.html"
"3596","後期","後期","火3,水1","243458-01","視能矯正学演習","田邊 宗子 新井 公子 浅野 亮子 望月 浩志 梅田 千賀子 野上 豪志 稲垣 尚恵","https://cssy.aasa.ac.jp/syllabusHtml/2026/141020/141020_243458-01_ja_JP.html"
"3597","後期","後期","月2","243459-01","視能検査学1","野上 豪志","https://cssy.aasa.ac.jp/syllabusHtml/2026/141020/141020_243459-01_ja_JP.html"
"3598","後期","後期","水4","243460-01","視能障害学1","杉田 二郎","https://cssy.aasa.ac.jp/syllabusHtml/2026/141020/141020_243460-01_ja_JP.html"
"3599","後期","後期","木3","243461-01","視能訓練学1","田邊 宗子","https://cssy.aasa.ac.jp/syllabusHtml/2026/141020/141020_243461-01_ja_JP.html"
"3600","前期","前期","月3","249001-01","解剖学1","縣 信秀","https://cssy.aasa.ac.jp/syllabusHtml/2026/141030/141030_249001-01_ja_JP.html"
"3601","前期","前期","木4,5","249002-01","生理学1","鄭 且均","https://cssy.aasa.ac.jp/syllabusHtml/2026/141030/141030_249002-01_ja_JP.html"
"3602","前期","前期","木4,5","249003-01","生理学2","鄭 且均","https://cssy.aasa.ac.jp/syllabusHtml/2026/141030/141030_249003-01_ja_JP.html"
"3603","前期","前期","月5","249004-01","人間発達学","五十嵐 剛 佐野 美沙子 里中 綾子","https://cssy.aasa.ac.jp/syllabusHtml/2026/141030/141030_249004-01_ja_JP.html"
"3604","後期","後期","木3,4","249005-01","運動学1","澤村 彰吾","https://cssy.aasa.ac.jp/syllabusHtml/2026/141030/141030_249005-01_ja_JP.html"
"3605","後期","後期","木1","249006-01","解剖学2","縣 信秀","https://cssy.aasa.ac.jp/syllabusHtml/2026/141030/141030_249006-01_ja_JP.html"
"3606","後期","後期","木2","249007-01","解剖学実習1","縣 信秀","https://cssy.aasa.ac.jp/syllabusHtml/2026/141030/141030_249007-01_ja_JP.html"
"3607","後期","後期","月3,4","249008-01","生理学実習","鄭 且均 小川 智也 高松 泰行","https://cssy.aasa.ac.jp/syllabusHtml/2026/141030/141030_249008-01_ja_JP.html"
"3608","後期","後期","金1,2","249009-01","感染管理学","武藤 義和 小川 智也","https://cssy.aasa.ac.jp/syllabusHtml/2026/141030/141030_249009-01_ja_JP.html"
"3609","前期","前期","金4,5","249010-01","解剖学実習2","縣 信秀 伊東 佑太","https://cssy.aasa.ac.jp/syllabusHtml/2026/141030/141030_249010-01_ja_JP.html"
"3610","前期","前期","月4","249012-01","栄養学(生化学含む)","飯田 有輝 鈴木 伸治","https://cssy.aasa.ac.jp/syllabusHtml/2026/141030/141030_249012-01_ja_JP.html"
"3611","後期","後期","他","249013-01","発達障害学","宮地 泰士","https://cssy.aasa.ac.jp/syllabusHtml/2026/141030/141030_249013-01_ja_JP.html"
"3612","後期","後期","金3,4","249014-01","内科学","堀米 秀夫","https://cssy.aasa.ac.jp/syllabusHtml/2026/141030/141030_249014-01_ja_JP.html"
"3613","後期","後期","月2","249015-01","精神医学","石橋 雄介 福田 浩巳","https://cssy.aasa.ac.jp/syllabusHtml/2026/141030/141030_249015-01_ja_JP.html"
"3614","後期","後期","水3,4","249016-01","老年学","渡邉 良太 野口 泰司 白石 成明","https://cssy.aasa.ac.jp/syllabusHtml/2026/141030/141030_249016-01_ja_JP.html"
"3615","前期","前期","月5","249017-01","整形外科学","和田 郁雄 鈴木 伸治","https://cssy.aasa.ac.jp/syllabusHtml/2026/141030/141030_249017-01_ja_JP.html"
"3616","前期","前期","火4","249018-01","小児科学","伊藤 孝一 横井 暁子 服部 文子","https://cssy.aasa.ac.jp/syllabusHtml/2026/141030/141030_249018-01_ja_JP.html"
"3617","前期","前期","火3","249019-01","臨床検査診断学","名仁澤 英里","https://cssy.aasa.ac.jp/syllabusHtml/2026/141030/141030_249019-01_ja_JP.html"
"3618","前期","前期","木2","249020-01","画像診断学","和田 郁雄 鈴木 伸治","https://cssy.aasa.ac.jp/syllabusHtml/2026/141030/141030_249020-01_ja_JP.html"
"3619","前期","前期","水3","249021-01","小児整形外科学","和田 郁雄","https://cssy.aasa.ac.jp/syllabusHtml/2026/141030/141030_249021-01_ja_JP.html"
"3620","後期","後期","月3,4","249025-01","理学療法概論","林 久恵 張本 浩平 片浦 聡司 萩原 悠太","https://cssy.aasa.ac.jp/syllabusHtml/2026/141030/141030_249025-01_ja_JP.html"
"3621","後期","後期","木3,4","249026-01","運動学2","澤村 彰吾","https://cssy.aasa.ac.jp/syllabusHtml/2026/141030/141030_249026-01_ja_JP.html"
"3622","前期","前期","木1","249027-01","運動学実習","澤村 彰吾 鈴木 伸治","https://cssy.aasa.ac.jp/syllabusHtml/2026/141030/141030_249027-01_ja_JP.html"
"3623","後期","後期","火3","249028-01","理学療法教育と倫理","小川 智也","https://cssy.aasa.ac.jp/syllabusHtml/2026/141030/141030_249028-01_ja_JP.html"
"3624","後期","後期","水1,2","249029-01","理学療法管理学概論","鳥山 喜之","https://cssy.aasa.ac.jp/syllabusHtml/2026/141030/141030_249029-01_ja_JP.html"
"3625","後期","後期","水4,5","249030-01","理学療法評価学","大塚 圭 澤村 彰吾","https://cssy.aasa.ac.jp/syllabusHtml/2026/141030/141030_249030-01_ja_JP.html"
"3626","前期","前期","月4","249031-01","理学療法評価学実習","大塚 圭 澤村 彰吾","https://cssy.aasa.ac.jp/syllabusHtml/2026/141030/141030_249031-01_ja_JP.html"
"3627","後期","後期","金1","249032-01","理学療法評価学演習","大塚 圭 塚田 晋太朗","https://cssy.aasa.ac.jp/syllabusHtml/2026/141030/141030_249032-01_ja_JP.html"
"3628","後期","後期","水1,2","249033-01","生体情報分析学","林 久恵 塚田 晋太朗 岩月 宏泰 佐藤 洋","https://cssy.aasa.ac.jp/syllabusHtml/2026/141030/141030_249033-01_ja_JP.html"
"3629","前期","前期","他","249034-01","基礎的臨床技能演習","鳥山 喜之 林 久恵 飯田 有輝 渡邉 良太 縣 信秀 里中 綾子 小川 智也 宮嵜 友和 大塚 圭 深谷 孝紀 澤村 彰吾","https://cssy.aasa.ac.jp/syllabusHtml/2026/141030/141030_249034-01_ja_JP.html"
"3630","前期","前期","他","249035-01","応用的臨床技能演習","鳥山 喜之 林 久恵 飯田 有輝 渡邉 良太 縣 信秀 里中 綾子 小川 智也 宮嵜 友和 大塚 圭 深谷 孝紀 澤村 彰吾","https://cssy.aasa.ac.jp/syllabusHtml/2026/141030/141030_249035-01_ja_JP.html"
"3631","後期","後期","金3,4","249036-01","運動分析学","縣 信秀 天野 徹哉","https://cssy.aasa.ac.jp/syllabusHtml/2026/141030/141030_249036-01_ja_JP.html"
"3632","前期","前期","水1","249037-01","理学療法治療学","飯田 有輝 澤村 彰吾","https://cssy.aasa.ac.jp/syllabusHtml/2026/141030/141030_249037-01_ja_JP.html"
"3633","前期","前期","木3","249038-01","日常生活活動学","渡邉 良太 宮嵜 友和","https://cssy.aasa.ac.jp/syllabusHtml/2026/141030/141030_249038-01_ja_JP.html"
"3634","前期","前期","月1","249039-01","物理療法学","和智 道生","https://cssy.aasa.ac.jp/syllabusHtml/2026/141030/141030_249039-01_ja_JP.html"
"3635","前期","前期","月2","249040-01","物理療法学実習","和智 道生","https://cssy.aasa.ac.jp/syllabusHtml/2026/141030/141030_249040-01_ja_JP.html"
"3636","後期","後期","水1,2","249041-01","義肢装具学","大塚 圭 水野 元実 宇野 秋人","https://cssy.aasa.ac.jp/syllabusHtml/2026/141030/141030_249041-01_ja_JP.html"
"3637","後期","後期","月1","249042-01","小児理学療法学","里中 綾子","https://cssy.aasa.ac.jp/syllabusHtml/2026/141030/141030_249042-01_ja_JP.html"
"3638","後期","後期","火4,5","249043-01","運動器障害理学療法学","澤村 彰吾","https://cssy.aasa.ac.jp/syllabusHtml/2026/141030/141030_249043-01_ja_JP.html"
"3639","後期","後期","水3","249044-01","内部障害理学療法学","小川 智也 林 久恵 飯田 有輝","https://cssy.aasa.ac.jp/syllabusHtml/2026/141030/141030_249044-01_ja_JP.html"
"3640","後期","後期","木3","249045-01","日常生活活動学実習","渡邉 良太 宮嵜 友和","https://cssy.aasa.ac.jp/syllabusHtml/2026/141030/141030_249045-01_ja_JP.html"
"3641","後期","後期","火4,5","249046-01","運動器障害理学療法学実習","澤村 彰吾","https://cssy.aasa.ac.jp/syllabusHtml/2026/141030/141030_249046-01_ja_JP.html"
"3642","前期","前期","木4,5","249047-01","発達障害理学療法学","里中 綾子 佐野 美沙子 五十嵐 剛 安井 隆光 澤村 彰吾","https://cssy.aasa.ac.jp/syllabusHtml/2026/141030/141030_249047-01_ja_JP.html"
"3643","前期","前期","金3,4","249048-01","神経筋障害理学療法学","大塚 圭 河尻 博幸","https://cssy.aasa.ac.jp/syllabusHtml/2026/141030/141030_249048-01_ja_JP.html"
"3644","前期","前期","水4,5","249049-01","義肢装具学実習","大塚 圭 林 久恵 水野 元実 宇野 秋人","https://cssy.aasa.ac.jp/syllabusHtml/2026/141030/141030_249049-01_ja_JP.html"
"3645","前期","前期","月4,5","249050-01","小児理学療法学実習","里中 綾子 寺田 恭子 安井 隆光","https://cssy.aasa.ac.jp/syllabusHtml/2026/141030/141030_249050-01_ja_JP.html"
"3646","前期","前期","金1,2","249051-01","内部障害理学療法学実習","小川 智也 林 久恵 飯田 有輝 竹谷 健吾","https://cssy.aasa.ac.jp/syllabusHtml/2026/141030/141030_249051-01_ja_JP.html"
"3647","後期","後期","木3","249052-01","発達障害理学療法学実習","里中 綾子 佐野 美沙子 五十嵐 剛 安井 隆光 澤村 彰吾","https://cssy.aasa.ac.jp/syllabusHtml/2026/141030/141030_249052-01_ja_JP.html"
"3648","後期","後期","金3,4","249053-01","神経筋障害理学療法学実習","大塚 圭 河尻 博幸 竹腰 仁志","https://cssy.aasa.ac.jp/syllabusHtml/2026/141030/141030_249053-01_ja_JP.html"
"3649","後期","後期","月2","249054-01","理学療法治療学演習","縣 信秀","https://cssy.aasa.ac.jp/syllabusHtml/2026/141030/141030_249054-01_ja_JP.html"
"3650","後期","後期","月2","249054-02","理学療法治療学演習","大塚 圭","https://cssy.aasa.ac.jp/syllabusHtml/2026/141030/141030_249054-02_ja_JP.html"
"3651","後期","後期","月2","249054-03","理学療法治療学演習","林 久恵","https://cssy.aasa.ac.jp/syllabusHtml/2026/141030/141030_249054-03_ja_JP.html"
"3652","後期","後期","木2","249054-04","理学療法治療学演習","飯田 有輝","https://cssy.aasa.ac.jp/syllabusHtml/2026/141030/141030_249054-04_ja_JP.html"
"3653","後期","後期","木2","249054-05","理学療法治療学演習","里中 綾子","https://cssy.aasa.ac.jp/syllabusHtml/2026/141030/141030_249054-05_ja_JP.html"
"3654","後期","後期","木2","249054-06","理学療法治療学演習","澤村 彰吾","https://cssy.aasa.ac.jp/syllabusHtml/2026/141030/141030_249054-06_ja_JP.html"
"3655","後期","後期","木5","249054-08","理学療法治療学演習","小川 智也","https://cssy.aasa.ac.jp/syllabusHtml/2026/141030/141030_249054-08_ja_JP.html"
"3656","後期","後期","金2","249054-09","理学療法治療学演習","渡邉 良太","https://cssy.aasa.ac.jp/syllabusHtml/2026/141030/141030_249054-09_ja_JP.html"
"3657","前期","前期","金3","249056-01","地域理学療法学","渡邉 良太 野口 泰司","https://cssy.aasa.ac.jp/syllabusHtml/2026/141030/141030_249056-01_ja_JP.html"
"3658","後期","後期","木2","249057-01","地域理学療法学実習","渡邉 良太","https://cssy.aasa.ac.jp/syllabusHtml/2026/141030/141030_249057-01_ja_JP.html"
"3659","後期","後期","月4","249058-01","日常生活環境学","里中 綾子","https://cssy.aasa.ac.jp/syllabusHtml/2026/141030/141030_249058-01_ja_JP.html"
"3660","前期","通年","他","249059-01","見学実習","鳥山 喜之 林 久恵 飯田 有輝 渡邉 良太 縣 信秀 里中 綾子 小川 智也 大塚 圭 澤村 彰吾","https://cssy.aasa.ac.jp/syllabusHtml/2026/141030/141030_249059-01_ja_JP.html"
"3661","前期","通年","他","249060-01","コミュニケーション実習","鳥山 喜之 林 久恵 飯田 有輝 渡邉 良太 縣 信秀 里中 綾子 小川 智也 大塚 圭 澤村 彰吾","https://cssy.aasa.ac.jp/syllabusHtml/2026/141030/141030_249060-01_ja_JP.html"
"3662","前期","前期","他","249061-01","地域臨床実習","渡邉 良太 林 久恵 鳥山 喜之 飯田 有輝 縣 信秀 里中 綾子 小川 智也 大塚 圭 澤村 彰吾","https://cssy.aasa.ac.jp/syllabusHtml/2026/141030/141030_249061-01_ja_JP.html"
"3663","前期","前期","他","249062-01","評価実習","飯田 有輝 林 久恵 鳥山 喜之 渡邉 良太 縣 信秀 里中 綾子 小川 智也 大塚 圭 澤村 彰吾","https://cssy.aasa.ac.jp/syllabusHtml/2026/141030/141030_249062-01_ja_JP.html"
"3664","前期","前期","月2,3","249065-01","理学療法学研究Ⅰ","林 久恵","https://cssy.aasa.ac.jp/syllabusHtml/2026/141030/141030_249065-01_ja_JP.html"
"3665","前期","前期","月2,3","249065-02","理学療法学研究Ⅰ","大塚 圭","https://cssy.aasa.ac.jp/syllabusHtml/2026/141030/141030_249065-02_ja_JP.html"
"3666","前期","前期","月3,木3","249065-03","理学療法学研究Ⅰ","小川 智也","https://cssy.aasa.ac.jp/syllabusHtml/2026/141030/141030_249065-03_ja_JP.html"
"3667","前期","前期","月3,木3","249065-04","理学療法学研究Ⅰ","鈴木 伸治","https://cssy.aasa.ac.jp/syllabusHtml/2026/141030/141030_249065-04_ja_JP.html"
"3668","前期","前期","木2,3","249065-05","理学療法学研究Ⅰ","縣 信秀","https://cssy.aasa.ac.jp/syllabusHtml/2026/141030/141030_249065-05_ja_JP.html"
"3669","前期","前期","木2,3","249065-06","理学療法学研究Ⅰ","飯田 有輝","https://cssy.aasa.ac.jp/syllabusHtml/2026/141030/141030_249065-06_ja_JP.html"
"3670","前期","前期","木2,3","249065-07","理学療法学研究Ⅰ","里中 綾子","https://cssy.aasa.ac.jp/syllabusHtml/2026/141030/141030_249065-07_ja_JP.html"
"3671","前期","前期","木2,3","249065-08","理学療法学研究Ⅰ","澤村 彰吾","https://cssy.aasa.ac.jp/syllabusHtml/2026/141030/141030_249065-08_ja_JP.html"
"3672","前期","前期","木1,2","249065-09","理学療法学研究Ⅰ","渡邉 良太","https://cssy.aasa.ac.jp/syllabusHtml/2026/141030/141030_249065-09_ja_JP.html"
"3673","後期","後期","月1","249066-01","理学療法学研究Ⅱ","縣 信秀","https://cssy.aasa.ac.jp/syllabusHtml/2026/141030/141030_249066-01_ja_JP.html"
"3674","後期","後期","月1","249066-02","理学療法学研究Ⅱ","大塚 圭","https://cssy.aasa.ac.jp/syllabusHtml/2026/141030/141030_249066-02_ja_JP.html"
"3675","後期","後期","月1","249066-03","理学療法学研究Ⅱ","林 久恵","https://cssy.aasa.ac.jp/syllabusHtml/2026/141030/141030_249066-03_ja_JP.html"
"3676","後期","後期","木1","249066-04","理学療法学研究Ⅱ","飯田 有輝","https://cssy.aasa.ac.jp/syllabusHtml/2026/141030/141030_249066-04_ja_JP.html"
"3677","後期","後期","木1","249066-05","理学療法学研究Ⅱ","里中 綾子","https://cssy.aasa.ac.jp/syllabusHtml/2026/141030/141030_249066-05_ja_JP.html"
"3678","後期","後期","木1","249066-06","理学療法学研究Ⅱ","澤村 彰吾","https://cssy.aasa.ac.jp/syllabusHtml/2026/141030/141030_249066-06_ja_JP.html"
"3679","後期","後期","木4","249066-08","理学療法学研究Ⅱ","小川 智也","https://cssy.aasa.ac.jp/syllabusHtml/2026/141030/141030_249066-08_ja_JP.html"
"3680","後期","後期","金1","249066-09","理学療法学研究Ⅱ","渡邉 良太","https://cssy.aasa.ac.jp/syllabusHtml/2026/141030/141030_249066-09_ja_JP.html"
"3681","前期","前期","月1","240001-01","生命倫理学","脇之薗 真理","https://cssy.aasa.ac.jp/syllabusHtml/2026/141040/141040_240001-01_ja_JP.html"
"3682","前期","前期","水1","240002-01","基礎科学(基礎物理学、化学、生物学)","山口 博司 佐藤 綾人 三城 恵美","https://cssy.aasa.ac.jp/syllabusHtml/2026/141040/141040_240002-01_ja_JP.html"
"3683","前期","前期","木1","240003-01","臨床検査学概論","天川 雅夫 雪竹 潤","https://cssy.aasa.ac.jp/syllabusHtml/2026/141040/141040_240003-01_ja_JP.html"
"3684","前期","前期","木3,4","240004-01","公衆衛生学実習","加藤 みわ子 酒井 昭嘉","https://cssy.aasa.ac.jp/syllabusHtml/2026/141040/141040_240004-01_ja_JP.html"
"3685","後期","後期","月1","240005-01","栄養学","山田 貴史","https://cssy.aasa.ac.jp/syllabusHtml/2026/141040/141040_240005-01_ja_JP.html"
"3686","後期","後期","水4","240006-01","マネジメント論","山上 潤一","https://cssy.aasa.ac.jp/syllabusHtml/2026/141040/141040_240006-01_ja_JP.html"
"3687","前期","前期","月2","240008-01","血液学","秋山 秀彦","https://cssy.aasa.ac.jp/syllabusHtml/2026/141040/141040_240008-01_ja_JP.html"
"3688","前期","前期","金3","240009-01","生化学","竹田 真由 斉藤 邦明","https://cssy.aasa.ac.jp/syllabusHtml/2026/141040/141040_240009-01_ja_JP.html"
"3689","後期","後期","月1","240010-01","生理学","前野 信久","https://cssy.aasa.ac.jp/syllabusHtml/2026/141040/141040_240010-01_ja_JP.html"
"3690","後期","後期","火3","240011-01","解剖学(解剖組織学)","小木曽 昇","https://cssy.aasa.ac.jp/syllabusHtml/2026/141040/141040_240011-01_ja_JP.html"
"3691","後期","後期","木3,4","240012-01","生化学実習","竹田 真由 斉藤 邦明","https://cssy.aasa.ac.jp/syllabusHtml/2026/141040/141040_240012-01_ja_JP.html"
"3692","後期","後期","火3,4","240013-01","解剖学実習(解剖組織学実習)","小木曽 昇 酒井 昭嘉","https://cssy.aasa.ac.jp/syllabusHtml/2026/141040/141040_240013-01_ja_JP.html"
"3693","前期","前期","火3","240014-01","医用工学","武田 明","https://cssy.aasa.ac.jp/syllabusHtml/2026/141040/141040_240014-01_ja_JP.html"
"3694","前期","前期","月2","240015-01","情報科学","松井 藤五郎","https://cssy.aasa.ac.jp/syllabusHtml/2026/141040/141040_240015-01_ja_JP.html"
"3695","後期","後期","火3","240016-01","医用工学実習","武田 明","https://cssy.aasa.ac.jp/syllabusHtml/2026/141040/141040_240016-01_ja_JP.html"
"3696","後期","後期","木1","240017-01","情報科学実習","松井 藤五郎","https://cssy.aasa.ac.jp/syllabusHtml/2026/141040/141040_240017-01_ja_JP.html"
"3697","後期","後期","金2","240018-01","病理検査学Ⅰ","小木曽 昇 櫻井 浩平 平澤 浩","https://cssy.aasa.ac.jp/syllabusHtml/2026/141040/141040_240018-01_ja_JP.html"
"3698","前期","前期","金3","240019-01","病理検査学Ⅱ","小木曽 昇 平澤 浩","https://cssy.aasa.ac.jp/syllabusHtml/2026/141040/141040_240019-01_ja_JP.html"
"3699","前期","前期","水1","240020-01","血液検査学Ⅰ","秋山 秀彦","https://cssy.aasa.ac.jp/syllabusHtml/2026/141040/141040_240020-01_ja_JP.html"
"3700","後期","後期","月1","240021-01","血液検査学Ⅱ","秋山 秀彦","https://cssy.aasa.ac.jp/syllabusHtml/2026/141040/141040_240021-01_ja_JP.html"
"3701","後期","後期","木3,4","240022-01","病理検査学実習","小木曽 昇 平澤 浩","https://cssy.aasa.ac.jp/syllabusHtml/2026/141040/141040_240022-01_ja_JP.html"
"3702","前期","前期","金3,4","240023-01","血液検査学実習","秋山 秀彦 酒井 昭嘉","https://cssy.aasa.ac.jp/syllabusHtml/2026/141040/141040_240023-01_ja_JP.html"
"3703","前期","前期","金4","240024-01","臨床化学検査学(放射性同位元素検査学を含む)","竹田 真由 斉藤 邦明","https://cssy.aasa.ac.jp/syllabusHtml/2026/141040/141040_240024-01_ja_JP.html"
"3704","前期","前期","水2","240025-01","一般検査学(医動物学を含む)","酒井 昭嘉","https://cssy.aasa.ac.jp/syllabusHtml/2026/141040/141040_240025-01_ja_JP.html"
"3705","後期","後期","水3,4","240026-01","一般検査学実習(医動物学実習を含む)","酒井 昭嘉","https://cssy.aasa.ac.jp/syllabusHtml/2026/141040/141040_240026-01_ja_JP.html"
"3706","後期","後期","金3,4","240027-01","臨床化学検査学実習","竹田 真由 斉藤 邦明","https://cssy.aasa.ac.jp/syllabusHtml/2026/141040/141040_240027-01_ja_JP.html"
"3707","後期","後期","木2","240028-01","遺伝子・染色体検査学","竹田 真由","https://cssy.aasa.ac.jp/syllabusHtml/2026/141040/141040_240028-01_ja_JP.html"
"3708","前期","前期","木1,2","240029-01","遺伝子・染色体検査学実習","竹田 真由 小木曽 昇","https://cssy.aasa.ac.jp/syllabusHtml/2026/141040/141040_240029-01_ja_JP.html"
"3709","後期","後期","木1","240030-01","免疫検査学","天川 雅夫","https://cssy.aasa.ac.jp/syllabusHtml/2026/141040/141040_240030-01_ja_JP.html"
"3710","前期","前期","木3","240031-01","免疫検査学演習","天川 雅夫 雪竹 潤","https://cssy.aasa.ac.jp/syllabusHtml/2026/141040/141040_240031-01_ja_JP.html"
"3711","前期","前期","火4","240032-01","微生物検査学Ⅰ","石黒 啓司 雪竹 潤","https://cssy.aasa.ac.jp/syllabusHtml/2026/141040/141040_240032-01_ja_JP.html"
"3712","後期","後期","火4","240033-01","微生物検査学Ⅱ","今村 誠司","https://cssy.aasa.ac.jp/syllabusHtml/2026/141040/141040_240033-01_ja_JP.html"
"3713","後期","後期","水2","240034-01","輸血・移植検査学","天川 雅夫","https://cssy.aasa.ac.jp/syllabusHtml/2026/141040/141040_240034-01_ja_JP.html"
"3714","前期","前期","水3,4,5","240035-01","輸血・移植検査学実習","天川 雅夫 雪竹 潤","https://cssy.aasa.ac.jp/syllabusHtml/2026/141040/141040_240035-01_ja_JP.html"
"3715","前期","前期","水3,4,5,木3,4,5","240036-01","微生物検査学実習","大野 智子 天川 雅夫","https://cssy.aasa.ac.jp/syllabusHtml/2026/141040/141040_240036-01_ja_JP.html"
"3716","後期","後期","月3","240037-01","生理機能検査学Ⅰ","加藤 みわ子 小菅 愛加","https://cssy.aasa.ac.jp/syllabusHtml/2026/141040/141040_240037-01_ja_JP.html"
"3717","前期","前期","木2","240038-01","生理機能検査学Ⅱ","加藤 みわ子 小菅 愛加","https://cssy.aasa.ac.jp/syllabusHtml/2026/141040/141040_240038-01_ja_JP.html"
"3718","後期","後期","月2","240039-01","生理機能検査学Ⅲ(画像検査学を含む)","前野 信久 加藤 みわ子","https://cssy.aasa.ac.jp/syllabusHtml/2026/141040/141040_240039-01_ja_JP.html"
"3719","前期","前期","月4,5","240040-01","生理機能検査学実習Ⅰ","加藤 みわ子 小菅 愛加","https://cssy.aasa.ac.jp/syllabusHtml/2026/141040/141040_240040-01_ja_JP.html"
"3720","前期","前期","月2,3","240041-01","生理機能検査学実習Ⅱ(画像検査学実習を含む)","前野 信久 加藤 みわ子","https://cssy.aasa.ac.jp/syllabusHtml/2026/141040/141040_240041-01_ja_JP.html"
"3721","前期","前期","金2","240042-01","臨床病態学Ⅰ","雪竹 潤 櫻井 浩平 天川 雅夫 柴田 知行","https://cssy.aasa.ac.jp/syllabusHtml/2026/141040/141040_240042-01_ja_JP.html"
"3722","後期","後期","金2","240043-01","臨床病態学Ⅱ","秋山 秀彦 櫻井 浩平 竹田 真由 柴田 知行","https://cssy.aasa.ac.jp/syllabusHtml/2026/141040/141040_240043-01_ja_JP.html"
"3723","前期","前期","金1,2","240044-01","臨床病態学Ⅲ","秋山 秀彦 前野 信久 加藤 みわ子 小木曽 昇 天川 雅夫 竹田 真由 雪竹 潤 小菅 愛加 酒井 昭嘉","https://cssy.aasa.ac.jp/syllabusHtml/2026/141040/141040_240044-01_ja_JP.html"
"3724","後期","後期","水3","240045-01","総合病態検査学","秋山 秀彦 加藤 みわ子 小木曽 昇 天川 雅夫 竹田 真由 雪竹 潤 小菅 愛加 酒井 昭嘉","https://cssy.aasa.ac.jp/syllabusHtml/2026/141040/141040_240045-01_ja_JP.html"
"3725","前期","前期","金1","240046-01","医療関係法規","竹田 真由","https://cssy.aasa.ac.jp/syllabusHtml/2026/141040/141040_240046-01_ja_JP.html"
"3726","前期","前期","水3","240047-01","検査機器管理学","竹田 真由","https://cssy.aasa.ac.jp/syllabusHtml/2026/141040/141040_240047-01_ja_JP.html"
"3727","後期","後期","金1","240048-01","検査管理総論(検査精度管理を含む)","酒井 昭嘉 斉藤 邦明 岩崎 卓識","https://cssy.aasa.ac.jp/syllabusHtml/2026/141040/141040_240048-01_ja_JP.html"
"3728","前期","前期","木3,4","240049-01","医療安全管理学","酒井 昭嘉","https://cssy.aasa.ac.jp/syllabusHtml/2026/141040/141040_240049-01_ja_JP.html"
"3729","後期","後期","金3,4","240050-01","検査情報管理学","酒井 昭嘉 斉藤 邦明 岩崎 卓識","https://cssy.aasa.ac.jp/syllabusHtml/2026/141040/141040_240050-01_ja_JP.html"
"3730","後期","後期","木3,4","240051-01","生殖補助医療学演習","天川 雅夫 藤田 京子","https://cssy.aasa.ac.jp/syllabusHtml/2026/141040/141040_240051-01_ja_JP.html"
"3731","前期","前期","木1","240052-01","地域医療検査学","雪竹 潤 柴田 知行 酒井 昭嘉","https://cssy.aasa.ac.jp/syllabusHtml/2026/141040/141040_240052-01_ja_JP.html"
"3732","前期","前期","火4","240053-01","先制医療検査学","竹田 真由 斉藤 邦明 天川 雅夫 柴田 知行","https://cssy.aasa.ac.jp/syllabusHtml/2026/141040/141040_240053-01_ja_JP.html"
"3733","後期","後期","火4","240054-01","総合臨床実習前演習","秋山 秀彦 前野 信久 加藤 みわ子 小木曽 昇 天川 雅夫 竹田 真由 雪竹 潤 小菅 愛加 酒井 昭嘉","https://cssy.aasa.ac.jp/syllabusHtml/2026/141040/141040_240054-01_ja_JP.html"
"3734","後期","後期","他","240055-01","総合臨床実習","秋山 秀彦 前野 信久 加藤 みわ子 小木曽 昇 天川 雅夫 竹田 真由 雪竹 潤 小菅 愛加 酒井 昭嘉","https://cssy.aasa.ac.jp/syllabusHtml/2026/141040/141040_240055-01_ja_JP.html"
"3735","前期","前期","月1","240057-01","臨床検査学研究Ⅰ","秋山 秀彦","https://cssy.aasa.ac.jp/syllabusHtml/2026/141040/141040_240057-01_ja_JP.html"
"3736","前期","前期","水1","240057-02","臨床検査学研究Ⅰ","天川 雅夫","https://cssy.aasa.ac.jp/syllabusHtml/2026/141040/141040_240057-02_ja_JP.html"
"3737","前期","前期","水1","240057-03","臨床検査学研究Ⅰ","小木曽 昇","https://cssy.aasa.ac.jp/syllabusHtml/2026/141040/141040_240057-03_ja_JP.html"
"3738","前期","前期","水1","240057-04","臨床検査学研究Ⅰ","加藤 みわ子","https://cssy.aasa.ac.jp/syllabusHtml/2026/141040/141040_240057-04_ja_JP.html"
"3739","前期","前期","水1","240057-05","臨床検査学研究Ⅰ","小菅 愛加","https://cssy.aasa.ac.jp/syllabusHtml/2026/141040/141040_240057-05_ja_JP.html"
"3740","前期","前期","水1","240057-06","臨床検査学研究Ⅰ","酒井 昭嘉","https://cssy.aasa.ac.jp/syllabusHtml/2026/141040/141040_240057-06_ja_JP.html"
"3741","前期","前期","水1","240057-07","臨床検査学研究Ⅰ","竹田 真由","https://cssy.aasa.ac.jp/syllabusHtml/2026/141040/141040_240057-07_ja_JP.html"
"3742","前期","前期","水1","240057-08","臨床検査学研究Ⅰ","前野 信久","https://cssy.aasa.ac.jp/syllabusHtml/2026/141040/141040_240057-08_ja_JP.html"
"3743","前期","前期","水1","240057-09","臨床検査学研究Ⅰ","雪竹 潤","https://cssy.aasa.ac.jp/syllabusHtml/2026/141040/141040_240057-09_ja_JP.html"
"3744","前期","前期","金3,4","240057-10","臨床検査学研究Ⅰ","柴田 知行","https://cssy.aasa.ac.jp/syllabusHtml/2026/141040/141040_240057-10_ja_JP.html"
"3745","後期","後期","月2,3","240058-01","臨床検査学研究Ⅱ","天川 雅夫","https://cssy.aasa.ac.jp/syllabusHtml/2026/141040/141040_240058-01_ja_JP.html"
"3746","後期","後期","月3,4","240058-02","臨床検査学研究Ⅱ","小菅 愛加","https://cssy.aasa.ac.jp/syllabusHtml/2026/141040/141040_240058-02_ja_JP.html"
"3747","後期","後期","月4,5","240058-03","臨床検査学研究Ⅱ","加藤 みわ子","https://cssy.aasa.ac.jp/syllabusHtml/2026/141040/141040_240058-03_ja_JP.html"
"3748","後期","後期","水1,2","240058-04","臨床検査学研究Ⅱ","小木曽 昇","https://cssy.aasa.ac.jp/syllabusHtml/2026/141040/141040_240058-04_ja_JP.html"
"3749","後期","後期","水1,2","240058-05","臨床検査学研究Ⅱ","酒井 昭嘉","https://cssy.aasa.ac.jp/syllabusHtml/2026/141040/141040_240058-05_ja_JP.html"
"3750","後期","後期","水1,2","240058-06","臨床検査学研究Ⅱ","前野 信久","https://cssy.aasa.ac.jp/syllabusHtml/2026/141040/141040_240058-06_ja_JP.html"
"3751","後期","後期","木1,2","240058-07","臨床検査学研究Ⅱ","秋山 秀彦","https://cssy.aasa.ac.jp/syllabusHtml/2026/141040/141040_240058-07_ja_JP.html"
"3752","後期","後期","木1,金1","240058-08","臨床検査学研究Ⅱ","竹田 真由","https://cssy.aasa.ac.jp/syllabusHtml/2026/141040/141040_240058-08_ja_JP.html"
"3753","後期","後期","木2,3","240058-09","臨床検査学研究Ⅱ","雪竹 潤","https://cssy.aasa.ac.jp/syllabusHtml/2026/141040/141040_240058-09_ja_JP.html"
"3754","後期","後期","木3,4","240058-10","臨床検査学研究Ⅱ","柴田 知行","https://cssy.aasa.ac.jp/syllabusHtml/2026/141040/141040_240058-10_ja_JP.html"
"3755","後期","後期","金3","247101-02","内科学各論1","柴田 知行","https://cssy.aasa.ac.jp/syllabusHtml/2026/142010/142010_247101-02_ja_JP.html"
"3756","前期","前期","火5","247102-01","内科学各論2","竹内 茂雄","https://cssy.aasa.ac.jp/syllabusHtml/2026/142010/142010_247102-01_ja_JP.html"
"3757","後期","後期","木1","247103-01","整形外科学","渡邉 健太郎","https://cssy.aasa.ac.jp/syllabusHtml/2026/142010/142010_247103-01_ja_JP.html"
"3758","後期","後期","木1","247104-01","運動療法","平野 雅巳 橋本 渉 森山 善文","https://cssy.aasa.ac.jp/syllabusHtml/2026/142010/142010_247104-01_ja_JP.html"
"3759","後期","後期","木2","247105-01","スポーツトレーニング演習Ⅰ","山本 周史","https://cssy.aasa.ac.jp/syllabusHtml/2026/142010/142010_247105-01_ja_JP.html"
"3760","前期","前期","木3","247105-02","スポーツトレーニング演習Ⅰ","山本 周史 笠井 信一","https://cssy.aasa.ac.jp/syllabusHtml/2026/142010/142010_247105-02_ja_JP.html"
"3761","前期","前期","木4","247105-03","スポーツトレーニング演習Ⅰ","山本 周史 笠井 信一","https://cssy.aasa.ac.jp/syllabusHtml/2026/142010/142010_247105-03_ja_JP.html"
"3762","後期","後期","水5","247106-01","健康マネジメント学","山上 潤一","https://cssy.aasa.ac.jp/syllabusHtml/2026/142010/142010_247106-01_ja_JP.html"
"3763","後期","後期","火1","247107-01","ケア学","山口 弘子","https://cssy.aasa.ac.jp/syllabusHtml/2026/142010/142010_247107-01_ja_JP.html"
"3764","前期","前期","木2","247109-01","スポーツトレーニング演習Ⅱ","山本 周史","https://cssy.aasa.ac.jp/syllabusHtml/2026/142010/142010_247109-01_ja_JP.html"
"3765","前期","前期","火5","248101-01","病理学","笠井 謙次 伊藤 秀明 大西 紘二 中村 律子","https://cssy.aasa.ac.jp/syllabusHtml/2026/142020/142020_248101-01_ja_JP.html"
"3766","後期","後期","水2","248102-01","人体の構造と機能(人体の構造と諸器官の役割・働き)","髙木 省治 丹羽 一晃 福岡 範恭","https://cssy.aasa.ac.jp/syllabusHtml/2026/142020/142020_248102-01_ja_JP.html"
"3767","後期","後期","火3","248103-01","生物・微生物学","髙木 省治 小野木 堂人","https://cssy.aasa.ac.jp/syllabusHtml/2026/142020/142020_248103-01_ja_JP.html"
"3768","前期","前期","火3","248104-01","医療制度・救急関連法律概論","小野木 堂人 山﨑 将文","https://cssy.aasa.ac.jp/syllabusHtml/2026/142020/142020_248104-01_ja_JP.html"
"3769","前期","前期","木2","248105-01","救急処置概論Ⅱ(薬物と検査)","福岡 範恭","https://cssy.aasa.ac.jp/syllabusHtml/2026/142020/142020_248105-01_ja_JP.html"
"3770","前期","前期","木2","248106-01","救急救命学総論","丹羽 一晃","https://cssy.aasa.ac.jp/syllabusHtml/2026/142020/142020_248106-01_ja_JP.html"
"3771","前期","通年","月3,4,5","248108-01","救急救命実習Ⅰ","丹羽 一晃 山本 敏博 播磨 賢 篠塚 雄希 泊 菜穂 篠田 利男","https://cssy.aasa.ac.jp/syllabusHtml/2026/142020/142020_248108-01_ja_JP.html"
"3772","前期","前期","月3","248109-01","救急疾病Ⅰ(呼吸器、循環器、代謝・内分泌、栄養系)","髙木 省治 金光 禎寛 竹田 勝志 中井 洋佑 青木 芳隆 服部 友紀","https://cssy.aasa.ac.jp/syllabusHtml/2026/142020/142020_248109-01_ja_JP.html"
"3773","前期","前期","金3","248110-01","救急病態生理学Ⅰ","髙木 省治 加納 秀記 青木 瑠里","https://cssy.aasa.ac.jp/syllabusHtml/2026/142020/142020_248110-01_ja_JP.html"
"3774","前期","前期","金2","248111-01","救急外傷学Ⅰ(外傷総論、頭部・体幹部外傷)","篠塚 雄希 北川 喜己 小川 健一朗 萩原 康友 蜂矢 康二 須網 和也","https://cssy.aasa.ac.jp/syllabusHtml/2026/142020/142020_248111-01_ja_JP.html"
"3775","後期","後期","月3","248112-01","救急疾病Ⅱ(神経系、消化系、血液・免疫系、感染症)","髙木 省治 今井 一徳 加藤 裕史 坪内 希親 山岸 庸太 岩井 健司 服部 友紀","https://cssy.aasa.ac.jp/syllabusHtml/2026/142020/142020_248112-01_ja_JP.html"
"3776","後期","後期","金3","248113-01","救急病態生理学Ⅱ","髙木 省治 加納 秀記 青木 瑠里","https://cssy.aasa.ac.jp/syllabusHtml/2026/142020/142020_248113-01_ja_JP.html"
"3777","後期","後期","金2","248114-01","救急外傷学Ⅱ(運動器、熱傷)","篠塚 雄希 熊谷 寛明 萩原 康友 蜂矢 康二","https://cssy.aasa.ac.jp/syllabusHtml/2026/142020/142020_248114-01_ja_JP.html"
"3778","後期","後期","木1","248115-01","救急処置概論Ⅰ(傷病者観察)","丹羽 一晃","https://cssy.aasa.ac.jp/syllabusHtml/2026/142020/142020_248115-01_ja_JP.html"
"3779","前期","通年","水3,4,5","248116-01","救急救命実習Ⅱ","丹羽 一晃 山本 敏博 播磨 賢 篠塚 雄希 篠田 利男","https://cssy.aasa.ac.jp/syllabusHtml/2026/142020/142020_248116-01_ja_JP.html"
"3780","前期","前期","月4","248117-01","救急症候学Ⅰ(神経系、呼吸系、代謝・内分泌系、栄養系)","髙木 省治","https://cssy.aasa.ac.jp/syllabusHtml/2026/142020/142020_248117-01_ja_JP.html"
"3781","前期","前期","水4","248118-01","救急症候学Ⅱ(循環系、筋骨格系、感染系)","髙木 省治","https://cssy.aasa.ac.jp/syllabusHtml/2026/142020/142020_248118-01_ja_JP.html"
"3782","前期","前期","水5","248119-01","救急症候学Ⅲ(消化系、泌尿・生殖系、皮膚系)","髙木 省治","https://cssy.aasa.ac.jp/syllabusHtml/2026/142020/142020_248119-01_ja_JP.html"
"3783","後期","後期","金1","248120-01","精神医学","髙木 省治","https://cssy.aasa.ac.jp/syllabusHtml/2026/142020/142020_248120-01_ja_JP.html"
"3784","後期","後期","木2","248121-01","急性中毒・環境障害","丹羽 一晃","https://cssy.aasa.ac.jp/syllabusHtml/2026/142020/142020_248121-01_ja_JP.html"
"3785","後期","後期","月2","248122-01","救急外傷医学","丹羽 一晃","https://cssy.aasa.ac.jp/syllabusHtml/2026/142020/142020_248122-01_ja_JP.html"
"3786","後期","後期","水3","248123-01","臨床病態学Ⅰ(臨床推論)","髙木 省治","https://cssy.aasa.ac.jp/syllabusHtml/2026/142020/142020_248123-01_ja_JP.html"
"3787","前期","通年","木3,4,5","248124-01","救急救命実習Ⅲ","福岡 範恭 山本 敏博 播磨 賢 篠塚 雄希 篠田 利男","https://cssy.aasa.ac.jp/syllabusHtml/2026/142020/142020_248124-01_ja_JP.html"
"3788","前期","通年","他","248125-01","病院実習","小野木 堂人 山本 敏博 播磨 賢 篠塚 雄希 篠田 利男","https://cssy.aasa.ac.jp/syllabusHtml/2026/142020/142020_248125-01_ja_JP.html"
"3789","前期","通年","他","248126-01","救急車同乗実習","丹羽 一晃 山本 敏博 播磨 賢 篠塚 雄希 篠田 利男","https://cssy.aasa.ac.jp/syllabusHtml/2026/142020/142020_248126-01_ja_JP.html"
"3790","前期","前期","金1","248127-01","小児科学","髙木 省治","https://cssy.aasa.ac.jp/syllabusHtml/2026/142020/142020_248127-01_ja_JP.html"
"3791","前期","前期","木1","248128-01","産婦人科学","髙木 省治 野口 靖之 南谷 智之","https://cssy.aasa.ac.jp/syllabusHtml/2026/142020/142020_248128-01_ja_JP.html"
"3792","後期","後期","水1","248129-01","救急症候学Ⅳ(総合)","福岡 範恭","https://cssy.aasa.ac.jp/syllabusHtml/2026/142020/142020_248129-01_ja_JP.html"
"3793","前期","前期","水3","248130-01","臨床病態学Ⅱ(臨床推論)","髙木 省治","https://cssy.aasa.ac.jp/syllabusHtml/2026/142020/142020_248130-01_ja_JP.html"
"3794","後期","後期","月4","248131-01","病院内救急医学(ER・ICU)","髙木 省治","https://cssy.aasa.ac.jp/syllabusHtml/2026/142020/142020_248131-01_ja_JP.html"
"3795","前期","通年","金3,4,5","248132-01","救急救命実習Ⅳ","小野木 堂人 山本 敏博 播磨 賢 篠塚 雄希 篠田 利男","https://cssy.aasa.ac.jp/syllabusHtml/2026/142020/142020_248132-01_ja_JP.html"
"3796","前期","前期","他","248133-01","水難救助実習(プール)","篠塚 雄希 山本 敏博 外部講師(日本ライフセービング) 播磨 賢 篠田 利男","https://cssy.aasa.ac.jp/syllabusHtml/2026/142020/142020_248133-01_ja_JP.html"
"3797","前期","通年","他","248134-01","救急救命特別実習(海外)","小野木 堂人 青木 瑠里 播磨 賢","https://cssy.aasa.ac.jp/syllabusHtml/2026/142020/142020_248134-01_ja_JP.html"
"3798","後期","後期","水2","248135-01","救急救命学特論Ⅰ","小野木 堂人","https://cssy.aasa.ac.jp/syllabusHtml/2026/142020/142020_248135-01_ja_JP.html"
"3799","後期","後期","木2","248136-01","救急救命学特論Ⅱ","福岡 範恭","https://cssy.aasa.ac.jp/syllabusHtml/2026/142020/142020_248136-01_ja_JP.html"
"3800","前期","前期","火5","248137-01","救急救命学研究Ⅰ","小野木 堂人","https://cssy.aasa.ac.jp/syllabusHtml/2026/142020/142020_248137-01_ja_JP.html"
"3801","前期","前期","火5","248137-02","救急救命学研究Ⅰ","髙木 省治","https://cssy.aasa.ac.jp/syllabusHtml/2026/142020/142020_248137-02_ja_JP.html"
"3802","前期","前期","火5","248137-03","救急救命学研究Ⅰ","福岡 範恭","https://cssy.aasa.ac.jp/syllabusHtml/2026/142020/142020_248137-03_ja_JP.html"
"3803","前期","前期","火5","248137-04","救急救命学研究Ⅰ","丹羽 一晃","https://cssy.aasa.ac.jp/syllabusHtml/2026/142020/142020_248137-04_ja_JP.html"
"3804","後期","後期","火5","248138-01","救急救命学研究Ⅱ","小野木 堂人","https://cssy.aasa.ac.jp/syllabusHtml/2026/142020/142020_248138-01_ja_JP.html"
"3805","後期","後期","火5","248138-02","救急救命学研究Ⅱ","髙木 省治","https://cssy.aasa.ac.jp/syllabusHtml/2026/142020/142020_248138-02_ja_JP.html"
"3806","後期","後期","火5","248138-03","救急救命学研究Ⅱ","福岡 範恭","https://cssy.aasa.ac.jp/syllabusHtml/2026/142020/142020_248138-03_ja_JP.html"
"3807","後期","後期","火5","248138-04","救急救命学研究Ⅱ","丹羽 一晃","https://cssy.aasa.ac.jp/syllabusHtml/2026/142020/142020_248138-04_ja_JP.html"
"3808","前期","前期","月2","248139-01","救急救命学研究Ⅲ","小野木 堂人","https://cssy.aasa.ac.jp/syllabusHtml/2026/142020/142020_248139-01_ja_JP.html"
"3809","前期","前期","月2","248139-02","救急救命学研究Ⅲ","髙木 省治","https://cssy.aasa.ac.jp/syllabusHtml/2026/142020/142020_248139-02_ja_JP.html"
"3810","前期","前期","月2","248139-03","救急救命学研究Ⅲ","福岡 範恭","https://cssy.aasa.ac.jp/syllabusHtml/2026/142020/142020_248139-03_ja_JP.html"
"3811","前期","前期","月2","248139-04","救急救命学研究Ⅲ","丹羽 一晃","https://cssy.aasa.ac.jp/syllabusHtml/2026/142020/142020_248139-04_ja_JP.html"
"3812","後期","後期","月1","248140-01","救急救命学研究Ⅳ","小野木 堂人","https://cssy.aasa.ac.jp/syllabusHtml/2026/142020/142020_248140-01_ja_JP.html"
"3813","後期","後期","月1","248140-02","救急救命学研究Ⅳ","髙木 省治","https://cssy.aasa.ac.jp/syllabusHtml/2026/142020/142020_248140-02_ja_JP.html"
"3814","後期","後期","月1","248140-03","救急救命学研究Ⅳ","福岡 範恭","https://cssy.aasa.ac.jp/syllabusHtml/2026/142020/142020_248140-03_ja_JP.html"
"3815","後期","後期","月1","248140-04","救急救命学研究Ⅳ","丹羽 一晃","https://cssy.aasa.ac.jp/syllabusHtml/2026/142020/142020_248140-04_ja_JP.html"
"3816","前期","通年","他","248141-01","卒業論文","髙木 省治","https://cssy.aasa.ac.jp/syllabusHtml/2026/142020/142020_248141-01_ja_JP.html"
"3817","前期","通年","他","248141-02","卒業論文","小野木 堂人","https://cssy.aasa.ac.jp/syllabusHtml/2026/142020/142020_248141-02_ja_JP.html"
"3818","前期","通年","他","248141-03","卒業論文","福岡 範恭","https://cssy.aasa.ac.jp/syllabusHtml/2026/142020/142020_248141-03_ja_JP.html"
"3819","前期","通年","他","248141-04","卒業論文","丹羽 一晃","https://cssy.aasa.ac.jp/syllabusHtml/2026/142020/142020_248141-04_ja_JP.html"
"3820","前期","通年","他","248142-01","救急救命関連実習","福岡 範恭 山本 敏博 播磨 賢 篠塚 雄希 篠田 利男","https://cssy.aasa.ac.jp/syllabusHtml/2026/142020/142020_248142-01_ja_JP.html"
"3821","前期","前期","火3","290001-01","食健康科学基礎演習","石原 則幸","https://cssy.aasa.ac.jp/syllabusHtml/2026/24/24_290001-01_ja_JP.html"
"3822","前期","前期","火3","290001-02","食健康科学基礎演習","岩崎 祐子","https://cssy.aasa.ac.jp/syllabusHtml/2026/24/24_290001-02_ja_JP.html"
"3823","前期","前期","火3","290001-03","食健康科学基礎演習","植村 和正","https://cssy.aasa.ac.jp/syllabusHtml/2026/24/24_290001-03_ja_JP.html"
"3824","前期","前期","火3","290001-04","食健康科学基礎演習","榎 裕美","https://cssy.aasa.ac.jp/syllabusHtml/2026/24/24_290001-04_ja_JP.html"
"3825","前期","前期","火3","290001-05","食健康科学基礎演習","小久保 友貴","https://cssy.aasa.ac.jp/syllabusHtml/2026/24/24_290001-05_ja_JP.html"
"3826","前期","前期","火3","290001-06","食健康科学基礎演習","高清 ゆうみ","https://cssy.aasa.ac.jp/syllabusHtml/2026/24/24_290001-06_ja_JP.html"
"3827","前期","前期","火3","290001-07","食健康科学基礎演習","武山 英麿","https://cssy.aasa.ac.jp/syllabusHtml/2026/24/24_290001-07_ja_JP.html"
"3828","前期","前期","火3","290001-08","食健康科学基礎演習","東山 幸恵","https://cssy.aasa.ac.jp/syllabusHtml/2026/24/24_290001-08_ja_JP.html"
"3829","前期","前期","火3","290001-09","食健康科学基礎演習","持丸 由香","https://cssy.aasa.ac.jp/syllabusHtml/2026/24/24_290001-09_ja_JP.html"
"3830","前期","前期","火3","290001-10","食健康科学基礎演習","山本 博之","https://cssy.aasa.ac.jp/syllabusHtml/2026/24/24_290001-10_ja_JP.html"
"3831","前期","前期","火3","290001-11","食健康科学基礎演習","百合草 誠","https://cssy.aasa.ac.jp/syllabusHtml/2026/24/24_290001-11_ja_JP.html"
"3832","前期","前期","水3","290001-12","食健康科学基礎演習","加藤 憲","https://cssy.aasa.ac.jp/syllabusHtml/2026/24/24_290001-12_ja_JP.html"
"3833","前期","前期","水3","290001-13","食健康科学基礎演習","小松 一","https://cssy.aasa.ac.jp/syllabusHtml/2026/24/24_290001-13_ja_JP.html"
"3834","前期","前期","水3","290001-14","食健康科学基礎演習","玉田 葉月","https://cssy.aasa.ac.jp/syllabusHtml/2026/24/24_290001-14_ja_JP.html"
"3835","前期","前期","水3","290001-15","食健康科学基礎演習","西澤 早紀子","https://cssy.aasa.ac.jp/syllabusHtml/2026/24/24_290001-15_ja_JP.html"
"3836","前期","前期","金3","290001-16","食健康科学基礎演習","礒永 美奈","https://cssy.aasa.ac.jp/syllabusHtml/2026/24/24_290001-16_ja_JP.html"
"3837","前期","前期","金3","290001-18","食健康科学基礎演習","安藤 聡","https://cssy.aasa.ac.jp/syllabusHtml/2026/24/24_290001-18_ja_JP.html"
"3838","前期","前期","金3","290001-19","食健康科学基礎演習","菅野 友美","https://cssy.aasa.ac.jp/syllabusHtml/2026/24/24_290001-19_ja_JP.html"
"3839","前期","前期","金3","290001-20","食健康科学基礎演習","野田 雅子","https://cssy.aasa.ac.jp/syllabusHtml/2026/24/24_290001-20_ja_JP.html"
"3840","前期","前期","金3","290001-21","食健康科学基礎演習","三宅 義明","https://cssy.aasa.ac.jp/syllabusHtml/2026/24/24_290001-21_ja_JP.html"
"3841","前期","前期","木4","290002-01","食健康科学概論","武山 英麿 山本 博之 石原 則幸","https://cssy.aasa.ac.jp/syllabusHtml/2026/24/24_290002-01_ja_JP.html"
"3842","前期","前期","金1","290002-02","食健康科学概論","三宅 義明","https://cssy.aasa.ac.jp/syllabusHtml/2026/24/24_290002-02_ja_JP.html"
"3843","後期","後期","水3,4","290003-01","統計学演習","武山 英麿","https://cssy.aasa.ac.jp/syllabusHtml/2026/24/24_290003-01_ja_JP.html"
"3844","後期","後期","水3,4","290003-02","統計学演習","武山 英麿","https://cssy.aasa.ac.jp/syllabusHtml/2026/24/24_290003-02_ja_JP.html"
"3845","後期","後期","火1","290003-03","統計学演習","箕浦 哲嗣","https://cssy.aasa.ac.jp/syllabusHtml/2026/24/24_290003-03_ja_JP.html"
"3846","後期","後期","火2","290003-04","統計学演習","箕浦 哲嗣","https://cssy.aasa.ac.jp/syllabusHtml/2026/24/24_290003-04_ja_JP.html"
"3847","前期","前期","月4","290004-01","対人技術演習","植村 和正","https://cssy.aasa.ac.jp/syllabusHtml/2026/24/24_290004-01_ja_JP.html"
"3848","前期","前期","火4","290004-02","対人技術演習","樋口 貴子","https://cssy.aasa.ac.jp/syllabusHtml/2026/24/24_290004-02_ja_JP.html"
"3849","前期","前期","火4","290004-03","対人技術演習","樋口 貴子","https://cssy.aasa.ac.jp/syllabusHtml/2026/24/24_290004-03_ja_JP.html"
"3850","前期","前期","月5","290005-01","キャリアデザイン","武山 英麿 三井 裕美","https://cssy.aasa.ac.jp/syllabusHtml/2026/24/24_290005-01_ja_JP.html"
"3851","前期","前期","月4","290005-02","キャリアデザイン","菅野 友美 三井 裕美","https://cssy.aasa.ac.jp/syllabusHtml/2026/24/24_290005-02_ja_JP.html"
"3852","前期","前期","月3","290006-01","基礎化学","井澤 誠","https://cssy.aasa.ac.jp/syllabusHtml/2026/24/24_290006-01_ja_JP.html"
"3853","前期","前期","月4","290006-02","基礎化学","井澤 誠","https://cssy.aasa.ac.jp/syllabusHtml/2026/24/24_290006-02_ja_JP.html"
"3854","前期","前期","木1","290007-01","基礎生物学","西郷 孝","https://cssy.aasa.ac.jp/syllabusHtml/2026/24/24_290007-01_ja_JP.html"
"3855","前期","前期","木2","290007-02","基礎生物学","西郷 孝","https://cssy.aasa.ac.jp/syllabusHtml/2026/24/24_290007-02_ja_JP.html"
"3856","前期","前期","木4","291001-01","管理栄養士概論","武山 英麿 西澤 早紀子","https://cssy.aasa.ac.jp/syllabusHtml/2026/2410/2410_291001-01_ja_JP.html"
"3857","後期","後期","月1","291002-01","早期体験学習","榎 裕美 高清 ゆうみ 東山 幸恵 岩崎 祐子","https://cssy.aasa.ac.jp/syllabusHtml/2026/2410/2410_291002-01_ja_JP.html"
"3858","前期","前期","火5","291003-01","実践統計学","野口 義紘","https://cssy.aasa.ac.jp/syllabusHtml/2026/2410/2410_291003-01_ja_JP.html"
"3859","前期","前期","金1","291004-01","公衆衛生学Ⅰ","武山 英麿","https://cssy.aasa.ac.jp/syllabusHtml/2026/2410/2410_291004-01_ja_JP.html"
"3860","前期","前期","金2","291004-02","公衆衛生学Ⅰ","武山 英麿","https://cssy.aasa.ac.jp/syllabusHtml/2026/2410/2410_291004-02_ja_JP.html"
"3861","後期","後期","木1","291005-01","公衆衛生学Ⅱ","武山 英麿","https://cssy.aasa.ac.jp/syllabusHtml/2026/2410/2410_291005-01_ja_JP.html"
"3862","後期","後期","木2","291005-02","公衆衛生学Ⅱ","武山 英麿","https://cssy.aasa.ac.jp/syllabusHtml/2026/2410/2410_291005-02_ja_JP.html"
"3863","前期","前期","火1","291007-01","微生物学","立野 一郎","https://cssy.aasa.ac.jp/syllabusHtml/2026/2410/2410_291007-01_ja_JP.html"
"3864","前期","前期","火2","291007-02","微生物学","立野 一郎","https://cssy.aasa.ac.jp/syllabusHtml/2026/2410/2410_291007-02_ja_JP.html"
"3865","前期","前期","木2","291008-01","解剖生理学Ⅰ","百合草 誠","https://cssy.aasa.ac.jp/syllabusHtml/2026/2410/2410_291008-01_ja_JP.html"
"3866","前期","前期","木3","291008-02","解剖生理学Ⅰ","百合草 誠","https://cssy.aasa.ac.jp/syllabusHtml/2026/2410/2410_291008-02_ja_JP.html"
"3867","後期","後期","月2","291009-01","解剖生理学Ⅱ","植村 和正","https://cssy.aasa.ac.jp/syllabusHtml/2026/2410/2410_291009-01_ja_JP.html"
"3868","後期","後期","月3","291009-02","解剖生理学Ⅱ","植村 和正","https://cssy.aasa.ac.jp/syllabusHtml/2026/2410/2410_291009-02_ja_JP.html"
"3869","前期","前期","月1,2,3","291010-01","解剖生理学実験Ⅰ","百合草 誠","https://cssy.aasa.ac.jp/syllabusHtml/2026/2410/2410_291010-01_ja_JP.html"
"3870","前期","前期","月1,2,3","291010-02","解剖生理学実験Ⅰ","百合草 誠","https://cssy.aasa.ac.jp/syllabusHtml/2026/2410/2410_291010-02_ja_JP.html"
"3871","後期","後期","水1,2,3","291011-01","解剖生理学実験Ⅱ","百合草 誠","https://cssy.aasa.ac.jp/syllabusHtml/2026/2410/2410_291011-01_ja_JP.html"
"3872","後期","後期","水1,2,3","291011-02","解剖生理学実験Ⅱ","百合草 誠","https://cssy.aasa.ac.jp/syllabusHtml/2026/2410/2410_291011-02_ja_JP.html"
"3873","前期","前期","木2","291012-01","生化学Ⅰ","山本 博之","https://cssy.aasa.ac.jp/syllabusHtml/2026/2410/2410_291012-01_ja_JP.html"
"3874","前期","前期","木3","291012-02","生化学Ⅰ","山本 博之","https://cssy.aasa.ac.jp/syllabusHtml/2026/2410/2410_291012-02_ja_JP.html"
"3875","後期","後期","木1","291013-01","生化学Ⅱ","山本 博之","https://cssy.aasa.ac.jp/syllabusHtml/2026/2410/2410_291013-01_ja_JP.html"
"3876","後期","後期","木2","291013-02","生化学Ⅱ","山本 博之","https://cssy.aasa.ac.jp/syllabusHtml/2026/2410/2410_291013-02_ja_JP.html"
"3877","後期","後期","金1,2,3","291014-01","生化学実験Ⅰ","小野 廣紀","https://cssy.aasa.ac.jp/syllabusHtml/2026/2410/2410_291014-01_ja_JP.html"
"3878","後期","後期","金1,2,3","291014-02","生化学実験Ⅰ","小野 廣紀","https://cssy.aasa.ac.jp/syllabusHtml/2026/2410/2410_291014-02_ja_JP.html"
"3879","前期","前期","月1,2,3","291015-01","生化学実験Ⅱ","小野 廣紀","https://cssy.aasa.ac.jp/syllabusHtml/2026/2410/2410_291015-01_ja_JP.html"
"3880","前期","前期","月1,2,3","291015-02","生化学実験Ⅱ","小野 廣紀","https://cssy.aasa.ac.jp/syllabusHtml/2026/2410/2410_291015-02_ja_JP.html"
"3881","後期","後期","木5","291016-01","病理学総論","柴田 知行","https://cssy.aasa.ac.jp/syllabusHtml/2026/2410/2410_291016-01_ja_JP.html"
"3882","後期","後期","金4","291016-02","病理学総論","柴田 知行","https://cssy.aasa.ac.jp/syllabusHtml/2026/2410/2410_291016-02_ja_JP.html"
"3883","前期","前期","水3","291017-01","病理学各論","滝野 寿","https://cssy.aasa.ac.jp/syllabusHtml/2026/2410/2410_291017-01_ja_JP.html"
"3884","前期","前期","水4","291017-02","病理学各論","滝野 寿","https://cssy.aasa.ac.jp/syllabusHtml/2026/2410/2410_291017-02_ja_JP.html"
"3885","前期","前期","金2","291018-01","食品学Ⅰ","石原 則幸","https://cssy.aasa.ac.jp/syllabusHtml/2026/2410/2410_291018-01_ja_JP.html"
"3886","前期","前期","金3","291018-02","食品学Ⅰ","石原 則幸","https://cssy.aasa.ac.jp/syllabusHtml/2026/2410/2410_291018-02_ja_JP.html"
"3887","後期","後期","木1","291019-01","食品学Ⅱ","石原 則幸","https://cssy.aasa.ac.jp/syllabusHtml/2026/2410/2410_291019-01_ja_JP.html"
"3888","後期","後期","木2","291019-02","食品学Ⅱ","石原 則幸","https://cssy.aasa.ac.jp/syllabusHtml/2026/2410/2410_291019-02_ja_JP.html"
"3889","後期","後期","火1,2,3","291020-01","食品学実験Ⅰ","石原 則幸","https://cssy.aasa.ac.jp/syllabusHtml/2026/2410/2410_291020-01_ja_JP.html"
"3890","後期","後期","火1,2,3","291020-02","食品学実験Ⅰ","石原 則幸","https://cssy.aasa.ac.jp/syllabusHtml/2026/2410/2410_291020-02_ja_JP.html"
"3891","前期","前期","木1,2,3","291021-01","食品学実験Ⅱ","望月 美佳","https://cssy.aasa.ac.jp/syllabusHtml/2026/2410/2410_291021-01_ja_JP.html"
"3892","前期","前期","木1,2,3","291021-02","食品学実験Ⅱ","望月 美佳","https://cssy.aasa.ac.jp/syllabusHtml/2026/2410/2410_291021-02_ja_JP.html"
"3893","前期","前期","水1","291022-01","食品衛生学","武山 英麿","https://cssy.aasa.ac.jp/syllabusHtml/2026/2410/2410_291022-01_ja_JP.html"
"3894","前期","前期","水2","291022-02","食品衛生学","武山 英麿","https://cssy.aasa.ac.jp/syllabusHtml/2026/2410/2410_291022-02_ja_JP.html"
"3895","後期","後期","木1,2,3","291023-01","食品衛生学実験","平野 義晃","https://cssy.aasa.ac.jp/syllabusHtml/2026/2410/2410_291023-01_ja_JP.html"
"3896","後期","後期","木1,2,3","291023-02","食品衛生学実験","平野 義晃","https://cssy.aasa.ac.jp/syllabusHtml/2026/2410/2410_291023-02_ja_JP.html"
"3897","前期","前期","水1,2","291024-01","調理学","持丸 由香","https://cssy.aasa.ac.jp/syllabusHtml/2026/2410/2410_291024-01_ja_JP.html"
"3898","前期","前期","水1,2","291024-02","調理学","持丸 由香","https://cssy.aasa.ac.jp/syllabusHtml/2026/2410/2410_291024-02_ja_JP.html"
"3899","前期","前期","木1,2,3","291025-01","調理学実験","持丸 由香","https://cssy.aasa.ac.jp/syllabusHtml/2026/2410/2410_291025-01_ja_JP.html"
"3900","前期","前期","木1,2,3","291025-02","調理学実験","持丸 由香","https://cssy.aasa.ac.jp/syllabusHtml/2026/2410/2410_291025-02_ja_JP.html"
"3901","前期","前期","水1,2,3","291026-01","調理学実習Ⅰ","水野 洋子","https://cssy.aasa.ac.jp/syllabusHtml/2026/2410/2410_291026-01_ja_JP.html"
"3902","前期","前期","水1,2,3","291026-02","調理学実習Ⅰ","水野 洋子","https://cssy.aasa.ac.jp/syllabusHtml/2026/2410/2410_291026-02_ja_JP.html"
"3903","後期","後期","火1,2,3","291027-01","調理学実習Ⅱ","高清 ゆうみ","https://cssy.aasa.ac.jp/syllabusHtml/2026/2410/2410_291027-01_ja_JP.html"
"3904","後期","後期","火1,2,3","291027-02","調理学実習Ⅱ","高清 ゆうみ","https://cssy.aasa.ac.jp/syllabusHtml/2026/2410/2410_291027-02_ja_JP.html"
"3905","後期","後期","月2","291028-01","基礎栄養学","山本 博之","https://cssy.aasa.ac.jp/syllabusHtml/2026/2410/2410_291028-01_ja_JP.html"
"3906","後期","後期","月3","291028-02","基礎栄養学","山本 博之","https://cssy.aasa.ac.jp/syllabusHtml/2026/2410/2410_291028-02_ja_JP.html"
"3907","後期","後期","金1,2,3","291029-01","栄養学実習","山本 博之","https://cssy.aasa.ac.jp/syllabusHtml/2026/2410/2410_291029-01_ja_JP.html"
"3908","後期","後期","金1,2,3","291029-02","栄養学実習","山本 博之","https://cssy.aasa.ac.jp/syllabusHtml/2026/2410/2410_291029-02_ja_JP.html"
"3909","前期","前期","金2","291030-01","応用栄養学","小久保 友貴","https://cssy.aasa.ac.jp/syllabusHtml/2026/2410/2410_291030-01_ja_JP.html"
"3910","前期","前期","金3","291030-02","応用栄養学","小久保 友貴","https://cssy.aasa.ac.jp/syllabusHtml/2026/2410/2410_291030-02_ja_JP.html"
"3911","後期","後期","木1,2","291031-01","母子栄養学","小久保 友貴","https://cssy.aasa.ac.jp/syllabusHtml/2026/2410/2410_291031-01_ja_JP.html"
"3912","後期","後期","木1,2","291031-02","母子栄養学","小久保 友貴","https://cssy.aasa.ac.jp/syllabusHtml/2026/2410/2410_291031-02_ja_JP.html"
"3913","後期","後期","水4","291032-01","中高年栄養学","榎 裕美","https://cssy.aasa.ac.jp/syllabusHtml/2026/2410/2410_291032-01_ja_JP.html"
"3914","後期","後期","水5","291032-02","中高年栄養学","榎 裕美","https://cssy.aasa.ac.jp/syllabusHtml/2026/2410/2410_291032-02_ja_JP.html"
"3915","前期","前期","木1,2,3","291033-01","応用栄養学実習","小久保 友貴","https://cssy.aasa.ac.jp/syllabusHtml/2026/2410/2410_291033-01_ja_JP.html"
"3916","前期","前期","木1,2,3","291033-02","応用栄養学実習","小久保 友貴","https://cssy.aasa.ac.jp/syllabusHtml/2026/2410/2410_291033-02_ja_JP.html"
"3917","前期","前期","水1","291034-01","栄養教育論Ⅰ","榎 裕美","https://cssy.aasa.ac.jp/syllabusHtml/2026/2410/2410_291034-01_ja_JP.html"
"3918","前期","前期","水2","291034-02","栄養教育論Ⅰ","榎 裕美","https://cssy.aasa.ac.jp/syllabusHtml/2026/2410/2410_291034-02_ja_JP.html"
"3919","後期","後期","火1","291035-01","栄養教育論Ⅱ","平田 なつひ","https://cssy.aasa.ac.jp/syllabusHtml/2026/2410/2410_291035-01_ja_JP.html"
"3920","後期","後期","火2","291035-02","栄養教育論Ⅱ","平田 なつひ","https://cssy.aasa.ac.jp/syllabusHtml/2026/2410/2410_291035-02_ja_JP.html"
"3921","前期","前期","木1,2,3","291036-01","栄養教育論実習Ⅰ","榎 裕美","https://cssy.aasa.ac.jp/syllabusHtml/2026/2410/2410_291036-01_ja_JP.html"
"3922","前期","前期","木1,2,3","291036-02","栄養教育論実習Ⅰ","榎 裕美","https://cssy.aasa.ac.jp/syllabusHtml/2026/2410/2410_291036-02_ja_JP.html"
"3923","後期","後期","月3,4,5","291037-01","栄養教育論実習Ⅱ","布施 晶子","https://cssy.aasa.ac.jp/syllabusHtml/2026/2410/2410_291037-01_ja_JP.html"
"3924","後期","後期","月3,4,5","291037-02","栄養教育論実習Ⅱ","布施 晶子","https://cssy.aasa.ac.jp/syllabusHtml/2026/2410/2410_291037-02_ja_JP.html"
"3925","後期","後期","水4","291038-01","栄養カウンセリング論","井村 安之","https://cssy.aasa.ac.jp/syllabusHtml/2026/2410/2410_291038-01_ja_JP.html"
"3926","後期","後期","水5","291038-02","栄養カウンセリング論","井村 安之","https://cssy.aasa.ac.jp/syllabusHtml/2026/2410/2410_291038-02_ja_JP.html"
"3927","前期","前期","水3","291039-01","臨床栄養学","東山 幸恵","https://cssy.aasa.ac.jp/syllabusHtml/2026/2410/2410_291039-01_ja_JP.html"
"3928","前期","前期","水4","291039-02","臨床栄養学","東山 幸恵","https://cssy.aasa.ac.jp/syllabusHtml/2026/2410/2410_291039-02_ja_JP.html"
"3929","後期","後期","月4","291040-01","栄養アセスメント論","安田 和代","https://cssy.aasa.ac.jp/syllabusHtml/2026/2410/2410_291040-01_ja_JP.html"
"3930","後期","後期","月5","291040-02","栄養アセスメント論","安田 和代","https://cssy.aasa.ac.jp/syllabusHtml/2026/2410/2410_291040-02_ja_JP.html"
"3931","前期","前期","水4","291041-01","臨床栄養管理論","田中 文彦","https://cssy.aasa.ac.jp/syllabusHtml/2026/2410/2410_291041-01_ja_JP.html"
"3932","前期","前期","水5","291041-02","臨床栄養管理論","田中 文彦","https://cssy.aasa.ac.jp/syllabusHtml/2026/2410/2410_291041-02_ja_JP.html"
"3933","後期","後期","火1","291042-01","医療・福祉・介護と栄養ケア","熊谷 琴美","https://cssy.aasa.ac.jp/syllabusHtml/2026/2410/2410_291042-01_ja_JP.html"
"3934","後期","後期","火2","291042-02","医療・福祉・介護と栄養ケア","熊谷 琴美","https://cssy.aasa.ac.jp/syllabusHtml/2026/2410/2410_291042-02_ja_JP.html"
"3935","前期","前期","月1,2,3","291043-01","臨床栄養学実習","東山 幸恵","https://cssy.aasa.ac.jp/syllabusHtml/2026/2410/2410_291043-01_ja_JP.html"
"3936","前期","前期","月1,2,3","291043-02","臨床栄養学実習","東山 幸恵","https://cssy.aasa.ac.jp/syllabusHtml/2026/2410/2410_291043-02_ja_JP.html"
"3937","前期","前期","水3","291045-01","公衆栄養学","岩崎 祐子","https://cssy.aasa.ac.jp/syllabusHtml/2026/2410/2410_291045-01_ja_JP.html"
"3938","前期","前期","水4","291045-02","公衆栄養学","岩崎 祐子","https://cssy.aasa.ac.jp/syllabusHtml/2026/2410/2410_291045-02_ja_JP.html"
"3939","後期","後期","月4","291046-01","食事調査法演習","岩崎 祐子","https://cssy.aasa.ac.jp/syllabusHtml/2026/2410/2410_291046-01_ja_JP.html"
"3940","後期","後期","月5","291046-02","食事調査法演習","岩崎 祐子","https://cssy.aasa.ac.jp/syllabusHtml/2026/2410/2410_291046-02_ja_JP.html"
"3941","後期","後期","水1","291048-01","給食経営管理論","持丸 由香","https://cssy.aasa.ac.jp/syllabusHtml/2026/2410/2410_291048-01_ja_JP.html"
"3942","後期","後期","水2","291048-02","給食経営管理論","持丸 由香","https://cssy.aasa.ac.jp/syllabusHtml/2026/2410/2410_291048-02_ja_JP.html"
"3943","前期","前期","火1,2","291049-01","給食経営管理演習","高清 ゆうみ","https://cssy.aasa.ac.jp/syllabusHtml/2026/2410/2410_291049-01_ja_JP.html"
"3944","前期","前期","火1,2","291049-02","給食経営管理演習","高清 ゆうみ","https://cssy.aasa.ac.jp/syllabusHtml/2026/2410/2410_291049-02_ja_JP.html"
"3945","後期","後期","金1,2,3","291050-01","給食経営管理実習","高清 ゆうみ 徳永 佐枝子","https://cssy.aasa.ac.jp/syllabusHtml/2026/2410/2410_291050-01_ja_JP.html"
"3946","後期","後期","金1,2,3","291050-02","給食経営管理実習","高清 ゆうみ 徳永 佐枝子","https://cssy.aasa.ac.jp/syllabusHtml/2026/2410/2410_291050-02_ja_JP.html"
"3947","前期","通年","木3,4","291051-01","栄養総合演習Ⅰ","岩崎 祐子 榎 裕美 小久保 友貴 東山 幸恵 持丸 由香","https://cssy.aasa.ac.jp/syllabusHtml/2026/2410/2410_291051-01_ja_JP.html"
"3948","前期","通年","他","291053-01","臨地実習Ⅰ(給食経営管理論)","持丸 由香 榎 裕美 百合草 誠 武山 英麿 小久保 友貴 高清 ゆうみ 東山 幸恵 岩崎 祐子 山本 博之 石原 則幸","https://cssy.aasa.ac.jp/syllabusHtml/2026/2410/2410_291053-01_ja_JP.html"
"3949","前期","通年","他","291054-01","臨地実習Ⅱ(臨床栄養学)","東山 幸恵 榎 裕美 百合草 誠 武山 英麿 小久保 友貴 高清 ゆうみ 岩崎 祐子 持丸 由香 山本 博之 石原 則幸","https://cssy.aasa.ac.jp/syllabusHtml/2026/2410/2410_291054-01_ja_JP.html"
"3950","前期","通年","他","291055-01","臨地実習Ⅲ(臨床栄養学)","東山 幸恵 榎 裕美 百合草 誠 武山 英麿 小久保 友貴 高清 ゆうみ 岩崎 祐子 持丸 由香 山本 博之 石原 則幸","https://cssy.aasa.ac.jp/syllabusHtml/2026/2410/2410_291055-01_ja_JP.html"
"3951","前期","通年","他","291056-01","臨地実習Ⅳ(臨床栄養学)","東山 幸恵 榎 裕美 百合草 誠 武山 英麿 小久保 友貴 高清 ゆうみ 岩崎 祐子 持丸 由香 山本 博之 石原 則幸","https://cssy.aasa.ac.jp/syllabusHtml/2026/2410/2410_291056-01_ja_JP.html"
"3952","前期","通年","他","291057-01","臨地実習Ⅴ(公衆栄養学)","岩崎 祐子 榎 裕美 百合草 誠 武山 英麿 小久保 友貴 高清 ゆうみ 東山 幸恵 持丸 由香 山本 博之 石原 則幸","https://cssy.aasa.ac.jp/syllabusHtml/2026/2410/2410_291057-01_ja_JP.html"
"3953","前期","前期","水2","291058-01","健康栄養学研究Ⅰ","石原 則幸","https://cssy.aasa.ac.jp/syllabusHtml/2026/2410/2410_291058-01_ja_JP.html"
"3954","前期","前期","水2","291058-02","健康栄養学研究Ⅰ","岩崎 祐子","https://cssy.aasa.ac.jp/syllabusHtml/2026/2410/2410_291058-02_ja_JP.html"
"3955","前期","前期","水1","291058-03","健康栄養学研究Ⅰ","小久保 友貴","https://cssy.aasa.ac.jp/syllabusHtml/2026/2410/2410_291058-03_ja_JP.html"
"3956","前期","前期","水2","291058-04","健康栄養学研究Ⅰ","高清 ゆうみ","https://cssy.aasa.ac.jp/syllabusHtml/2026/2410/2410_291058-04_ja_JP.html"
"3957","前期","前期","水2","291058-05","健康栄養学研究Ⅰ","山本 博之","https://cssy.aasa.ac.jp/syllabusHtml/2026/2410/2410_291058-05_ja_JP.html"
"3958","前期","前期","木5","291058-06","健康栄養学研究Ⅰ","百合草 誠","https://cssy.aasa.ac.jp/syllabusHtml/2026/2410/2410_291058-06_ja_JP.html"
"3959","前期","前期","木5","291058-07","健康栄養学研究Ⅰ","榎 裕美","https://cssy.aasa.ac.jp/syllabusHtml/2026/2410/2410_291058-07_ja_JP.html"
"3960","前期","前期","木5","291058-08","健康栄養学研究Ⅰ","東山 幸恵","https://cssy.aasa.ac.jp/syllabusHtml/2026/2410/2410_291058-08_ja_JP.html"
"3961","前期","前期","金3","291058-09","健康栄養学研究Ⅰ","植村 和正","https://cssy.aasa.ac.jp/syllabusHtml/2026/2410/2410_291058-09_ja_JP.html"
"3962","前期","前期","金3","291058-10","健康栄養学研究Ⅰ","武山 英麿","https://cssy.aasa.ac.jp/syllabusHtml/2026/2410/2410_291058-10_ja_JP.html"
"3963","前期","前期","金3","291058-11","健康栄養学研究Ⅰ","持丸 由香","https://cssy.aasa.ac.jp/syllabusHtml/2026/2410/2410_291058-11_ja_JP.html"
"3964","後期","後期","月2","291059-01","健康栄養学研究Ⅱ","百合草 誠","https://cssy.aasa.ac.jp/syllabusHtml/2026/2410/2410_291059-01_ja_JP.html"
"3965","後期","後期","火4","291059-02","健康栄養学研究Ⅱ","高清 ゆうみ","https://cssy.aasa.ac.jp/syllabusHtml/2026/2410/2410_291059-02_ja_JP.html"
"3966","後期","後期","水2","291059-03","健康栄養学研究Ⅱ","小久保 友貴","https://cssy.aasa.ac.jp/syllabusHtml/2026/2410/2410_291059-03_ja_JP.html"
"3967","後期","後期","水5","291059-04","健康栄養学研究Ⅱ","東山 幸恵","https://cssy.aasa.ac.jp/syllabusHtml/2026/2410/2410_291059-04_ja_JP.html"
"3968","後期","後期","木5","291059-05","健康栄養学研究Ⅱ","榎 裕美","https://cssy.aasa.ac.jp/syllabusHtml/2026/2410/2410_291059-05_ja_JP.html"
"3969","後期","後期","金4","291059-06","健康栄養学研究Ⅱ","石原 則幸","https://cssy.aasa.ac.jp/syllabusHtml/2026/2410/2410_291059-06_ja_JP.html"
"3970","後期","後期","木5","291059-07","健康栄養学研究Ⅱ","岩崎 祐子","https://cssy.aasa.ac.jp/syllabusHtml/2026/2410/2410_291059-07_ja_JP.html"
"3971","後期","後期","水5","291059-08","健康栄養学研究Ⅱ","武山 英麿","https://cssy.aasa.ac.jp/syllabusHtml/2026/2410/2410_291059-08_ja_JP.html"
"3972","後期","後期","金4","291059-09","健康栄養学研究Ⅱ","持丸 由香","https://cssy.aasa.ac.jp/syllabusHtml/2026/2410/2410_291059-09_ja_JP.html"
"3973","後期","後期","金4","291059-10","健康栄養学研究Ⅱ","山本 博之","https://cssy.aasa.ac.jp/syllabusHtml/2026/2410/2410_291059-10_ja_JP.html"
"3974","後期","後期","月1","291059-11","健康栄養学研究Ⅱ","植村 和正","https://cssy.aasa.ac.jp/syllabusHtml/2026/2410/2410_291059-11_ja_JP.html"
"3975","前期","前期","月4","291065-01","化学概論","田中 晶善","https://cssy.aasa.ac.jp/syllabusHtml/2026/2410/2410_291065-01_ja_JP.html"
"3976","前期","前期","金4","291066-01","食品加工学","石原 則幸","https://cssy.aasa.ac.jp/syllabusHtml/2026/2410/2410_291066-01_ja_JP.html"
"3977","後期","後期","水1,2,3","291067-01","食品加工学実習","石原 則幸","https://cssy.aasa.ac.jp/syllabusHtml/2026/2410/2410_291067-01_ja_JP.html"
"3978","後期","後期","水1,2,3","291067-02","食品加工学実習","石原 則幸","https://cssy.aasa.ac.jp/syllabusHtml/2026/2410/2410_291067-02_ja_JP.html"
"3979","後期","後期","月1","291068-01","運動生理学","菅野 昌明","https://cssy.aasa.ac.jp/syllabusHtml/2026/2410/2410_291068-01_ja_JP.html"
"3980","後期","後期","月2","291069-01","健康スポーツ科学演習","菅野 昌明","https://cssy.aasa.ac.jp/syllabusHtml/2026/2410/2410_291069-01_ja_JP.html"
"3981","前期","前期","金1","291070-01","スポーツ実技Ⅰ","島 典広","https://cssy.aasa.ac.jp/syllabusHtml/2026/2410/2410_291070-01_ja_JP.html"
"3982","後期","後期","木5","291071-01","スポーツ実技Ⅱ","島 典広","https://cssy.aasa.ac.jp/syllabusHtml/2026/2410/2410_291071-01_ja_JP.html"
"3983","前期","前期","他","291072-01","スポーツ実技Ⅲ","今崎 実千代","https://cssy.aasa.ac.jp/syllabusHtml/2026/2410/2410_291072-01_ja_JP.html"
"3984","前期","前期","他","291073-01","スポーツ実技Ⅳ","外部講師(Ms.Unite MU)","https://cssy.aasa.ac.jp/syllabusHtml/2026/2410/2410_291073-01_ja_JP.html"
"3985","前期","前期","他","291074-01","健康医科学演習","井上 保介","https://cssy.aasa.ac.jp/syllabusHtml/2026/2410/2410_291074-01_ja_JP.html"
"3986","前期","前期","火3","291075-01","学校栄養教育論","林 紫","https://cssy.aasa.ac.jp/syllabusHtml/2026/2410/2410_291075-01_ja_JP.html"
"3987","後期","後期","月2","291076-01","学校栄養指導法","林 紫","https://cssy.aasa.ac.jp/syllabusHtml/2026/2410/2410_291076-01_ja_JP.html"
"3988","前期","前期","水2","292001-01","食創造科学概論","菅野 友美 加藤 憲 三宅 義明 野田 雅子 礒永 美奈 玉田 葉月 安藤 聡 西澤 早紀子 小松 一 吉田 久美","https://cssy.aasa.ac.jp/syllabusHtml/2026/2420/2420_292001-01_ja_JP.html"
"3989","後期","後期","木2","292002-01","食産業キャリア演習","三宅 義明 加藤 憲 野田 雅子 菅野 友美","https://cssy.aasa.ac.jp/syllabusHtml/2026/2420/2420_292002-01_ja_JP.html"
"3990","前期","前期","金2","292003-01","食物の科学","三宅 義明","https://cssy.aasa.ac.jp/syllabusHtml/2026/2420/2420_292003-01_ja_JP.html"
"3991","前期","前期","月3","292004-01","化学概論","田中 晶善","https://cssy.aasa.ac.jp/syllabusHtml/2026/2420/2420_292004-01_ja_JP.html"
"3992","前期","前期","金4","292005-01","食品加工学","菅野 友美","https://cssy.aasa.ac.jp/syllabusHtml/2026/2420/2420_292005-01_ja_JP.html"
"3993","後期","後期","木3","292006-01","食品学Ⅰ","三宅 義明","https://cssy.aasa.ac.jp/syllabusHtml/2026/2420/2420_292006-01_ja_JP.html"
"3994","後期","後期","金5","292007-01","食品分析学","吉田 久美","https://cssy.aasa.ac.jp/syllabusHtml/2026/2420/2420_292007-01_ja_JP.html"
"3995","後期","後期","月3,4","292008-01","食品学実験","三宅 義明","https://cssy.aasa.ac.jp/syllabusHtml/2026/2420/2420_292008-01_ja_JP.html"
"3996","後期","後期","水3,4","292008-02","食品学実験","三宅 義明","https://cssy.aasa.ac.jp/syllabusHtml/2026/2420/2420_292008-02_ja_JP.html"
"3997","後期","後期","金1,2","292008-03","食品学実験","石原 則幸","https://cssy.aasa.ac.jp/syllabusHtml/2026/2420/2420_292008-03_ja_JP.html"
"3998","後期","後期","水1,2","292009-01","食品加工学実習","礒永 美奈","https://cssy.aasa.ac.jp/syllabusHtml/2026/2420/2420_292009-01_ja_JP.html"
"3999","後期","後期","水3,4","292009-02","食品加工学実習","礒永 美奈","https://cssy.aasa.ac.jp/syllabusHtml/2026/2420/2420_292009-02_ja_JP.html"
"4000","後期","後期","木1,2","292009-03","食品加工学実習","玉田 葉月","https://cssy.aasa.ac.jp/syllabusHtml/2026/2420/2420_292009-03_ja_JP.html"
"4001","後期","後期","金3,4","292009-04","食品加工学実習","礒永 美奈","https://cssy.aasa.ac.jp/syllabusHtml/2026/2420/2420_292009-04_ja_JP.html"
"4002","後期","後期","火3","292010-01","食品衛生学","安藤 聡","https://cssy.aasa.ac.jp/syllabusHtml/2026/2420/2420_292010-01_ja_JP.html"
"4003","前期","前期","水3,4","292011-01","食品衛生学実験","安藤 聡","https://cssy.aasa.ac.jp/syllabusHtml/2026/2420/2420_292011-01_ja_JP.html"
"4004","前期","前期","木3,4","292011-02","食品衛生学実験","安藤 聡","https://cssy.aasa.ac.jp/syllabusHtml/2026/2420/2420_292011-02_ja_JP.html"
"4005","前期","前期","水3,4","292012-01","食品分析学実験","吉田 久美","https://cssy.aasa.ac.jp/syllabusHtml/2026/2420/2420_292012-01_ja_JP.html"
"4006","前期","前期","水1","292013-01","基礎調理科学","西澤 早紀子","https://cssy.aasa.ac.jp/syllabusHtml/2026/2420/2420_292013-01_ja_JP.html"
"4007","後期","後期","水1,2","292014-01","調理学実習Ⅰ(和食と伝統料理)","西澤 早紀子","https://cssy.aasa.ac.jp/syllabusHtml/2026/2420/2420_292014-01_ja_JP.html"
"4008","後期","後期","木1,2","292014-02","調理学実習Ⅰ(和食と伝統料理)","礒永 美奈","https://cssy.aasa.ac.jp/syllabusHtml/2026/2420/2420_292014-02_ja_JP.html"
"4009","後期","後期","金1,2","292014-03","調理学実習Ⅰ(和食と伝統料理)","礒永 美奈","https://cssy.aasa.ac.jp/syllabusHtml/2026/2420/2420_292014-03_ja_JP.html"
"4010","後期","後期","月3,4","292014-04","調理学実習Ⅰ(和食と伝統料理)","礒永 美奈","https://cssy.aasa.ac.jp/syllabusHtml/2026/2420/2420_292014-04_ja_JP.html"
"4011","後期","後期","月5","292015-01","応用調理科学","菅野 友美","https://cssy.aasa.ac.jp/syllabusHtml/2026/2420/2420_292015-01_ja_JP.html"
"4012","後期","後期","月3,4","292016-01","調理科学実験","菅野 友美","https://cssy.aasa.ac.jp/syllabusHtml/2026/2420/2420_292016-01_ja_JP.html"
"4013","後期","後期","水3,4","292016-02","調理科学実験","菅野 友美","https://cssy.aasa.ac.jp/syllabusHtml/2026/2420/2420_292016-02_ja_JP.html"
"4014","後期","後期","水1,2","292016-03","調理科学実験","薗田 邦博","https://cssy.aasa.ac.jp/syllabusHtml/2026/2420/2420_292016-03_ja_JP.html"
"4015","前期","前期","木1,2","292017-01","調理学実習Ⅱ(世界の郷土料理)","礒永 美奈","https://cssy.aasa.ac.jp/syllabusHtml/2026/2420/2420_292017-01_ja_JP.html"
"4016","前期","前期","金1,2","292017-02","調理学実習Ⅱ(世界の郷土料理)","礒永 美奈","https://cssy.aasa.ac.jp/syllabusHtml/2026/2420/2420_292017-02_ja_JP.html"
"4017","前期","前期","木1","292018-01","生体の化学","吉田 久美","https://cssy.aasa.ac.jp/syllabusHtml/2026/2420/2420_292018-01_ja_JP.html"
"4018","前期","前期","月5","292019-01","人体の構造と機能(解剖生理学)","前野 信久","https://cssy.aasa.ac.jp/syllabusHtml/2026/2420/2420_292019-01_ja_JP.html"
"4019","後期","後期","月2","292020-01","健康の科学","小松 一","https://cssy.aasa.ac.jp/syllabusHtml/2026/2420/2420_292020-01_ja_JP.html"
"4020","前期","前期","水1","292021-01","生化学","奥村 裕紀","https://cssy.aasa.ac.jp/syllabusHtml/2026/2420/2420_292021-01_ja_JP.html"
"4021","前期","前期","火3","292022-01","微生物学","立野 一郎","https://cssy.aasa.ac.jp/syllabusHtml/2026/2420/2420_292022-01_ja_JP.html"
"4022","後期","後期","月1","292023-01","健康栄養学","北森 一哉","https://cssy.aasa.ac.jp/syllabusHtml/2026/2420/2420_292023-01_ja_JP.html"
"4023","後期","後期","他","292024-01","栄養化学","玉田 葉月","https://cssy.aasa.ac.jp/syllabusHtml/2026/2420/2420_292024-01_ja_JP.html"
"4024","前期","前期","月1","292025-01","ライフステージ栄養学","玉田 葉月","https://cssy.aasa.ac.jp/syllabusHtml/2026/2420/2420_292025-01_ja_JP.html"
"4025","前期","前期","月2","292026-01","食文化論","野田 雅子","https://cssy.aasa.ac.jp/syllabusHtml/2026/2420/2420_292026-01_ja_JP.html"
"4026","前期","前期","月4","292027-01","食空間・コーディネート論","野田 雅子","https://cssy.aasa.ac.jp/syllabusHtml/2026/2420/2420_292027-01_ja_JP.html"
"4027","後期","後期","月1,2","292028-01","食空間・コーディネート実習","野田 雅子","https://cssy.aasa.ac.jp/syllabusHtml/2026/2420/2420_292028-01_ja_JP.html"
"4028","後期","後期","木3,4","292028-02","食空間・コーディネート実習","野田 雅子","https://cssy.aasa.ac.jp/syllabusHtml/2026/2420/2420_292028-02_ja_JP.html"
"4029","後期","後期","木4","292029-01","社会と健康","加藤 憲","https://cssy.aasa.ac.jp/syllabusHtml/2026/2420/2420_292029-01_ja_JP.html"
"4030","前期","前期","金4","292030-01","衛生管理学(食品衛生と食品製造)","福岡 恩","https://cssy.aasa.ac.jp/syllabusHtml/2026/2420/2420_292030-01_ja_JP.html"
"4031","後期","後期","他","292031-01","食品学Ⅱ","苔庵 泰志","https://cssy.aasa.ac.jp/syllabusHtml/2026/2420/2420_292031-01_ja_JP.html"
"4032","後期","後期","金2","292032-01","食品機能学","安藤 聡","https://cssy.aasa.ac.jp/syllabusHtml/2026/2420/2420_292032-01_ja_JP.html"
"4033","前期","前期","他","292033-01","発酵食品学","西村 篤寿","https://cssy.aasa.ac.jp/syllabusHtml/2026/2420/2420_292033-01_ja_JP.html"
"4034","前期","前期","金2","292034-01","食品バイオテクノロジー学","安藤 聡","https://cssy.aasa.ac.jp/syllabusHtml/2026/2420/2420_292034-01_ja_JP.html"
"4035","前期","前期","金1","292035-01","食品の官能検査・識別演習","升井 洋至","https://cssy.aasa.ac.jp/syllabusHtml/2026/2420/2420_292035-01_ja_JP.html"
"4036","後期","後期","月4","292036-01","食品学Ⅲ","苔庵 泰志","https://cssy.aasa.ac.jp/syllabusHtml/2026/2420/2420_292036-01_ja_JP.html"
"4037","後期","後期","水3","292037-01","食品製造学Ⅰ","吉田 久美","https://cssy.aasa.ac.jp/syllabusHtml/2026/2420/2420_292037-01_ja_JP.html"
"4038","後期","後期","金4","292040-01","健康政策学","加藤 憲","https://cssy.aasa.ac.jp/syllabusHtml/2026/2420/2420_292040-01_ja_JP.html"
"4039","後期","後期","水4","292041-01","運動と栄養","西澤 早紀子","https://cssy.aasa.ac.jp/syllabusHtml/2026/2420/2420_292041-01_ja_JP.html"
"4040","前期","前期","木2","292042-01","医療総論","加藤 憲 小松 一","https://cssy.aasa.ac.jp/syllabusHtml/2026/2420/2420_292042-01_ja_JP.html"
"4041","前期","前期","月5","292043-01","薬理概論","山村 彩","https://cssy.aasa.ac.jp/syllabusHtml/2026/2420/2420_292043-01_ja_JP.html"
"4042","後期","後期","水4","292044-01","健康マネジメント論","加藤 憲","https://cssy.aasa.ac.jp/syllabusHtml/2026/2420/2420_292044-01_ja_JP.html"
"4043","後期","後期","火3","292045-01","医食同源論","小松 一","https://cssy.aasa.ac.jp/syllabusHtml/2026/2420/2420_292045-01_ja_JP.html"
"4044","前期","前期","火2","292046-01","公衆栄養学","北森 一哉","https://cssy.aasa.ac.jp/syllabusHtml/2026/2420/2420_292046-01_ja_JP.html"
"4045","後期","後期","火5","292047-01","臨床栄養学","木下 かほり","https://cssy.aasa.ac.jp/syllabusHtml/2026/2420/2420_292047-01_ja_JP.html"
"4046","後期","後期","他","292048-01","栄養情報活用演習(栄養疫学演習)","佐喜眞 未帆","https://cssy.aasa.ac.jp/syllabusHtml/2026/2420/2420_292048-01_ja_JP.html"
"4047","前期","前期","月3","292049-01","現代食生活論","菅野 友美","https://cssy.aasa.ac.jp/syllabusHtml/2026/2420/2420_292049-01_ja_JP.html"
"4048","後期","後期","火3","292050-01","食文化演習","野田 雅子","https://cssy.aasa.ac.jp/syllabusHtml/2026/2420/2420_292050-01_ja_JP.html"
"4049","後期","後期","他","292051-01","民俗食生活学","逵 志保","https://cssy.aasa.ac.jp/syllabusHtml/2026/2420/2420_292051-01_ja_JP.html"
"4050","後期","後期","水1","292052-01","東洋食生活論","小松 一","https://cssy.aasa.ac.jp/syllabusHtml/2026/2420/2420_292052-01_ja_JP.html"
"4051","前期","前期","水4","292053-01","フードスペシャリスト論","西澤 早紀子","https://cssy.aasa.ac.jp/syllabusHtml/2026/2420/2420_292053-01_ja_JP.html"
"4052","前期","前期","水1","292054-01","フードコーディネート論","玉田 葉月","https://cssy.aasa.ac.jp/syllabusHtml/2026/2420/2420_292054-01_ja_JP.html"
"4053","前期","前期","火1","292055-01","食品流通・消費学","石原 則幸","https://cssy.aasa.ac.jp/syllabusHtml/2026/2420/2420_292055-01_ja_JP.html"
"4054","前期","前期","金3","292056-01","公衆衛生学","加藤 憲","https://cssy.aasa.ac.jp/syllabusHtml/2026/2420/2420_292056-01_ja_JP.html"
"4055","後期","後期","金3","292057-01","食品表示・法規論","跡部 昌彦","https://cssy.aasa.ac.jp/syllabusHtml/2026/2420/2420_292057-01_ja_JP.html"
"4056","後期","後期","水2","292058-01","食マーケティング論","大塚 英揮","https://cssy.aasa.ac.jp/syllabusHtml/2026/2420/2420_292058-01_ja_JP.html"
"4057","前期","前期","他","292059-01","地域食論","西村 篤寿","https://cssy.aasa.ac.jp/syllabusHtml/2026/2420/2420_292059-01_ja_JP.html"
"4058","前期","前期","火2","292060-01","知的財産管理論","森岡 智昭","https://cssy.aasa.ac.jp/syllabusHtml/2026/2420/2420_292060-01_ja_JP.html"
"4059","後期","後期","金2","292061-01","商品開発論","跡部 昌彦","https://cssy.aasa.ac.jp/syllabusHtml/2026/2420/2420_292061-01_ja_JP.html"
"4060","後期","後期","金3","292062-01","地域食開発演習","野田 雅子","https://cssy.aasa.ac.jp/syllabusHtml/2026/2420/2420_292062-01_ja_JP.html"
"4061","後期","後期","金4","292062-02","地域食開発演習","野田 雅子","https://cssy.aasa.ac.jp/syllabusHtml/2026/2420/2420_292062-02_ja_JP.html"
"4062","後期","後期","火1","292063-01","テーブルマナー演習","礒永 美奈","https://cssy.aasa.ac.jp/syllabusHtml/2026/2420/2420_292063-01_ja_JP.html"
"4063","後期","後期","火2","292063-02","テーブルマナー演習","礒永 美奈","https://cssy.aasa.ac.jp/syllabusHtml/2026/2420/2420_292063-02_ja_JP.html"
"4064","後期","後期","水5","292064-01","食創造科学基礎演習","安藤 聡","https://cssy.aasa.ac.jp/syllabusHtml/2026/2420/2420_292064-01_ja_JP.html"
"4065","後期","後期","水5","292064-02","食創造科学基礎演習","菅野 友美","https://cssy.aasa.ac.jp/syllabusHtml/2026/2420/2420_292064-02_ja_JP.html"
"4066","後期","後期","水5","292064-03","食創造科学基礎演習","小松 一","https://cssy.aasa.ac.jp/syllabusHtml/2026/2420/2420_292064-03_ja_JP.html"
"4067","後期","後期","水5","292064-04","食創造科学基礎演習","玉田 葉月","https://cssy.aasa.ac.jp/syllabusHtml/2026/2420/2420_292064-04_ja_JP.html"
"4068","後期","後期","水5","292064-05","食創造科学基礎演習","西澤 早紀子","https://cssy.aasa.ac.jp/syllabusHtml/2026/2420/2420_292064-05_ja_JP.html"
"4069","後期","後期","水5","292064-06","食創造科学基礎演習","三宅 義明","https://cssy.aasa.ac.jp/syllabusHtml/2026/2420/2420_292064-06_ja_JP.html"
"4070","後期","後期","木5","292064-07","食創造科学基礎演習","礒永 美奈","https://cssy.aasa.ac.jp/syllabusHtml/2026/2420/2420_292064-07_ja_JP.html"
"4071","後期","後期","木5","292064-08","食創造科学基礎演習","加藤 憲","https://cssy.aasa.ac.jp/syllabusHtml/2026/2420/2420_292064-08_ja_JP.html"
"4072","後期","後期","木5","292064-10","食創造科学基礎演習","野田 雅子","https://cssy.aasa.ac.jp/syllabusHtml/2026/2420/2420_292064-10_ja_JP.html"
"4073","後期","後期","木5","292064-11","食創造科学基礎演習","吉田 久美","https://cssy.aasa.ac.jp/syllabusHtml/2026/2420/2420_292064-11_ja_JP.html"
"4074","前期","前期","月5","292065-01","専門基礎演習Ⅰ","菅野 友美","https://cssy.aasa.ac.jp/syllabusHtml/2026/2420/2420_292065-01_ja_JP.html"
"4075","前期","前期","月5","292065-02","専門基礎演習Ⅰ","玉田 葉月","https://cssy.aasa.ac.jp/syllabusHtml/2026/2420/2420_292065-02_ja_JP.html"
"4076","前期","前期","水5","292065-03","専門基礎演習Ⅰ","安藤 聡","https://cssy.aasa.ac.jp/syllabusHtml/2026/2420/2420_292065-03_ja_JP.html"
"4077","前期","前期","水5","292065-04","専門基礎演習Ⅰ","礒永 美奈","https://cssy.aasa.ac.jp/syllabusHtml/2026/2420/2420_292065-04_ja_JP.html"
"4078","前期","前期","水5","292065-05","専門基礎演習Ⅰ","加藤 憲","https://cssy.aasa.ac.jp/syllabusHtml/2026/2420/2420_292065-05_ja_JP.html"
"4079","前期","前期","水5","292065-07","専門基礎演習Ⅰ","小松 一","https://cssy.aasa.ac.jp/syllabusHtml/2026/2420/2420_292065-07_ja_JP.html"
"4080","前期","前期","水5","292065-08","専門基礎演習Ⅰ","西澤 早紀子","https://cssy.aasa.ac.jp/syllabusHtml/2026/2420/2420_292065-08_ja_JP.html"
"4081","前期","前期","水5","292065-09","専門基礎演習Ⅰ","吉田 久美","https://cssy.aasa.ac.jp/syllabusHtml/2026/2420/2420_292065-09_ja_JP.html"
"4082","前期","前期","金5","292065-10","専門基礎演習Ⅰ","野田 雅子","https://cssy.aasa.ac.jp/syllabusHtml/2026/2420/2420_292065-10_ja_JP.html"
"4083","前期","前期","金5","292065-11","専門基礎演習Ⅰ","三宅 義明","https://cssy.aasa.ac.jp/syllabusHtml/2026/2420/2420_292065-11_ja_JP.html"
"4084","後期","後期","火1","292066-01","専門基礎演習Ⅱ","野田 雅子","https://cssy.aasa.ac.jp/syllabusHtml/2026/2420/2420_292066-01_ja_JP.html"
"4085","後期","後期","水2","292066-02","専門基礎演習Ⅱ","安藤 聡","https://cssy.aasa.ac.jp/syllabusHtml/2026/2420/2420_292066-02_ja_JP.html"
"4086","後期","後期","木1","292066-03","専門基礎演習Ⅱ","菅野 友美","https://cssy.aasa.ac.jp/syllabusHtml/2026/2420/2420_292066-03_ja_JP.html"
"4087","後期","後期","水2","292066-04","専門基礎演習Ⅱ","三宅 義明","https://cssy.aasa.ac.jp/syllabusHtml/2026/2420/2420_292066-04_ja_JP.html"
"4088","後期","後期","水3","292066-05","専門基礎演習Ⅱ","加藤 憲","https://cssy.aasa.ac.jp/syllabusHtml/2026/2420/2420_292066-05_ja_JP.html"
"4089","後期","後期","水3","292066-07","専門基礎演習Ⅱ","小松 一","https://cssy.aasa.ac.jp/syllabusHtml/2026/2420/2420_292066-07_ja_JP.html"
"4090","後期","後期","水3","292066-08","専門基礎演習Ⅱ","玉田 葉月","https://cssy.aasa.ac.jp/syllabusHtml/2026/2420/2420_292066-08_ja_JP.html"
"4091","後期","後期","水5","292066-09","専門基礎演習Ⅱ","礒永 美奈","https://cssy.aasa.ac.jp/syllabusHtml/2026/2420/2420_292066-09_ja_JP.html"
"4092","後期","後期","水5","292066-10","専門基礎演習Ⅱ","吉田 久美","https://cssy.aasa.ac.jp/syllabusHtml/2026/2420/2420_292066-10_ja_JP.html"
"4093","後期","後期","木5","292066-11","専門基礎演習Ⅱ","西澤 早紀子","https://cssy.aasa.ac.jp/syllabusHtml/2026/2420/2420_292066-11_ja_JP.html"
"4094","前期","前期","月3","292067-02","食創造科学研究Ⅰ","玉田 葉月","https://cssy.aasa.ac.jp/syllabusHtml/2026/2420/2420_292067-02_ja_JP.html"
"4095","前期","前期","月3","292067-03","食創造科学研究Ⅰ","西澤 早紀子","https://cssy.aasa.ac.jp/syllabusHtml/2026/2420/2420_292067-03_ja_JP.html"
"4096","前期","前期","火3","292067-04","食創造科学研究Ⅰ","安藤 聡","https://cssy.aasa.ac.jp/syllabusHtml/2026/2420/2420_292067-04_ja_JP.html"
"4097","前期","前期","火3","292067-05","食創造科学研究Ⅰ","小松 一","https://cssy.aasa.ac.jp/syllabusHtml/2026/2420/2420_292067-05_ja_JP.html"
"4098","前期","前期","水3","292067-06","食創造科学研究Ⅰ","礒永 美奈","https://cssy.aasa.ac.jp/syllabusHtml/2026/2420/2420_292067-06_ja_JP.html"
"4099","前期","前期","水3","292067-07","食創造科学研究Ⅰ","三宅 義明","https://cssy.aasa.ac.jp/syllabusHtml/2026/2420/2420_292067-07_ja_JP.html"
"4100","前期","前期","木3","292067-08","食創造科学研究Ⅰ","加藤 憲","https://cssy.aasa.ac.jp/syllabusHtml/2026/2420/2420_292067-08_ja_JP.html"
"4101","前期","前期","金4","292067-09","食創造科学研究Ⅰ","野田 雅子","https://cssy.aasa.ac.jp/syllabusHtml/2026/2420/2420_292067-09_ja_JP.html"
"4102","前期","前期","金5","292067-10","食創造科学研究Ⅰ","菅野 友美","https://cssy.aasa.ac.jp/syllabusHtml/2026/2420/2420_292067-10_ja_JP.html"
"4103","前期","前期","金5","292067-11","食創造科学研究Ⅰ","吉田 久美","https://cssy.aasa.ac.jp/syllabusHtml/2026/2420/2420_292067-11_ja_JP.html"
"4104","後期","後期","木1","292068-02","食創造科学研究Ⅱ","小松 一","https://cssy.aasa.ac.jp/syllabusHtml/2026/2420/2420_292068-02_ja_JP.html"
"4105","後期","後期","木3","292068-03","食創造科学研究Ⅱ","安藤 聡","https://cssy.aasa.ac.jp/syllabusHtml/2026/2420/2420_292068-03_ja_JP.html"
"4106","後期","後期","木3","292068-04","食創造科学研究Ⅱ","礒永 美奈","https://cssy.aasa.ac.jp/syllabusHtml/2026/2420/2420_292068-04_ja_JP.html"
"4107","後期","後期","木3","292068-05","食創造科学研究Ⅱ","加藤 憲","https://cssy.aasa.ac.jp/syllabusHtml/2026/2420/2420_292068-05_ja_JP.html"
"4108","後期","後期","木3","292068-06","食創造科学研究Ⅱ","西澤 早紀子","https://cssy.aasa.ac.jp/syllabusHtml/2026/2420/2420_292068-06_ja_JP.html"
"4109","後期","後期","木4","292068-07","食創造科学研究Ⅱ","玉田 葉月","https://cssy.aasa.ac.jp/syllabusHtml/2026/2420/2420_292068-07_ja_JP.html"
"4110","後期","後期","木1","292068-08","食創造科学研究Ⅱ","野田 雅子","https://cssy.aasa.ac.jp/syllabusHtml/2026/2420/2420_292068-08_ja_JP.html"
"4111","後期","後期","木4","292068-09","食創造科学研究Ⅱ","三宅 義明","https://cssy.aasa.ac.jp/syllabusHtml/2026/2420/2420_292068-09_ja_JP.html"
"4112","後期","後期","木4","292068-10","食創造科学研究Ⅱ","吉田 久美","https://cssy.aasa.ac.jp/syllabusHtml/2026/2420/2420_292068-10_ja_JP.html"
"4113","後期","後期","木5","292068-11","食創造科学研究Ⅱ","菅野 友美","https://cssy.aasa.ac.jp/syllabusHtml/2026/2420/2420_292068-11_ja_JP.html"
"4114","後期","後期","木5","251002-01","人間と倫理","星 揚一郎","https://cssy.aasa.ac.jp/syllabusHtml/2026/15/15_251002-01_ja_JP.html"
"4115","前期","前期","水4","251009-01","発達心理学","小野 美和","https://cssy.aasa.ac.jp/syllabusHtml/2026/15/15_251009-01_ja_JP.html"
"4116","前期","前期","木4","251009-02","発達心理学","西 和久","https://cssy.aasa.ac.jp/syllabusHtml/2026/15/15_251009-02_ja_JP.html"
"4117","前期","前期","木2,3","251108-01","医学概論","金森 寛幸","https://cssy.aasa.ac.jp/syllabusHtml/2026/15/15_251108-01_ja_JP.html"
"4118","後期","後期","水5","251109-01","心理学と心理的支援","西 和久","https://cssy.aasa.ac.jp/syllabusHtml/2026/15/15_251109-01_ja_JP.html"
"4119","後期","後期","木2","251109-02","心理学と心理的支援","岩田 昌子","https://cssy.aasa.ac.jp/syllabusHtml/2026/15/15_251109-02_ja_JP.html"
"4120","後期","後期","金1","251110-01","社会学と社会システム","安藤 純子","https://cssy.aasa.ac.jp/syllabusHtml/2026/15/15_251110-01_ja_JP.html"
"4121","前期","前期","木2","251111-01","社会福祉調査の基礎","西 和久","https://cssy.aasa.ac.jp/syllabusHtml/2026/15/15_251111-01_ja_JP.html"
"4122","前期","前期","水1","251112-01","現代の精神保健の課題と支援Ⅰ","瀧 誠","https://cssy.aasa.ac.jp/syllabusHtml/2026/15/15_251112-01_ja_JP.html"
"4123","前期","前期","月1","251114-01","児童・家庭福祉","谷口 純世","https://cssy.aasa.ac.jp/syllabusHtml/2026/15/15_251114-01_ja_JP.html"
"4124","前期","前期","月2","252001-01","基礎ゼミ","小川 恭子","https://cssy.aasa.ac.jp/syllabusHtml/2026/15/15_252001-01_ja_JP.html"
"4125","前期","前期","月4","252001-02","基礎ゼミ","吉川 公章","https://cssy.aasa.ac.jp/syllabusHtml/2026/15/15_252001-02_ja_JP.html"
"4126","前期","前期","火1","252001-03","基礎ゼミ","谷川 陽美","https://cssy.aasa.ac.jp/syllabusHtml/2026/15/15_252001-03_ja_JP.html"
"4127","前期","前期","水3","252001-04","基礎ゼミ","西 和久","https://cssy.aasa.ac.jp/syllabusHtml/2026/15/15_252001-04_ja_JP.html"
"4128","前期","前期","水4","252001-05","基礎ゼミ","西 和久","https://cssy.aasa.ac.jp/syllabusHtml/2026/15/15_252001-05_ja_JP.html"
"4129","前期","前期","月4","252001-06","基礎ゼミ","谷川 陽美","https://cssy.aasa.ac.jp/syllabusHtml/2026/15/15_252001-06_ja_JP.html"
"4130","前期","前期","月1","252002-01","キャリアデザイン(福祉貢献)","岡田 泰枝 大矢 知佳 村上 明子","https://cssy.aasa.ac.jp/syllabusHtml/2026/15/15_252002-01_ja_JP.html"
"4131","後期","後期","木2,3,4","252002-02","キャリアデザイン(福祉貢献)","末田 邦子 西 和久 黒川 文子","https://cssy.aasa.ac.jp/syllabusHtml/2026/15/15_252002-02_ja_JP.html"
"4132","前期","前期","火3","254001-01","基礎ゼミ","大矢 知佳","https://cssy.aasa.ac.jp/syllabusHtml/2026/15/15_254001-01_ja_JP.html"
"4133","前期","前期","木4","254001-02","基礎ゼミ","杉山 和","https://cssy.aasa.ac.jp/syllabusHtml/2026/15/15_254001-02_ja_JP.html"
"4134","後期","後期","火5","252205-01","現代の精神保健の課題と支援Ⅱ","原 幸一","https://cssy.aasa.ac.jp/syllabusHtml/2026/1510/1510_252205-01_ja_JP.html"
"4135","後期","後期","水2","252236-01","高齢者福祉","黒川 文子","https://cssy.aasa.ac.jp/syllabusHtml/2026/1510/1510_252236-01_ja_JP.html"
"4136","後期","後期","火1","252238-01","障害者福祉","谷川 陽美","https://cssy.aasa.ac.jp/syllabusHtml/2026/1510/1510_252238-01_ja_JP.html"
"4137","後期","後期","水1","252240-01","児童・家庭福祉(専門)","谷口 純世","https://cssy.aasa.ac.jp/syllabusHtml/2026/1510/1510_252240-01_ja_JP.html"
"4138","前期","前期","月4","253059-02","福祉貢献基礎Ⅰ","大矢 知佳","https://cssy.aasa.ac.jp/syllabusHtml/2026/1510/1510_253059-02_ja_JP.html"
"4139","前期","前期","月4","253059-03","福祉貢献基礎Ⅰ","岡田 泰枝","https://cssy.aasa.ac.jp/syllabusHtml/2026/1510/1510_253059-03_ja_JP.html"
"4140","前期","前期","火3","253059-04","福祉貢献基礎Ⅰ","末田 邦子","https://cssy.aasa.ac.jp/syllabusHtml/2026/1510/1510_253059-04_ja_JP.html"
"4141","前期","前期","火3","253059-05","福祉貢献基礎Ⅰ","西 和久","https://cssy.aasa.ac.jp/syllabusHtml/2026/1510/1510_253059-05_ja_JP.html"
"4142","前期","前期","水3","253059-06","福祉貢献基礎Ⅰ","谷口 純世","https://cssy.aasa.ac.jp/syllabusHtml/2026/1510/1510_253059-06_ja_JP.html"
"4143","前期","前期","水3","253059-07","福祉貢献基礎Ⅰ","小野 孝嘉","https://cssy.aasa.ac.jp/syllabusHtml/2026/1510/1510_253059-07_ja_JP.html"
"4144","前期","前期","水3","253059-08","福祉貢献基礎Ⅰ","瀧 誠","https://cssy.aasa.ac.jp/syllabusHtml/2026/1510/1510_253059-08_ja_JP.html"
"4145","前期","前期","水3","253059-09","福祉貢献基礎Ⅰ","松下 伸也","https://cssy.aasa.ac.jp/syllabusHtml/2026/1510/1510_253059-09_ja_JP.html"
"4146","前期","前期","水3","253059-10","福祉貢献基礎Ⅰ","吉田 真弓","https://cssy.aasa.ac.jp/syllabusHtml/2026/1510/1510_253059-10_ja_JP.html"
"4147","前期","前期","水3","253059-11","福祉貢献基礎Ⅰ","上島 遥","https://cssy.aasa.ac.jp/syllabusHtml/2026/1510/1510_253059-11_ja_JP.html"
"4148","前期","前期","木3","253059-12","福祉貢献基礎Ⅰ","黒川 文子","https://cssy.aasa.ac.jp/syllabusHtml/2026/1510/1510_253059-12_ja_JP.html"
"4149","前期","前期","木4","253059-13","福祉貢献基礎Ⅰ","小野 美和","https://cssy.aasa.ac.jp/syllabusHtml/2026/1510/1510_253059-13_ja_JP.html"
"4150","後期","後期","月2","253060-02","福祉貢献基礎Ⅱ","岡田 泰枝","https://cssy.aasa.ac.jp/syllabusHtml/2026/1510/1510_253060-02_ja_JP.html"
"4151","後期","後期","月4","253060-03","福祉貢献基礎Ⅱ","大矢 知佳","https://cssy.aasa.ac.jp/syllabusHtml/2026/1510/1510_253060-03_ja_JP.html"
"4152","後期","後期","月4","253060-04","福祉貢献基礎Ⅱ","小野 美和","https://cssy.aasa.ac.jp/syllabusHtml/2026/1510/1510_253060-04_ja_JP.html"
"4153","後期","後期","月4","253060-05","福祉貢献基礎Ⅱ","吉田 真弓","https://cssy.aasa.ac.jp/syllabusHtml/2026/1510/1510_253060-05_ja_JP.html"
"4154","後期","後期","水2","253060-06","福祉貢献基礎Ⅱ","末田 邦子","https://cssy.aasa.ac.jp/syllabusHtml/2026/1510/1510_253060-06_ja_JP.html"
"4155","後期","後期","水2","253060-07","福祉貢献基礎Ⅱ","松下 伸也","https://cssy.aasa.ac.jp/syllabusHtml/2026/1510/1510_253060-07_ja_JP.html"
"4156","後期","後期","水3","253060-08","福祉貢献基礎Ⅱ","谷口 純世","https://cssy.aasa.ac.jp/syllabusHtml/2026/1510/1510_253060-08_ja_JP.html"
"4157","後期","後期","水3","253060-09","福祉貢献基礎Ⅱ","小野 孝嘉","https://cssy.aasa.ac.jp/syllabusHtml/2026/1510/1510_253060-09_ja_JP.html"
"4158","後期","後期","水3","253060-10","福祉貢献基礎Ⅱ","瀧 誠","https://cssy.aasa.ac.jp/syllabusHtml/2026/1510/1510_253060-10_ja_JP.html"
"4159","後期","後期","火3","253060-11","福祉貢献基礎Ⅱ","西 和久","https://cssy.aasa.ac.jp/syllabusHtml/2026/1510/1510_253060-11_ja_JP.html"
"4160","後期","後期","木3","253060-12","福祉貢献基礎Ⅱ","上島 遥","https://cssy.aasa.ac.jp/syllabusHtml/2026/1510/1510_253060-12_ja_JP.html"
"4161","後期","後期","木3","253060-13","福祉貢献基礎Ⅱ","黒川 文子","https://cssy.aasa.ac.jp/syllabusHtml/2026/1510/1510_253060-13_ja_JP.html"
"4162","前期","前期","月2","253061-01","福祉貢献研究Ⅰ","瀧 誠","https://cssy.aasa.ac.jp/syllabusHtml/2026/1510/1510_253061-01_ja_JP.html"
"4163","前期","前期","月3","253061-02","福祉貢献研究Ⅰ","岡田 泰枝","https://cssy.aasa.ac.jp/syllabusHtml/2026/1510/1510_253061-02_ja_JP.html"
"4164","前期","前期","月3","253061-03","福祉貢献研究Ⅰ","村上 明子","https://cssy.aasa.ac.jp/syllabusHtml/2026/1510/1510_253061-03_ja_JP.html"
"4165","前期","前期","水1","253061-04","福祉貢献研究Ⅰ","末田 邦子","https://cssy.aasa.ac.jp/syllabusHtml/2026/1510/1510_253061-04_ja_JP.html"
"4166","前期","前期","水4","253061-05","福祉貢献研究Ⅰ","谷口 純世","https://cssy.aasa.ac.jp/syllabusHtml/2026/1510/1510_253061-05_ja_JP.html"
"4167","前期","前期","水4","253061-06","福祉貢献研究Ⅰ","小野 孝嘉","https://cssy.aasa.ac.jp/syllabusHtml/2026/1510/1510_253061-06_ja_JP.html"
"4168","前期","前期","木2","253061-07","福祉貢献研究Ⅰ","黒川 文子","https://cssy.aasa.ac.jp/syllabusHtml/2026/1510/1510_253061-07_ja_JP.html"
"4169","前期","前期","木3","253061-08","福祉貢献研究Ⅰ","小野 美和","https://cssy.aasa.ac.jp/syllabusHtml/2026/1510/1510_253061-08_ja_JP.html"
"4170","前期","前期","木3","253061-09","福祉貢献研究Ⅰ","西 和久","https://cssy.aasa.ac.jp/syllabusHtml/2026/1510/1510_253061-09_ja_JP.html"
"4171","前期","前期","木3","253061-10","福祉貢献研究Ⅰ","吉田 真弓","https://cssy.aasa.ac.jp/syllabusHtml/2026/1510/1510_253061-10_ja_JP.html"
"4172","前期","前期","金1","253061-11","福祉貢献研究Ⅰ","松下 伸也","https://cssy.aasa.ac.jp/syllabusHtml/2026/1510/1510_253061-11_ja_JP.html"
"4173","後期","後期","月2","253062-01","福祉貢献研究Ⅱ","谷口 純世","https://cssy.aasa.ac.jp/syllabusHtml/2026/1510/1510_253062-01_ja_JP.html"
"4174","後期","後期","月3","253062-02","福祉貢献研究Ⅱ","岡田 泰枝","https://cssy.aasa.ac.jp/syllabusHtml/2026/1510/1510_253062-02_ja_JP.html"
"4175","後期","後期","金4","253062-03","福祉貢献研究Ⅱ","村上 明子","https://cssy.aasa.ac.jp/syllabusHtml/2026/1510/1510_253062-03_ja_JP.html"
"4176","後期","後期","火3","253062-04","福祉貢献研究Ⅱ","瀧 誠","https://cssy.aasa.ac.jp/syllabusHtml/2026/1510/1510_253062-04_ja_JP.html"
"4177","後期","後期","水1","253062-05","福祉貢献研究Ⅱ","末田 邦子","https://cssy.aasa.ac.jp/syllabusHtml/2026/1510/1510_253062-05_ja_JP.html"
"4178","後期","後期","水3","253062-06","福祉貢献研究Ⅱ","松下 伸也","https://cssy.aasa.ac.jp/syllabusHtml/2026/1510/1510_253062-06_ja_JP.html"
"4179","後期","後期","水4","253062-07","福祉貢献研究Ⅱ","小野 孝嘉","https://cssy.aasa.ac.jp/syllabusHtml/2026/1510/1510_253062-07_ja_JP.html"
"4180","後期","後期","水4","253062-08","福祉貢献研究Ⅱ","西 和久","https://cssy.aasa.ac.jp/syllabusHtml/2026/1510/1510_253062-08_ja_JP.html"
"4181","後期","後期","木2","253062-09","福祉貢献研究Ⅱ","黒川 文子","https://cssy.aasa.ac.jp/syllabusHtml/2026/1510/1510_253062-09_ja_JP.html"
"4182","後期","後期","木3","253062-10","福祉貢献研究Ⅱ","小野 美和","https://cssy.aasa.ac.jp/syllabusHtml/2026/1510/1510_253062-10_ja_JP.html"
"4183","後期","後期","木3","253062-11","福祉貢献研究Ⅱ","吉田 真弓","https://cssy.aasa.ac.jp/syllabusHtml/2026/1510/1510_253062-11_ja_JP.html"
"4184","後期","後期","金4","253062-12","福祉貢献研究Ⅱ","大矢 知佳","https://cssy.aasa.ac.jp/syllabusHtml/2026/1510/1510_253062-12_ja_JP.html"
"4185","後期","後期","他","253063-01","卒業論文","瀧 誠 西 和久 谷口 純世 黒川 文子 松下 伸也 末田 邦子 岡田 泰枝 小野 美和 小野 孝嘉 大矢 知佳 吉田 真弓 村上 明子","https://cssy.aasa.ac.jp/syllabusHtml/2026/1510/1510_253063-01_ja_JP.html"
"4186","後期","後期","他","253066-01","卒業研究","瀧 誠","https://cssy.aasa.ac.jp/syllabusHtml/2026/1510/1510_253066-01_ja_JP.html"
"4187","後期","後期","他","253066-02","卒業研究","村上 明子","https://cssy.aasa.ac.jp/syllabusHtml/2026/1510/1510_253066-02_ja_JP.html"
"4188","後期","後期","他","253066-03","卒業研究","大矢 知佳","https://cssy.aasa.ac.jp/syllabusHtml/2026/1510/1510_253066-03_ja_JP.html"
"4189","後期","後期","他","253066-04","卒業研究","岡田 泰枝","https://cssy.aasa.ac.jp/syllabusHtml/2026/1510/1510_253066-04_ja_JP.html"
"4190","後期","後期","他","253066-05","卒業研究","小野 孝嘉","https://cssy.aasa.ac.jp/syllabusHtml/2026/1510/1510_253066-05_ja_JP.html"
"4191","後期","後期","他","253066-06","卒業研究","小野 美和","https://cssy.aasa.ac.jp/syllabusHtml/2026/1510/1510_253066-06_ja_JP.html"
"4192","後期","後期","他","253066-07","卒業研究","黒川 文子","https://cssy.aasa.ac.jp/syllabusHtml/2026/1510/1510_253066-07_ja_JP.html"
"4193","後期","後期","他","253066-08","卒業研究","末田 邦子","https://cssy.aasa.ac.jp/syllabusHtml/2026/1510/1510_253066-08_ja_JP.html"
"4194","後期","後期","他","253066-09","卒業研究","谷口 純世","https://cssy.aasa.ac.jp/syllabusHtml/2026/1510/1510_253066-09_ja_JP.html"
"4195","後期","後期","他","253066-10","卒業研究","西 和久","https://cssy.aasa.ac.jp/syllabusHtml/2026/1510/1510_253066-10_ja_JP.html"
"4196","後期","後期","他","253066-11","卒業研究","松下 伸也","https://cssy.aasa.ac.jp/syllabusHtml/2026/1510/1510_253066-11_ja_JP.html"
"4197","後期","後期","他","253066-12","卒業研究","吉田 真弓","https://cssy.aasa.ac.jp/syllabusHtml/2026/1510/1510_253066-12_ja_JP.html"
"4198","後期","後期","火2","253070-01","福祉サービスの組織と経営","谷川 陽美","https://cssy.aasa.ac.jp/syllabusHtml/2026/1510/1510_253070-01_ja_JP.html"
"4199","前期","前期","木5","254110-01","子ども福祉の動向Ⅰ","織田 俊樹 有本 実","https://cssy.aasa.ac.jp/syllabusHtml/2026/1510/1510_254110-01_ja_JP.html"
"4200","後期","後期","他","254111-01","子ども福祉の動向Ⅱ","織田 俊樹","https://cssy.aasa.ac.jp/syllabusHtml/2026/1510/1510_254111-01_ja_JP.html"
"4201","前期","前期","月3","255064-01","社会的養護Ⅰ","徳田 優太","https://cssy.aasa.ac.jp/syllabusHtml/2026/1510/1510_255064-01_ja_JP.html"
"4202","後期","後期","金1","255065-01","社会的養護Ⅱ","柴田 瞳","https://cssy.aasa.ac.jp/syllabusHtml/2026/1510/1510_255065-01_ja_JP.html"
"4203","前期","前期","他","252106-01","福祉貢献特論Ⅰ","外部講師(ふくし合格ネット)","https://cssy.aasa.ac.jp/syllabusHtml/2026/151010/151010_252106-01_ja_JP.html"
"4204","後期","後期","月1","252107-01","福祉貢献特論Ⅱ","小野 孝嘉 西 和久 谷口 純世 瀧 誠 黒川 文子 末田 邦子 外部講師(ふくし合格ネット) 上島 遥","https://cssy.aasa.ac.jp/syllabusHtml/2026/151010/151010_252107-01_ja_JP.html"
"4205","前期","前期","他","252108-01","介護技術","外部講師(あかね福祉サービス)","https://cssy.aasa.ac.jp/syllabusHtml/2026/151010/151010_252108-01_ja_JP.html"
"4206","後期","後期","他","252108-02","介護技術","外部講師(あかね福祉サービス)","https://cssy.aasa.ac.jp/syllabusHtml/2026/151010/151010_252108-02_ja_JP.html"
"4207","後期","後期","他","252108-03","介護技術","外部講師(あかね福祉サービス)","https://cssy.aasa.ac.jp/syllabusHtml/2026/151010/151010_252108-03_ja_JP.html"
"4208","後期","後期","火4","252120-01","障害児福祉","小原 貴史","https://cssy.aasa.ac.jp/syllabusHtml/2026/151010/151010_252120-01_ja_JP.html"
"4209","前期","前期","木3","252147-01","保育学概論","本山 ひふみ","https://cssy.aasa.ac.jp/syllabusHtml/2026/151010/151010_252147-01_ja_JP.html"
"4210","後期","後期","火4","252148-01","保育学演習","本山 ひふみ","https://cssy.aasa.ac.jp/syllabusHtml/2026/151010/151010_252148-01_ja_JP.html"
"4211","前期","前期","金1,2","252149-01","災害時活動支援論","外部講師(レスキューストックヤード)","https://cssy.aasa.ac.jp/syllabusHtml/2026/151010/151010_252149-01_ja_JP.html"
"4212","前期","前期","他","252150-01","災害時活動支援演習","外部講師(レスキューストックヤード)","https://cssy.aasa.ac.jp/syllabusHtml/2026/151010/151010_252150-01_ja_JP.html"
"4213","前期","前期","木5","252151-01","現代時事問題論","神田 すみれ","https://cssy.aasa.ac.jp/syllabusHtml/2026/151010/151010_252151-01_ja_JP.html"
"4214","後期","後期","他","252152-01","クリティカル・シンキング演習","安田 恭子","https://cssy.aasa.ac.jp/syllabusHtml/2026/151010/151010_252152-01_ja_JP.html"
"4215","後期","後期","金4,5","252201-01","社会福祉の原理と政策Ⅰ","森 純一","https://cssy.aasa.ac.jp/syllabusHtml/2026/151010/151010_252201-01_ja_JP.html"
"4216","後期","後期","他","252202-01","社会福祉の原理と政策Ⅱ","森 純一","https://cssy.aasa.ac.jp/syllabusHtml/2026/151010/151010_252202-01_ja_JP.html"
"4217","後期","後期","月4","252203-01","精神医学と精神医療Ⅰ","柴田 啓輔","https://cssy.aasa.ac.jp/syllabusHtml/2026/151010/151010_252203-01_ja_JP.html"
"4218","前期","前期","月4","252204-01","精神医学と精神医療Ⅱ","柴田 啓輔","https://cssy.aasa.ac.jp/syllabusHtml/2026/151010/151010_252204-01_ja_JP.html"
"4219","後期","後期","月5","252206-01","精神保健福祉の原理Ⅰ","瀧 誠","https://cssy.aasa.ac.jp/syllabusHtml/2026/151010/151010_252206-01_ja_JP.html"
"4220","後期","後期","月4","252207-01","精神保健福祉の原理Ⅱ","吉川 公章","https://cssy.aasa.ac.jp/syllabusHtml/2026/151010/151010_252207-01_ja_JP.html"
"4221","前期","前期","月4","252213-01","地域福祉と包括的支援体制Ⅰ","小野 孝嘉","https://cssy.aasa.ac.jp/syllabusHtml/2026/151010/151010_252213-01_ja_JP.html"
"4222","後期","後期","月3","252214-01","地域福祉と包括的支援体制Ⅱ","小野 孝嘉","https://cssy.aasa.ac.jp/syllabusHtml/2026/151010/151010_252214-01_ja_JP.html"
"4223","前期","前期","月2","252215-01","社会保障Ⅰ","金 碩浩","https://cssy.aasa.ac.jp/syllabusHtml/2026/151010/151010_252215-01_ja_JP.html"
"4224","後期","後期","他","252216-01","社会保障Ⅱ","孫 琳","https://cssy.aasa.ac.jp/syllabusHtml/2026/151010/151010_252216-01_ja_JP.html"
"4225","前期","前期","月1","252217-01","貧困に対する支援","安藤 亨","https://cssy.aasa.ac.jp/syllabusHtml/2026/151010/151010_252217-01_ja_JP.html"
"4226","後期","後期","水1","252218-01","ソーシャルワークの理論と方法(精神専門)Ⅰ","瀧 誠","https://cssy.aasa.ac.jp/syllabusHtml/2026/151010/151010_252218-01_ja_JP.html"
"4227","後期","後期","水2","252219-01","ソーシャルワークの理論と方法(精神専門)Ⅱ","福井 千穂","https://cssy.aasa.ac.jp/syllabusHtml/2026/151010/151010_252219-01_ja_JP.html"
"4228","後期","後期","金2","252220-01","精神障害リハビリテーション論","仲野 文伸","https://cssy.aasa.ac.jp/syllabusHtml/2026/151010/151010_252220-01_ja_JP.html"
"4229","前期","前期","水4","252221-01","精神保健福祉制度論","櫻井 早苗 仲野 文伸 兼子 豊子","https://cssy.aasa.ac.jp/syllabusHtml/2026/151010/151010_252221-01_ja_JP.html"
"4230","後期","後期","水3","252222-01","ソーシャルワーク演習","上島 遥","https://cssy.aasa.ac.jp/syllabusHtml/2026/151010/151010_252222-01_ja_JP.html"
"4231","後期","後期","月2","252222-02","ソーシャルワーク演習","小野 孝嘉","https://cssy.aasa.ac.jp/syllabusHtml/2026/151010/151010_252222-02_ja_JP.html"
"4232","後期","後期","月3","252222-03","ソーシャルワーク演習","谷口 純世","https://cssy.aasa.ac.jp/syllabusHtml/2026/151010/151010_252222-03_ja_JP.html"
"4233","後期","後期","月2","252222-04","ソーシャルワーク演習","小川 恭子","https://cssy.aasa.ac.jp/syllabusHtml/2026/151010/151010_252222-04_ja_JP.html"
"4234","後期","後期","火4","252222-05","ソーシャルワーク演習","火口 弥生","https://cssy.aasa.ac.jp/syllabusHtml/2026/151010/151010_252222-05_ja_JP.html"
"4235","後期","後期","水3","252222-06","ソーシャルワーク演習","黒川 文子","https://cssy.aasa.ac.jp/syllabusHtml/2026/151010/151010_252222-06_ja_JP.html"
"4236","前期","前期","火3","252223-01","ソーシャルワーク演習(専門)Ⅰ","谷口 純世","https://cssy.aasa.ac.jp/syllabusHtml/2026/151010/151010_252223-01_ja_JP.html"
"4237","前期","前期","火3","252223-02","ソーシャルワーク演習(専門)Ⅰ","小野 孝嘉","https://cssy.aasa.ac.jp/syllabusHtml/2026/151010/151010_252223-02_ja_JP.html"
"4238","前期","前期","火3","252223-03","ソーシャルワーク演習(専門)Ⅰ","黒川 文子","https://cssy.aasa.ac.jp/syllabusHtml/2026/151010/151010_252223-03_ja_JP.html"
"4239","前期","前期","火3","252223-04","ソーシャルワーク演習(専門)Ⅰ","小川 恭子","https://cssy.aasa.ac.jp/syllabusHtml/2026/151010/151010_252223-04_ja_JP.html"
"4240","前期","前期","水1","252223-05","ソーシャルワーク演習(専門)Ⅰ","福井 千穂","https://cssy.aasa.ac.jp/syllabusHtml/2026/151010/151010_252223-05_ja_JP.html"
"4241","前期","前期","火4","252223-06","ソーシャルワーク演習(専門)Ⅰ","火口 弥生","https://cssy.aasa.ac.jp/syllabusHtml/2026/151010/151010_252223-06_ja_JP.html"
"4242","前期","前期","火3","252223-07","ソーシャルワーク演習(専門)Ⅰ","上島 遥","https://cssy.aasa.ac.jp/syllabusHtml/2026/151010/151010_252223-07_ja_JP.html"
"4243","後期","後期","火3","252224-01","ソーシャルワーク演習(専門)Ⅱ","谷口 純世","https://cssy.aasa.ac.jp/syllabusHtml/2026/151010/151010_252224-01_ja_JP.html"
"4244","後期","後期","火3","252224-02","ソーシャルワーク演習(専門)Ⅱ","小野 孝嘉","https://cssy.aasa.ac.jp/syllabusHtml/2026/151010/151010_252224-02_ja_JP.html"
"4245","後期","後期","火3","252224-03","ソーシャルワーク演習(専門)Ⅱ","黒川 文子","https://cssy.aasa.ac.jp/syllabusHtml/2026/151010/151010_252224-03_ja_JP.html"
"4246","後期","後期","火3","252224-04","ソーシャルワーク演習(専門)Ⅱ","火口 弥生","https://cssy.aasa.ac.jp/syllabusHtml/2026/151010/151010_252224-04_ja_JP.html"
"4247","後期","後期","火3","252224-05","ソーシャルワーク演習(専門)Ⅱ","小川 恭子","https://cssy.aasa.ac.jp/syllabusHtml/2026/151010/151010_252224-05_ja_JP.html"
"4248","後期","後期","水3","252224-06","ソーシャルワーク演習(専門)Ⅱ","福井 千穂","https://cssy.aasa.ac.jp/syllabusHtml/2026/151010/151010_252224-06_ja_JP.html"
"4249","後期","後期","火3","252224-07","ソーシャルワーク演習(専門)Ⅱ","上島 遥","https://cssy.aasa.ac.jp/syllabusHtml/2026/151010/151010_252224-07_ja_JP.html"
"4250","前期","前期","月2","252225-01","ソーシャルワーク演習(専門)Ⅲ","末田 邦子","https://cssy.aasa.ac.jp/syllabusHtml/2026/151010/151010_252225-01_ja_JP.html"
"4251","前期","前期","月2","252225-02","ソーシャルワーク演習(専門)Ⅲ","吉川 公章","https://cssy.aasa.ac.jp/syllabusHtml/2026/151010/151010_252225-02_ja_JP.html"
"4252","前期","前期","水2","252225-03","ソーシャルワーク演習(専門)Ⅲ","吉川 公章","https://cssy.aasa.ac.jp/syllabusHtml/2026/151010/151010_252225-03_ja_JP.html"
"4253","前期","前期","月2","252225-04","ソーシャルワーク演習(専門)Ⅲ","谷川 陽美","https://cssy.aasa.ac.jp/syllabusHtml/2026/151010/151010_252225-04_ja_JP.html"
"4254","前期","前期","水2","252225-05","ソーシャルワーク演習(専門)Ⅲ","福井 千穂","https://cssy.aasa.ac.jp/syllabusHtml/2026/151010/151010_252225-05_ja_JP.html"
"4255","後期","後期","月3","252226-01","ソーシャルワーク演習(専門)Ⅳ","末田 邦子","https://cssy.aasa.ac.jp/syllabusHtml/2026/151010/151010_252226-01_ja_JP.html"
"4256","後期","後期","月3","252226-02","ソーシャルワーク演習(専門)Ⅳ","吉川 公章","https://cssy.aasa.ac.jp/syllabusHtml/2026/151010/151010_252226-02_ja_JP.html"
"4257","後期","後期","月1","252226-03","ソーシャルワーク演習(専門)Ⅳ","吉川 公章","https://cssy.aasa.ac.jp/syllabusHtml/2026/151010/151010_252226-03_ja_JP.html"
"4258","後期","後期","月3","252226-04","ソーシャルワーク演習(専門)Ⅳ","谷川 陽美","https://cssy.aasa.ac.jp/syllabusHtml/2026/151010/151010_252226-04_ja_JP.html"
"4259","後期","後期","水1","252226-05","ソーシャルワーク演習(専門)Ⅳ","福井 千穂","https://cssy.aasa.ac.jp/syllabusHtml/2026/151010/151010_252226-05_ja_JP.html"
"4260","後期","後期","月2","252227-01","精神保健福祉援助演習(専門)Ⅲ","瀧 誠","https://cssy.aasa.ac.jp/syllabusHtml/2026/151010/151010_252227-01_ja_JP.html"
"4261","後期","後期","他","252229-01","ソーシャルワーク実習指導Ⅰ","小野 孝嘉","https://cssy.aasa.ac.jp/syllabusHtml/2026/151010/151010_252229-01_ja_JP.html"
"4262","後期","後期","他","252229-02","ソーシャルワーク実習指導Ⅰ","黒川 文子","https://cssy.aasa.ac.jp/syllabusHtml/2026/151010/151010_252229-02_ja_JP.html"
"4263","後期","後期","他","252229-03","ソーシャルワーク実習指導Ⅰ","谷口 純世","https://cssy.aasa.ac.jp/syllabusHtml/2026/151010/151010_252229-03_ja_JP.html"
"4264","後期","後期","他","252229-04","ソーシャルワーク実習指導Ⅰ","小川 恭子","https://cssy.aasa.ac.jp/syllabusHtml/2026/151010/151010_252229-04_ja_JP.html"
"4265","後期","後期","他","252229-05","ソーシャルワーク実習指導Ⅰ","上島 遥","https://cssy.aasa.ac.jp/syllabusHtml/2026/151010/151010_252229-05_ja_JP.html"
"4266","前期","前期","月3","252230-01","ソーシャルワーク実習指導Ⅱ","小野 孝嘉","https://cssy.aasa.ac.jp/syllabusHtml/2026/151010/151010_252230-01_ja_JP.html"
"4267","前期","前期","月3","252230-02","ソーシャルワーク実習指導Ⅱ","末田 邦子","https://cssy.aasa.ac.jp/syllabusHtml/2026/151010/151010_252230-02_ja_JP.html"
"4268","前期","前期","月3","252230-03","ソーシャルワーク実習指導Ⅱ","谷口 純世","https://cssy.aasa.ac.jp/syllabusHtml/2026/151010/151010_252230-03_ja_JP.html"
"4269","前期","前期","月3","252230-04","ソーシャルワーク実習指導Ⅱ","小川 恭子","https://cssy.aasa.ac.jp/syllabusHtml/2026/151010/151010_252230-04_ja_JP.html"
"4270","前期","前期","水1","252230-05","ソーシャルワーク実習指導Ⅱ","上島 遥","https://cssy.aasa.ac.jp/syllabusHtml/2026/151010/151010_252230-05_ja_JP.html"
"4271","前期","前期","水1","252230-06","ソーシャルワーク実習指導Ⅱ","黒川 文子","https://cssy.aasa.ac.jp/syllabusHtml/2026/151010/151010_252230-06_ja_JP.html"
"4272","後期","後期","月4","252231-01","ソーシャルワーク実習指導Ⅲ","小野 孝嘉","https://cssy.aasa.ac.jp/syllabusHtml/2026/151010/151010_252231-01_ja_JP.html"
"4273","後期","後期","月4","252231-02","ソーシャルワーク実習指導Ⅲ","末田 邦子","https://cssy.aasa.ac.jp/syllabusHtml/2026/151010/151010_252231-02_ja_JP.html"
"4274","後期","後期","月4","252231-03","ソーシャルワーク実習指導Ⅲ","谷口 純世","https://cssy.aasa.ac.jp/syllabusHtml/2026/151010/151010_252231-03_ja_JP.html"
"4275","後期","後期","月4","252231-04","ソーシャルワーク実習指導Ⅲ","小川 恭子","https://cssy.aasa.ac.jp/syllabusHtml/2026/151010/151010_252231-04_ja_JP.html"
"4276","後期","後期","木1","252231-05","ソーシャルワーク実習指導Ⅲ","上島 遥","https://cssy.aasa.ac.jp/syllabusHtml/2026/151010/151010_252231-05_ja_JP.html"
"4277","後期","後期","木1","252231-06","ソーシャルワーク実習指導Ⅲ","黒川 文子","https://cssy.aasa.ac.jp/syllabusHtml/2026/151010/151010_252231-06_ja_JP.html"
"4278","前期","前期","他","252232-01","ソーシャルワーク実習Ⅰ(A)","瀧 誠","https://cssy.aasa.ac.jp/syllabusHtml/2026/151010/151010_252232-01_ja_JP.html"
"4279","前期","前期","他","252234-01","ソーシャルワーク実習Ⅱ","小野 孝嘉","https://cssy.aasa.ac.jp/syllabusHtml/2026/151010/151010_252234-01_ja_JP.html"
"4280","前期","前期","他","252234-02","ソーシャルワーク実習Ⅱ","黒川 文子","https://cssy.aasa.ac.jp/syllabusHtml/2026/151010/151010_252234-02_ja_JP.html"
"4281","前期","前期","他","252234-03","ソーシャルワーク実習Ⅱ","末田 邦子","https://cssy.aasa.ac.jp/syllabusHtml/2026/151010/151010_252234-03_ja_JP.html"
"4282","前期","前期","他","252234-04","ソーシャルワーク実習Ⅱ","谷口 純世","https://cssy.aasa.ac.jp/syllabusHtml/2026/151010/151010_252234-04_ja_JP.html"
"4283","前期","前期","他","252234-05","ソーシャルワーク実習Ⅱ","小川 恭子","https://cssy.aasa.ac.jp/syllabusHtml/2026/151010/151010_252234-05_ja_JP.html"
"4284","前期","前期","他","252234-06","ソーシャルワーク実習Ⅱ","上島 遥","https://cssy.aasa.ac.jp/syllabusHtml/2026/151010/151010_252234-06_ja_JP.html"
"4285","後期","後期","他","252235-01","ソーシャルワーク実習Ⅲ","小野 孝嘉","https://cssy.aasa.ac.jp/syllabusHtml/2026/151010/151010_252235-01_ja_JP.html"
"4286","後期","後期","他","252235-02","ソーシャルワーク実習Ⅲ","黒川 文子","https://cssy.aasa.ac.jp/syllabusHtml/2026/151010/151010_252235-02_ja_JP.html"
"4287","後期","後期","他","252235-03","ソーシャルワーク実習Ⅲ","末田 邦子","https://cssy.aasa.ac.jp/syllabusHtml/2026/151010/151010_252235-03_ja_JP.html"
"4288","後期","後期","他","252235-04","ソーシャルワーク実習Ⅲ","谷口 純世","https://cssy.aasa.ac.jp/syllabusHtml/2026/151010/151010_252235-04_ja_JP.html"
"4289","後期","後期","他","252235-05","ソーシャルワーク実習Ⅲ","小川 恭子","https://cssy.aasa.ac.jp/syllabusHtml/2026/151010/151010_252235-05_ja_JP.html"
"4290","後期","後期","他","252235-06","ソーシャルワーク実習Ⅲ","上島 遥","https://cssy.aasa.ac.jp/syllabusHtml/2026/151010/151010_252235-06_ja_JP.html"
"4291","前期","前期","水3","252237-01","高齢者福祉(専門)","黒川 文子","https://cssy.aasa.ac.jp/syllabusHtml/2026/151010/151010_252237-01_ja_JP.html"
"4292","後期","後期","他","252239-01","障害者福祉(専門)","谷川 陽美 稲持 祥太","https://cssy.aasa.ac.jp/syllabusHtml/2026/151010/151010_252239-01_ja_JP.html"
"4293","前期","前期","水2","253044-01","社会心理学","西 和久","https://cssy.aasa.ac.jp/syllabusHtml/2026/151010/151010_253044-01_ja_JP.html"
"4294","後期","後期","水3","253045-01","コミュニティ心理学","西 和久","https://cssy.aasa.ac.jp/syllabusHtml/2026/151010/151010_253045-01_ja_JP.html"
"4295","後期","後期","水2","253049-01","マイノリティと現代社会","西 和久","https://cssy.aasa.ac.jp/syllabusHtml/2026/151010/151010_253049-01_ja_JP.html"
"4296","後期","後期","火2","253055-01","福祉環境論","池田 園子","https://cssy.aasa.ac.jp/syllabusHtml/2026/151010/151010_253055-01_ja_JP.html"
"4297","後期","後期","他","253057-01","社会福祉発達史","岡本 周佳","https://cssy.aasa.ac.jp/syllabusHtml/2026/151010/151010_253057-01_ja_JP.html"
"4298","前期","前期","他","253058-01","国際福祉論","李 省翰","https://cssy.aasa.ac.jp/syllabusHtml/2026/151010/151010_253058-01_ja_JP.html"
"4299","後期","後期","木1","253071-01","精神保健福祉援助演習(専門)Ⅰ","瀧 誠","https://cssy.aasa.ac.jp/syllabusHtml/2026/151010/151010_253071-01_ja_JP.html"
"4300","後期","後期","金3","253072-01","精神保健福祉援助演習(専門)Ⅱ","仲野 文伸","https://cssy.aasa.ac.jp/syllabusHtml/2026/151010/151010_253072-01_ja_JP.html"
"4301","前期","前期","木1","253073-01","精神保健福祉援助実習指導Ⅰ","瀧 誠","https://cssy.aasa.ac.jp/syllabusHtml/2026/151010/151010_253073-01_ja_JP.html"
"4302","後期","後期","水2","253074-01","精神保健福祉援助実習指導Ⅱ","瀧 誠","https://cssy.aasa.ac.jp/syllabusHtml/2026/151010/151010_253074-01_ja_JP.html"
"4303","前期","前期","月1","253075-01","精神保健福祉援助実習指導Ⅲ","瀧 誠","https://cssy.aasa.ac.jp/syllabusHtml/2026/151010/151010_253075-01_ja_JP.html"
"4304","後期","後期","他","253076-01","精神保健福祉援助実習Ⅰ","瀧 誠","https://cssy.aasa.ac.jp/syllabusHtml/2026/151010/151010_253076-01_ja_JP.html"
"4305","前期","前期","他","253077-01","精神保健福祉援助実習Ⅱ","瀧 誠","https://cssy.aasa.ac.jp/syllabusHtml/2026/151010/151010_253077-01_ja_JP.html"
"4306","前期","前期","水2","253101-01","ソーシャルワークの基盤と専門職","末田 邦子","https://cssy.aasa.ac.jp/syllabusHtml/2026/151010/151010_253101-01_ja_JP.html"
"4307","後期","後期","火3","253102-01","ソーシャルワークの基盤と専門職(専門)","末田 邦子","https://cssy.aasa.ac.jp/syllabusHtml/2026/151010/151010_253102-01_ja_JP.html"
"4308","前期","前期","水4","253103-01","ソーシャルワークの理論と方法Ⅰ","吉川 公章","https://cssy.aasa.ac.jp/syllabusHtml/2026/151010/151010_253103-01_ja_JP.html"
"4309","後期","後期","金3","253104-01","ソーシャルワークの理論と方法Ⅱ","汲田 千賀子","https://cssy.aasa.ac.jp/syllabusHtml/2026/151010/151010_253104-01_ja_JP.html"
"4310","前期","前期","月1","253105-01","ソーシャルワークの理論と方法(専門)Ⅰ","末田 邦子","https://cssy.aasa.ac.jp/syllabusHtml/2026/151010/151010_253105-01_ja_JP.html"
"4311","後期","後期","月2","253106-01","ソーシャルワークの理論と方法(専門)Ⅱ","末田 邦子","https://cssy.aasa.ac.jp/syllabusHtml/2026/151010/151010_253106-01_ja_JP.html"
"4312","前期","前期","金3","253107-01","保健医療と福祉","小川 恭子","https://cssy.aasa.ac.jp/syllabusHtml/2026/151010/151010_253107-01_ja_JP.html"
"4313","前期","前期","他","253108-01","権利擁護を支える法制度","瀧 誠 杉山 苑子 水上 賢治","https://cssy.aasa.ac.jp/syllabusHtml/2026/151010/151010_253108-01_ja_JP.html"
"4314","前期","前期","他","253109-01","刑事司法と福祉","野中 光夫 植松 俊典","https://cssy.aasa.ac.jp/syllabusHtml/2026/151010/151010_253109-01_ja_JP.html"
"4315","前期","前期","月2","254003-01","保育原理Ⅰ","岡田 泰枝","https://cssy.aasa.ac.jp/syllabusHtml/2026/151020/151020_254003-01_ja_JP.html"
"4316","後期","後期","水1","254004-01","保育原理Ⅱ","岡田 泰枝","https://cssy.aasa.ac.jp/syllabusHtml/2026/151020/151020_254004-01_ja_JP.html"
"4317","後期","後期","金2","254010-01","保育者論","村上 明子","https://cssy.aasa.ac.jp/syllabusHtml/2026/151020/151020_254010-01_ja_JP.html"
"4318","後期","後期","金3","254014-01","教育原理","岡田 泰枝","https://cssy.aasa.ac.jp/syllabusHtml/2026/151020/151020_254014-01_ja_JP.html"
"4319","前期","前期","水2","254101-01","社会福祉概論","火口 弥生","https://cssy.aasa.ac.jp/syllabusHtml/2026/151020/151020_254101-01_ja_JP.html"
"4320","前期","前期","水3","254107-01","幼児理解の理論と方法","小野 美和","https://cssy.aasa.ac.jp/syllabusHtml/2026/151020/151020_254107-01_ja_JP.html"
"4321","後期","後期","金1","254108-01","子どもの食と栄養","森岡 亜有","https://cssy.aasa.ac.jp/syllabusHtml/2026/151020/151020_254108-01_ja_JP.html"
"4322","後期","後期","金2","254108-02","子どもの食と栄養","森岡 亜有","https://cssy.aasa.ac.jp/syllabusHtml/2026/151020/151020_254108-02_ja_JP.html"
"4323","前期","前期","金4","254109-01","教育課程論","岡田 泰枝","https://cssy.aasa.ac.jp/syllabusHtml/2026/151020/151020_254109-01_ja_JP.html"
"4324","前期","前期","月1","254112-01","保育内容 表現Ⅰ","松下 伸也 安藤 園子 林 美春","https://cssy.aasa.ac.jp/syllabusHtml/2026/151020/151020_254112-01_ja_JP.html"
"4325","前期","前期","月2","254112-02","保育内容 表現Ⅰ","松下 伸也 安藤 園子 林 美春","https://cssy.aasa.ac.jp/syllabusHtml/2026/151020/151020_254112-02_ja_JP.html"
"4326","後期","後期","月1","254113-01","保育内容 表現Ⅱ","林 美春 安藤 園子","https://cssy.aasa.ac.jp/syllabusHtml/2026/151020/151020_254113-01_ja_JP.html"
"4327","後期","後期","月2","254113-02","保育内容 表現Ⅱ","林 美春 安藤 園子","https://cssy.aasa.ac.jp/syllabusHtml/2026/151020/151020_254113-02_ja_JP.html"
"4328","前期","前期","金1","254114-01","乳児保育論","杉山 和","https://cssy.aasa.ac.jp/syllabusHtml/2026/151020/151020_254114-01_ja_JP.html"
"4329","前期","前期","金2","254114-02","乳児保育論","杉山 和","https://cssy.aasa.ac.jp/syllabusHtml/2026/151020/151020_254114-02_ja_JP.html"
"4330","後期","後期","木2","254115-01","乳児保育演習","杉山 和","https://cssy.aasa.ac.jp/syllabusHtml/2026/151020/151020_254115-01_ja_JP.html"
"4331","後期","後期","木3","254115-02","乳児保育演習","杉山 和","https://cssy.aasa.ac.jp/syllabusHtml/2026/151020/151020_254115-02_ja_JP.html"
"4332","前期","前期","火2","254116-01","子どもと数・図形","齊藤 公彦","https://cssy.aasa.ac.jp/syllabusHtml/2026/151020/151020_254116-01_ja_JP.html"
"4333","後期","後期","水1","254117-01","音楽基礎技能Ⅲ","村上 由紀","https://cssy.aasa.ac.jp/syllabusHtml/2026/151020/151020_254117-01_ja_JP.html"
"4334","前期","前期","水4","254118-01","音楽基礎技能Ⅳ","村上 由紀","https://cssy.aasa.ac.jp/syllabusHtml/2026/151020/151020_254118-01_ja_JP.html"
"4335","前期","前期","金4","254119-01","造形基礎技能Ⅰ","山本 和久 寺田 鉄平","https://cssy.aasa.ac.jp/syllabusHtml/2026/151020/151020_254119-01_ja_JP.html"
"4336","後期","後期","金4","254119-02","造形基礎技能Ⅰ","山本 和久 寺田 鉄平","https://cssy.aasa.ac.jp/syllabusHtml/2026/151020/151020_254119-02_ja_JP.html"
"4337","前期","前期","金5","254120-01","造形基礎技能Ⅱ","山本 和久 寺田 鉄平","https://cssy.aasa.ac.jp/syllabusHtml/2026/151020/151020_254120-01_ja_JP.html"
"4338","後期","後期","金5","254120-02","造形基礎技能Ⅱ","山本 和久 寺田 鉄平","https://cssy.aasa.ac.jp/syllabusHtml/2026/151020/151020_254120-02_ja_JP.html"
"4339","前期","前期","月5","254121-01","体育基礎技能Ⅰ","大矢 知佳","https://cssy.aasa.ac.jp/syllabusHtml/2026/151020/151020_254121-01_ja_JP.html"
"4340","前期","前期","金5","254121-02","体育基礎技能Ⅰ","大矢 知佳","https://cssy.aasa.ac.jp/syllabusHtml/2026/151020/151020_254121-02_ja_JP.html"
"4341","後期","後期","金1","254122-01","体育基礎技能Ⅱ","大矢 知佳","https://cssy.aasa.ac.jp/syllabusHtml/2026/151020/151020_254122-01_ja_JP.html"
"4342","後期","後期","金2","254122-02","体育基礎技能Ⅱ","大矢 知佳","https://cssy.aasa.ac.jp/syllabusHtml/2026/151020/151020_254122-02_ja_JP.html"
"4343","後期","後期","木1","254123-01","実習入門","杉山 和","https://cssy.aasa.ac.jp/syllabusHtml/2026/151020/151020_254123-01_ja_JP.html"
"4344","前期","前期","他","254124-01","コミュニティ・アクティブ・ラーニング","岡田 泰枝 杉山 和","https://cssy.aasa.ac.jp/syllabusHtml/2026/151020/151020_254124-01_ja_JP.html"
"4345","前期","前期","水2","254125-01","保育内容総論Ⅰ","吉田 真弓","https://cssy.aasa.ac.jp/syllabusHtml/2026/151020/151020_254125-01_ja_JP.html"
"4346","後期","後期","火3","254126-01","保育内容総論Ⅱ","吉田 真弓","https://cssy.aasa.ac.jp/syllabusHtml/2026/151020/151020_254126-01_ja_JP.html"
"4347","前期","前期","木1","254127-01","教育実習指導Ⅰ","吉田 真弓 杉山 和 村上 明子","https://cssy.aasa.ac.jp/syllabusHtml/2026/151020/151020_254127-01_ja_JP.html"
"4348","後期","後期","水3","254128-01","教育心理学","小野 美和","https://cssy.aasa.ac.jp/syllabusHtml/2026/151020/151020_254128-01_ja_JP.html"
"4349","前期","前期","木3","255005-01","保育内容 環境Ⅰ","村上 明子","https://cssy.aasa.ac.jp/syllabusHtml/2026/151020/151020_255005-01_ja_JP.html"
"4350","前期","前期","木4","255005-02","保育内容 環境Ⅰ","村上 明子","https://cssy.aasa.ac.jp/syllabusHtml/2026/151020/151020_255005-02_ja_JP.html"
"4351","後期","後期","月3","255006-01","保育内容 環境Ⅱ","村上 明子","https://cssy.aasa.ac.jp/syllabusHtml/2026/151020/151020_255006-01_ja_JP.html"
"4352","前期","前期","火3","255007-01","保育内容 言葉Ⅰ","本山 ひふみ","https://cssy.aasa.ac.jp/syllabusHtml/2026/151020/151020_255007-01_ja_JP.html"
"4353","後期","後期","火3","255008-01","保育内容 言葉Ⅱ","本山 ひふみ","https://cssy.aasa.ac.jp/syllabusHtml/2026/151020/151020_255008-01_ja_JP.html"
"4354","前期","前期","火4","255013-01","保育内容指導法","本山 ひふみ","https://cssy.aasa.ac.jp/syllabusHtml/2026/151020/151020_255013-01_ja_JP.html"
"4355","前期","前期","月3","255014-01","音楽基礎技能Ⅰ","松下 伸也 浅田 美穂 村瀬 香 近藤 杏美","https://cssy.aasa.ac.jp/syllabusHtml/2026/151020/151020_255014-01_ja_JP.html"
"4356","前期","前期","月4","255014-02","音楽基礎技能Ⅰ","松下 伸也 浅田 美穂 村瀬 香 近藤 杏美","https://cssy.aasa.ac.jp/syllabusHtml/2026/151020/151020_255014-02_ja_JP.html"
"4357","後期","後期","月3","255015-01","音楽基礎技能Ⅱ","松下 伸也 浅田 美穂 村瀬 香 近藤 杏美","https://cssy.aasa.ac.jp/syllabusHtml/2026/151020/151020_255015-01_ja_JP.html"
"4358","後期","後期","月4","255015-02","音楽基礎技能Ⅱ","松下 伸也 浅田 美穂 村瀬 香 近藤 杏美","https://cssy.aasa.ac.jp/syllabusHtml/2026/151020/151020_255015-02_ja_JP.html"
"4359","前期","前期","水1","255020-01","子どもと音楽","松下 伸也","https://cssy.aasa.ac.jp/syllabusHtml/2026/151020/151020_255020-01_ja_JP.html"
"4360","前期","前期","水2","255020-02","子どもと音楽","松下 伸也","https://cssy.aasa.ac.jp/syllabusHtml/2026/151020/151020_255020-02_ja_JP.html"
"4361","前期","前期","月5","255021-01","子どもと造形","山本 和久","https://cssy.aasa.ac.jp/syllabusHtml/2026/151020/151020_255021-01_ja_JP.html"
"4362","前期","前期","水5","255021-02","子どもと造形","山本 和久","https://cssy.aasa.ac.jp/syllabusHtml/2026/151020/151020_255021-02_ja_JP.html"
"4363","後期","後期","金3","255022-01","子どもと言葉","担当者未定9","https://cssy.aasa.ac.jp/syllabusHtml/2026/151020/151020_255022-01_ja_JP.html"
"4364","後期","後期","金5","255022-02","子どもと言葉","担当者未定9","https://cssy.aasa.ac.jp/syllabusHtml/2026/151020/151020_255022-02_ja_JP.html"
"4365","前期","前期","水3","255023-01","子どもと体育","大矢 知佳","https://cssy.aasa.ac.jp/syllabusHtml/2026/151020/151020_255023-01_ja_JP.html"
"4366","後期","後期","月1","255024-01","子どもと生活","岡田 泰枝","https://cssy.aasa.ac.jp/syllabusHtml/2026/151020/151020_255024-01_ja_JP.html"
"4367","前期","前期","金3","255031-01","教職入門","岡田 泰枝","https://cssy.aasa.ac.jp/syllabusHtml/2026/151020/151020_255031-01_ja_JP.html"
"4368","後期","後期","火3","255032-01","教育制度論","大矢 知佳","https://cssy.aasa.ac.jp/syllabusHtml/2026/151020/151020_255032-01_ja_JP.html"
"4369","後期","後期","金4","255035-01","教育方法論","岡田 泰枝","https://cssy.aasa.ac.jp/syllabusHtml/2026/151020/151020_255035-01_ja_JP.html"
"4370","後期","後期","月2","255037-01","教育相談","小野 美和","https://cssy.aasa.ac.jp/syllabusHtml/2026/151020/151020_255037-01_ja_JP.html"
"4371","前期","前期","他","255042-01","保育実習Ⅰ(保育所)","岡田 泰枝 杉山 和 村上 明子","https://cssy.aasa.ac.jp/syllabusHtml/2026/151020/151020_255042-01_ja_JP.html"
"4372","後期","後期","他","255043-01","保育実習Ⅱ(保育所以外)","小野 美和 松下 伸也 杉山 和 大矢 知佳","https://cssy.aasa.ac.jp/syllabusHtml/2026/151020/151020_255043-01_ja_JP.html"
"4373","後期","後期","他","255044-01","保育実習Ⅲ","岡田 泰枝 杉山 和 村上 明子","https://cssy.aasa.ac.jp/syllabusHtml/2026/151020/151020_255044-01_ja_JP.html"
"4374","後期","後期","他","255045-01","保育実習Ⅳ","小野 美和","https://cssy.aasa.ac.jp/syllabusHtml/2026/151020/151020_255045-01_ja_JP.html"
"4375","前期","前期","他","255048-01","教育実習Ⅱ","吉田 真弓 杉山 和","https://cssy.aasa.ac.jp/syllabusHtml/2026/151020/151020_255048-01_ja_JP.html"
"4376","後期","後期","木4","255054-01","教職実践演習(幼)","吉田 真弓 杉山 和","https://cssy.aasa.ac.jp/syllabusHtml/2026/151020/151020_255054-01_ja_JP.html"
"4377","後期","後期","金3","255054-02","教職実践演習(幼)","村上 明子 杉山 和","https://cssy.aasa.ac.jp/syllabusHtml/2026/151020/151020_255054-02_ja_JP.html"
"4378","後期","後期","月3","255056-01","保育実習指導Ⅱ","小野 美和 杉山 和 大矢 知佳","https://cssy.aasa.ac.jp/syllabusHtml/2026/151020/151020_255056-01_ja_JP.html"
"4379","前期","前期","火3","255057-01","保育実習指導Ⅲ","岡田 泰枝 杉山 和 吉田 真弓","https://cssy.aasa.ac.jp/syllabusHtml/2026/151020/151020_255057-01_ja_JP.html"
"4380","前期","前期","水4","255058-01","保育実習指導Ⅰ","岡田 泰枝 杉山 和 村上 明子","https://cssy.aasa.ac.jp/syllabusHtml/2026/151020/151020_255058-01_ja_JP.html"
"4381","前期","前期","火3","255059-01","保育実習指導Ⅳ","小野 美和","https://cssy.aasa.ac.jp/syllabusHtml/2026/151020/151020_255059-01_ja_JP.html"
"4382","後期","後期","他","255060-01","教育実習Ⅰ","吉田 真弓 杉山 和","https://cssy.aasa.ac.jp/syllabusHtml/2026/151020/151020_255060-01_ja_JP.html"
"4383","後期","後期","月4","255062-01","子ども家庭支援論","村上 明子","https://cssy.aasa.ac.jp/syllabusHtml/2026/151020/151020_255062-01_ja_JP.html"
"4384","前期","前期","金3","255063-01","子育て支援","村上 明子","https://cssy.aasa.ac.jp/syllabusHtml/2026/151020/151020_255063-01_ja_JP.html"
"4385","後期","後期","火5","255066-01","障害児福祉","小原 貴史","https://cssy.aasa.ac.jp/syllabusHtml/2026/151020/151020_255066-01_ja_JP.html"
"4386","後期","後期","水4","255067-01","子ども家庭支援の心理学","小野 美和","https://cssy.aasa.ac.jp/syllabusHtml/2026/151020/151020_255067-01_ja_JP.html"
"4387","前期","前期","火1","255068-01","子どもの保健","黒谷 万美子","https://cssy.aasa.ac.jp/syllabusHtml/2026/151020/151020_255068-01_ja_JP.html"
"4388","後期","後期","火1","255069-01","子どもの健康と安全","黒谷 万美子","https://cssy.aasa.ac.jp/syllabusHtml/2026/151020/151020_255069-01_ja_JP.html"
"4389","後期","後期","火2","255069-02","子どもの健康と安全","黒谷 万美子","https://cssy.aasa.ac.jp/syllabusHtml/2026/151020/151020_255069-02_ja_JP.html"
"4390","前期","前期","金4","255070-01","子どもと健康","大矢 知佳","https://cssy.aasa.ac.jp/syllabusHtml/2026/151020/151020_255070-01_ja_JP.html"
"4391","後期","後期","水2","255071-01","保育内容 健康","大矢 知佳","https://cssy.aasa.ac.jp/syllabusHtml/2026/151020/151020_255071-01_ja_JP.html"
"4392","後期","後期","水3","255071-02","保育内容 健康","大矢 知佳","https://cssy.aasa.ac.jp/syllabusHtml/2026/151020/151020_255071-02_ja_JP.html"
"4393","前期","前期","月1","255072-01","子どもと人間関係","吉田 真弓","https://cssy.aasa.ac.jp/syllabusHtml/2026/151020/151020_255072-01_ja_JP.html"
"4394","前期","前期","月2","255072-02","子どもと人間関係","吉田 真弓","https://cssy.aasa.ac.jp/syllabusHtml/2026/151020/151020_255072-02_ja_JP.html"
"4395","後期","後期","水1","255073-01","保育内容 人間関係","吉田 真弓","https://cssy.aasa.ac.jp/syllabusHtml/2026/151020/151020_255073-01_ja_JP.html"
"4396","前期","前期","月4","255074-01","特別の支援を必要とする子どもの保育","小野 美和","https://cssy.aasa.ac.jp/syllabusHtml/2026/151020/151020_255074-01_ja_JP.html"
"4397","前期","前期","他","255075-01","子どもとデジタルメディア","小野 美和","https://cssy.aasa.ac.jp/syllabusHtml/2026/151020/151020_255075-01_ja_JP.html"
"4398","後期","後期","月5","255076-01","絵本演習","青木 文美 谷口 晶子","https://cssy.aasa.ac.jp/syllabusHtml/2026/151020/151020_255076-01_ja_JP.html"
"4399","前期","前期","水3","261211-01","中国現代文学","河井 昭乃","https://cssy.aasa.ac.jp/syllabusHtml/2026/1610/1610_261211-01_ja_JP.html"
"4400","後期","後期","水4","261211-02","中国現代文学","河井 昭乃","https://cssy.aasa.ac.jp/syllabusHtml/2026/1610/1610_261211-02_ja_JP.html"
"4401","後期","後期","火3","261212-01","中国文学史","チョ スルソップ","https://cssy.aasa.ac.jp/syllabusHtml/2026/1610/1610_261212-01_ja_JP.html"
"4402","前期","前期","月2,水3","262201-01","CLS1(中国語入門①)","馮 富榮 チョウ ケイニ","https://cssy.aasa.ac.jp/syllabusHtml/2026/1610/1610_262201-01_ja_JP.html"
"4403","前期","前期","月2,水3","262201-02","CLS1(中国語入門①)","王 俊","https://cssy.aasa.ac.jp/syllabusHtml/2026/1610/1610_262201-02_ja_JP.html"
"4404","前期","前期","月3,水4","262201-03","CLS1(中国語入門①)","高 飛","https://cssy.aasa.ac.jp/syllabusHtml/2026/1610/1610_262201-03_ja_JP.html"
"4405","前期","前期","月3,水4","262201-04","CLS1(中国語入門①)","馮 富榮 王 俊","https://cssy.aasa.ac.jp/syllabusHtml/2026/1610/1610_262201-04_ja_JP.html"
"4406","前期","前期","月4,水2","262201-05","CLS1(中国語入門①)","蘇 雪蓮","https://cssy.aasa.ac.jp/syllabusHtml/2026/1610/1610_262201-05_ja_JP.html"
"4407","前期","前期","月4,水2","262201-06","CLS1(中国語入門①)","胡 敏男 チョウ ケイニ","https://cssy.aasa.ac.jp/syllabusHtml/2026/1610/1610_262201-06_ja_JP.html"
"4408","後期","後期","月1,水1","262201-07","CLS1(中国語入門①)","王 俊","https://cssy.aasa.ac.jp/syllabusHtml/2026/1610/1610_262201-07_ja_JP.html"
"4409","後期","後期","月1,水1","262201-08","CLS1(中国語入門①)","蘇 雪蓮","https://cssy.aasa.ac.jp/syllabusHtml/2026/1610/1610_262201-08_ja_JP.html"
"4410","前期","前期","月1,水1","262202-01","CLS2(中国語入門②)","胡 敏男 王 俊","https://cssy.aasa.ac.jp/syllabusHtml/2026/1610/1610_262202-01_ja_JP.html"
"4411","後期","後期","月2,水3","262202-02","CLS2(中国語入門②)","高 飛 馮 富榮","https://cssy.aasa.ac.jp/syllabusHtml/2026/1610/1610_262202-02_ja_JP.html"
"4412","後期","後期","月2,水3","262202-03","CLS2(中国語入門②)","王 俊","https://cssy.aasa.ac.jp/syllabusHtml/2026/1610/1610_262202-03_ja_JP.html"
"4413","後期","後期","月2,水3","262202-04","CLS2(中国語入門②)","チョウ ケイニ","https://cssy.aasa.ac.jp/syllabusHtml/2026/1610/1610_262202-04_ja_JP.html"
"4414","後期","後期","月3,水4","262202-05","CLS2(中国語入門②)","高 飛","https://cssy.aasa.ac.jp/syllabusHtml/2026/1610/1610_262202-05_ja_JP.html"
"4415","後期","後期","月3,水4","262202-06","CLS2(中国語入門②)","王 俊","https://cssy.aasa.ac.jp/syllabusHtml/2026/1610/1610_262202-06_ja_JP.html"
"4416","後期","後期","月3,水4","262202-07","CLS2(中国語入門②)","チョウ ケイニ","https://cssy.aasa.ac.jp/syllabusHtml/2026/1610/1610_262202-07_ja_JP.html"
"4417","後期","後期","月4,水2","262202-08","CLS2(中国語入門②)","蘇 雪蓮","https://cssy.aasa.ac.jp/syllabusHtml/2026/1610/1610_262202-08_ja_JP.html"
"4418","後期","後期","月4,水2","262202-09","CLS2(中国語入門②)","王 俊","https://cssy.aasa.ac.jp/syllabusHtml/2026/1610/1610_262202-09_ja_JP.html"
"4419","後期","後期","月4,水2","262202-10","CLS2(中国語入門②)","チョウ ケイニ","https://cssy.aasa.ac.jp/syllabusHtml/2026/1610/1610_262202-10_ja_JP.html"
"4420","前期","前期","火1","262203-01","CLS3(中国語読解①)","中塚 亮","https://cssy.aasa.ac.jp/syllabusHtml/2026/1610/1610_262203-01_ja_JP.html"
"4421","前期","前期","火3","262203-02","CLS3(中国語読解①)","何 龍","https://cssy.aasa.ac.jp/syllabusHtml/2026/1610/1610_262203-02_ja_JP.html"
"4422","前期","前期","金2","262203-03","CLS3(中国語読解①)","馬 麗梅","https://cssy.aasa.ac.jp/syllabusHtml/2026/1610/1610_262203-03_ja_JP.html"
"4423","前期","前期","他","262203-04","CLS3(中国語読解①)","胡 敏男","https://cssy.aasa.ac.jp/syllabusHtml/2026/1610/1610_262203-04_ja_JP.html"
"4424","後期","後期","火2","262203-05","CLS3(中国語読解①)","袁 莉萍","https://cssy.aasa.ac.jp/syllabusHtml/2026/1610/1610_262203-05_ja_JP.html"
"4425","後期","後期","火3","262203-06","CLS3(中国語読解①)","袁 莉萍","https://cssy.aasa.ac.jp/syllabusHtml/2026/1610/1610_262203-06_ja_JP.html"
"4426","後期","後期","火4","262203-07","CLS3(中国語読解①)","袁 莉萍","https://cssy.aasa.ac.jp/syllabusHtml/2026/1610/1610_262203-07_ja_JP.html"
"4427","後期","後期","他","262203-08","CLS3(中国語読解①)","胡 敏男","https://cssy.aasa.ac.jp/syllabusHtml/2026/1610/1610_262203-08_ja_JP.html"
"4428","前期","前期","月3","262204-01","CLS4(中国語読解②)","チョウ ケイニ","https://cssy.aasa.ac.jp/syllabusHtml/2026/1610/1610_262204-01_ja_JP.html"
"4429","後期","後期","火1","262204-02","CLS4(中国語読解②)","周 素芬","https://cssy.aasa.ac.jp/syllabusHtml/2026/1610/1610_262204-02_ja_JP.html"
"4430","後期","後期","火3","262204-03","CLS4(中国語読解②)","何 龍","https://cssy.aasa.ac.jp/syllabusHtml/2026/1610/1610_262204-03_ja_JP.html"
"4431","後期","後期","火4","262204-04","CLS4(中国語読解②)","徐 春陽","https://cssy.aasa.ac.jp/syllabusHtml/2026/1610/1610_262204-04_ja_JP.html"
"4432","前期","前期","火2","262205-01","CLS5(中国語読解③)","張 勤","https://cssy.aasa.ac.jp/syllabusHtml/2026/1610/1610_262205-01_ja_JP.html"
"4433","前期","前期","火4","262205-02","CLS5(中国語読解③)","何 龍","https://cssy.aasa.ac.jp/syllabusHtml/2026/1610/1610_262205-02_ja_JP.html"
"4434","前期","前期","水3","262205-03","CLS5(中国語読解③)","チョウ ケイニ","https://cssy.aasa.ac.jp/syllabusHtml/2026/1610/1610_262205-03_ja_JP.html"
"4435","後期","後期","月3","262205-04","CLS5(中国語読解③)","蘇 雪蓮","https://cssy.aasa.ac.jp/syllabusHtml/2026/1610/1610_262205-04_ja_JP.html"
"4436","後期","後期","火2","262206-01","CLS6(中国語読解④)","張 勤","https://cssy.aasa.ac.jp/syllabusHtml/2026/1610/1610_262206-01_ja_JP.html"
"4437","後期","後期","火2","262206-02","CLS6(中国語読解④)","周 素芬","https://cssy.aasa.ac.jp/syllabusHtml/2026/1610/1610_262206-02_ja_JP.html"
"4438","後期","後期","火4","262206-03","CLS6(中国語読解④)","何 龍","https://cssy.aasa.ac.jp/syllabusHtml/2026/1610/1610_262206-03_ja_JP.html"
"4439","前期","前期","水1","262213-01","CCS1(中国語会話①)","高 飛","https://cssy.aasa.ac.jp/syllabusHtml/2026/1610/1610_262213-01_ja_JP.html"
"4440","前期","前期","水1","262213-02","CCS1(中国語会話①)","王 俊","https://cssy.aasa.ac.jp/syllabusHtml/2026/1610/1610_262213-02_ja_JP.html"
"4441","前期","前期","水1","262213-03","CCS1(中国語会話①)","チョウ ケイニ","https://cssy.aasa.ac.jp/syllabusHtml/2026/1610/1610_262213-03_ja_JP.html"
"4442","前期","前期","水2","262213-04","CCS1(中国語会話①)","高 飛","https://cssy.aasa.ac.jp/syllabusHtml/2026/1610/1610_262213-04_ja_JP.html"
"4443","前期","前期","水2","262213-05","CCS1(中国語会話①)","王 俊","https://cssy.aasa.ac.jp/syllabusHtml/2026/1610/1610_262213-05_ja_JP.html"
"4444","前期","前期","水2","262213-06","CCS1(中国語会話①)","チョウ ケイニ","https://cssy.aasa.ac.jp/syllabusHtml/2026/1610/1610_262213-06_ja_JP.html"
"4445","前期","前期","木2","262213-07","CCS1(中国語会話①)","周 素芬","https://cssy.aasa.ac.jp/syllabusHtml/2026/1610/1610_262213-07_ja_JP.html"
"4446","前期","前期","他","262213-08","CCS1(中国語会話①)","馮 富榮","https://cssy.aasa.ac.jp/syllabusHtml/2026/1610/1610_262213-08_ja_JP.html"
"4447","後期","後期","木2","262213-09","CCS1(中国語会話①)","周 素芬","https://cssy.aasa.ac.jp/syllabusHtml/2026/1610/1610_262213-09_ja_JP.html"
"4448","後期","後期","他","262213-10","CCS1(中国語会話①)","馮 富榮","https://cssy.aasa.ac.jp/syllabusHtml/2026/1610/1610_262213-10_ja_JP.html"
"4449","前期","前期","木1","262214-01","CCS2(中国語会話②)","周 素芬","https://cssy.aasa.ac.jp/syllabusHtml/2026/1610/1610_262214-01_ja_JP.html"
"4450","後期","後期","木1","262214-02","CCS2(中国語会話②)","周 素芬","https://cssy.aasa.ac.jp/syllabusHtml/2026/1610/1610_262214-02_ja_JP.html"
"4451","後期","後期","木2","262214-03","CCS2(中国語会話②)","高 飛","https://cssy.aasa.ac.jp/syllabusHtml/2026/1610/1610_262214-03_ja_JP.html"
"4452","後期","後期","水1","262214-04","CCS2(中国語会話②)","胡 敏男","https://cssy.aasa.ac.jp/syllabusHtml/2026/1610/1610_262214-04_ja_JP.html"
"4453","後期","後期","木3","262214-05","CCS2(中国語会話②)","周 素芬","https://cssy.aasa.ac.jp/syllabusHtml/2026/1610/1610_262214-05_ja_JP.html"
"4454","後期","後期","木4","262214-06","CCS2(中国語会話②)","周 素芬","https://cssy.aasa.ac.jp/syllabusHtml/2026/1610/1610_262214-06_ja_JP.html"
"4455","後期","後期","他","263101-01","英語海外研修","TOFF Mika","https://cssy.aasa.ac.jp/syllabusHtml/2026/1610/1610_263101-01_ja_JP.html"
"4456","前期","前期","他","263102-01","中国語海外研修","何 龍","https://cssy.aasa.ac.jp/syllabusHtml/2026/1610/1610_263102-01_ja_JP.html"
"4457","前期","前期","月1","264001-01","基礎演習","李 正子","https://cssy.aasa.ac.jp/syllabusHtml/2026/1610/1610_264001-01_ja_JP.html"
"4458","前期","前期","月2","264001-02","基礎演習","江嵜 那留穂","https://cssy.aasa.ac.jp/syllabusHtml/2026/1610/1610_264001-02_ja_JP.html"
"4459","前期","前期","月1","264001-03","基礎演習","太田 浩司","https://cssy.aasa.ac.jp/syllabusHtml/2026/1610/1610_264001-03_ja_JP.html"
"4460","前期","前期","月3","264001-04","基礎演習","大野 清幸","https://cssy.aasa.ac.jp/syllabusHtml/2026/1610/1610_264001-04_ja_JP.html"
"4461","前期","前期","月2","264001-05","基礎演習","何 龍","https://cssy.aasa.ac.jp/syllabusHtml/2026/1610/1610_264001-05_ja_JP.html"
"4462","前期","前期","月3","264001-06","基礎演習","胡 敏男","https://cssy.aasa.ac.jp/syllabusHtml/2026/1610/1610_264001-06_ja_JP.html"
"4463","前期","前期","月2","264001-07","基礎演習","島津 侑希","https://cssy.aasa.ac.jp/syllabusHtml/2026/1610/1610_264001-07_ja_JP.html"
"4464","前期","前期","月3","264001-08","基礎演習","杉本 一直","https://cssy.aasa.ac.jp/syllabusHtml/2026/1610/1610_264001-08_ja_JP.html"
"4465","前期","前期","月2","264001-09","基礎演習","チョ スルソップ","https://cssy.aasa.ac.jp/syllabusHtml/2026/1610/1610_264001-09_ja_JP.html"
"4466","前期","前期","月1","264001-10","基礎演習","TOFF Mika","https://cssy.aasa.ac.jp/syllabusHtml/2026/1610/1610_264001-10_ja_JP.html"
"4467","前期","前期","月1","264001-11","基礎演習","二文字屋 脩","https://cssy.aasa.ac.jp/syllabusHtml/2026/1610/1610_264001-11_ja_JP.html"
"4468","前期","前期","月1","264001-12","基礎演習","馮 富榮","https://cssy.aasa.ac.jp/syllabusHtml/2026/1610/1610_264001-12_ja_JP.html"
"4469","前期","前期","月2","264001-13","基礎演習","藤井 真湖","https://cssy.aasa.ac.jp/syllabusHtml/2026/1610/1610_264001-13_ja_JP.html"
"4470","前期","前期","月2","264001-14","基礎演習","矢野 郁","https://cssy.aasa.ac.jp/syllabusHtml/2026/1610/1610_264001-14_ja_JP.html"
"4471","前期","前期","月1","264001-15","基礎演習","柳 朱燕","https://cssy.aasa.ac.jp/syllabusHtml/2026/1610/1610_264001-15_ja_JP.html"
"4472","前期","前期","月2","264001-16","基礎演習","板垣 武尊","https://cssy.aasa.ac.jp/syllabusHtml/2026/1610/1610_264001-16_ja_JP.html"
"4473","前期","前期","月1","264001-17","基礎演習","大堀 一至","https://cssy.aasa.ac.jp/syllabusHtml/2026/1610/1610_264001-17_ja_JP.html"
"4474","前期","前期","月2","264001-18","基礎演習","児玉 美由紀","https://cssy.aasa.ac.jp/syllabusHtml/2026/1610/1610_264001-18_ja_JP.html"
"4475","前期","前期","月3","264001-19","基礎演習","児玉 美由紀","https://cssy.aasa.ac.jp/syllabusHtml/2026/1610/1610_264001-19_ja_JP.html"
"4476","前期","前期","月2","264001-20","基礎演習","野口 洋平","https://cssy.aasa.ac.jp/syllabusHtml/2026/1610/1610_264001-20_ja_JP.html"
"4477","前期","前期","月3","264001-21","基礎演習","信川 景子","https://cssy.aasa.ac.jp/syllabusHtml/2026/1610/1610_264001-21_ja_JP.html"
"4478","前期","前期","月2","264001-22","基礎演習","林 大策","https://cssy.aasa.ac.jp/syllabusHtml/2026/1610/1610_264001-22_ja_JP.html"
"4479","前期","前期","月2","264001-23","基礎演習","前島 訓子","https://cssy.aasa.ac.jp/syllabusHtml/2026/1610/1610_264001-23_ja_JP.html"
"4480","前期","前期","月1","264001-24","基礎演習","若松 孝司","https://cssy.aasa.ac.jp/syllabusHtml/2026/1610/1610_264001-24_ja_JP.html"
"4481","前期","前期","金2","264002-01","交流文化演習1ａ","李 正子","https://cssy.aasa.ac.jp/syllabusHtml/2026/1610/1610_264002-01_ja_JP.html"
"4482","前期","前期","木2","264002-02","交流文化演習1ａ","太田 浩司","https://cssy.aasa.ac.jp/syllabusHtml/2026/1610/1610_264002-02_ja_JP.html"
"4483","前期","前期","月2","264002-03","交流文化演習1ａ","大野 清幸","https://cssy.aasa.ac.jp/syllabusHtml/2026/1610/1610_264002-03_ja_JP.html"
"4484","前期","前期","水4","264002-04","交流文化演習1ａ","胡 敏男","https://cssy.aasa.ac.jp/syllabusHtml/2026/1610/1610_264002-04_ja_JP.html"
"4485","前期","前期","水3","264002-05","交流文化演習1ａ","チョ スルソップ","https://cssy.aasa.ac.jp/syllabusHtml/2026/1610/1610_264002-05_ja_JP.html"
"4486","前期","前期","月2","264002-06","交流文化演習1ａ","TOFF Mika","https://cssy.aasa.ac.jp/syllabusHtml/2026/1610/1610_264002-06_ja_JP.html"
"4487","前期","前期","水1","264002-07","交流文化演習1ａ","董 梅香","https://cssy.aasa.ac.jp/syllabusHtml/2026/1610/1610_264002-07_ja_JP.html"
"4488","前期","前期","月3","264002-08","交流文化演習1ａ","馮 富榮","https://cssy.aasa.ac.jp/syllabusHtml/2026/1610/1610_264002-08_ja_JP.html"
"4489","前期","前期","火4","264002-09","交流文化演習1ａ","矢野 郁","https://cssy.aasa.ac.jp/syllabusHtml/2026/1610/1610_264002-09_ja_JP.html"
"4490","前期","前期","月3","264002-10","交流文化演習1ａ","山本 裕子","https://cssy.aasa.ac.jp/syllabusHtml/2026/1610/1610_264002-10_ja_JP.html"
"4491","前期","前期","木2","264002-11","交流文化演習1ａ","柳 朱燕","https://cssy.aasa.ac.jp/syllabusHtml/2026/1610/1610_264002-11_ja_JP.html"
"4492","前期","前期","木4","264002-12","交流文化演習1ａ","板垣 武尊","https://cssy.aasa.ac.jp/syllabusHtml/2026/1610/1610_264002-12_ja_JP.html"
"4493","前期","前期","火5","264002-13","交流文化演習1ａ","江嵜 那留穂","https://cssy.aasa.ac.jp/syllabusHtml/2026/1610/1610_264002-13_ja_JP.html"
"4494","前期","前期","水3","264002-14","交流文化演習1ａ","大堀 一至","https://cssy.aasa.ac.jp/syllabusHtml/2026/1610/1610_264002-14_ja_JP.html"
"4495","前期","前期","金4","264002-15","交流文化演習1ａ","佐藤 規祥","https://cssy.aasa.ac.jp/syllabusHtml/2026/1610/1610_264002-15_ja_JP.html"
"4496","前期","前期","火4","264002-16","交流文化演習1ａ","島津 侑希","https://cssy.aasa.ac.jp/syllabusHtml/2026/1610/1610_264002-16_ja_JP.html"
"4497","前期","前期","火4","264002-17","交流文化演習1ａ","杉本 一直","https://cssy.aasa.ac.jp/syllabusHtml/2026/1610/1610_264002-17_ja_JP.html"
"4498","前期","前期","火3","264002-18","交流文化演習1ａ","二文字屋 脩","https://cssy.aasa.ac.jp/syllabusHtml/2026/1610/1610_264002-18_ja_JP.html"
"4499","前期","前期","火3","264002-19","交流文化演習1ａ","野口 洋平","https://cssy.aasa.ac.jp/syllabusHtml/2026/1610/1610_264002-19_ja_JP.html"
"4500","前期","前期","月2","264002-20","交流文化演習1ａ","信川 景子","https://cssy.aasa.ac.jp/syllabusHtml/2026/1610/1610_264002-20_ja_JP.html"
"4501","前期","前期","火4","264002-21","交流文化演習1ａ","林 大策","https://cssy.aasa.ac.jp/syllabusHtml/2026/1610/1610_264002-21_ja_JP.html"
"4502","前期","前期","木2","264002-22","交流文化演習1ａ","藤井 真湖","https://cssy.aasa.ac.jp/syllabusHtml/2026/1610/1610_264002-22_ja_JP.html"
"4503","前期","前期","火3","264002-23","交流文化演習1ａ","前島 訓子","https://cssy.aasa.ac.jp/syllabusHtml/2026/1610/1610_264002-23_ja_JP.html"
"4504","前期","前期","月3","264002-24","交流文化演習1ａ","若松 孝司","https://cssy.aasa.ac.jp/syllabusHtml/2026/1610/1610_264002-24_ja_JP.html"
"4505","後期","後期","金2","264003-01","交流文化演習1ｂ","李 正子","https://cssy.aasa.ac.jp/syllabusHtml/2026/1610/1610_264003-01_ja_JP.html"
"4506","後期","後期","木2","264003-02","交流文化演習1ｂ","太田 浩司","https://cssy.aasa.ac.jp/syllabusHtml/2026/1610/1610_264003-02_ja_JP.html"
"4507","後期","後期","月2","264003-03","交流文化演習1ｂ","大野 清幸","https://cssy.aasa.ac.jp/syllabusHtml/2026/1610/1610_264003-03_ja_JP.html"
"4508","後期","後期","水2","264003-04","交流文化演習1ｂ","胡 敏男","https://cssy.aasa.ac.jp/syllabusHtml/2026/1610/1610_264003-04_ja_JP.html"
"4509","後期","後期","水3","264003-05","交流文化演習1ｂ","チョ スルソップ","https://cssy.aasa.ac.jp/syllabusHtml/2026/1610/1610_264003-05_ja_JP.html"
"4510","後期","後期","月2","264003-06","交流文化演習1ｂ","TOFF Mika","https://cssy.aasa.ac.jp/syllabusHtml/2026/1610/1610_264003-06_ja_JP.html"
"4511","後期","後期","月1","264003-07","交流文化演習1ｂ","董 梅香","https://cssy.aasa.ac.jp/syllabusHtml/2026/1610/1610_264003-07_ja_JP.html"
"4512","後期","後期","水4","264003-08","交流文化演習1ｂ","馮 富榮","https://cssy.aasa.ac.jp/syllabusHtml/2026/1610/1610_264003-08_ja_JP.html"
"4513","後期","後期","火4","264003-09","交流文化演習1ｂ","HALLIDAY Catherine R.","https://cssy.aasa.ac.jp/syllabusHtml/2026/1610/1610_264003-09_ja_JP.html"
"4514","後期","後期","火3","264003-10","交流文化演習1ｂ","山本 裕子","https://cssy.aasa.ac.jp/syllabusHtml/2026/1610/1610_264003-10_ja_JP.html"
"4515","後期","後期","木2","264003-11","交流文化演習1ｂ","柳 朱燕","https://cssy.aasa.ac.jp/syllabusHtml/2026/1610/1610_264003-11_ja_JP.html"
"4516","後期","後期","木4","264003-12","交流文化演習1ｂ","板垣 武尊","https://cssy.aasa.ac.jp/syllabusHtml/2026/1610/1610_264003-12_ja_JP.html"
"4517","後期","後期","火5","264003-13","交流文化演習1ｂ","江嵜 那留穂","https://cssy.aasa.ac.jp/syllabusHtml/2026/1610/1610_264003-13_ja_JP.html"
"4518","後期","後期","水1","264003-14","交流文化演習1ｂ","大堀 一至","https://cssy.aasa.ac.jp/syllabusHtml/2026/1610/1610_264003-14_ja_JP.html"
"4519","後期","後期","金4","264003-15","交流文化演習1ｂ","佐藤 規祥","https://cssy.aasa.ac.jp/syllabusHtml/2026/1610/1610_264003-15_ja_JP.html"
"4520","後期","後期","火4","264003-16","交流文化演習1ｂ","島津 侑希","https://cssy.aasa.ac.jp/syllabusHtml/2026/1610/1610_264003-16_ja_JP.html"
"4521","後期","後期","火4","264003-17","交流文化演習1ｂ","杉本 一直","https://cssy.aasa.ac.jp/syllabusHtml/2026/1610/1610_264003-17_ja_JP.html"
"4522","後期","後期","火3","264003-18","交流文化演習1ｂ","二文字屋 脩","https://cssy.aasa.ac.jp/syllabusHtml/2026/1610/1610_264003-18_ja_JP.html"
"4523","後期","後期","火3","264003-19","交流文化演習1ｂ","野口 洋平","https://cssy.aasa.ac.jp/syllabusHtml/2026/1610/1610_264003-19_ja_JP.html"
"4524","後期","後期","月2","264003-20","交流文化演習1ｂ","信川 景子","https://cssy.aasa.ac.jp/syllabusHtml/2026/1610/1610_264003-20_ja_JP.html"
"4525","後期","後期","火4","264003-21","交流文化演習1ｂ","林 大策","https://cssy.aasa.ac.jp/syllabusHtml/2026/1610/1610_264003-21_ja_JP.html"
"4526","後期","後期","木3","264003-22","交流文化演習1ｂ","藤井 真湖","https://cssy.aasa.ac.jp/syllabusHtml/2026/1610/1610_264003-22_ja_JP.html"
"4527","後期","後期","火3","264003-23","交流文化演習1ｂ","前島 訓子","https://cssy.aasa.ac.jp/syllabusHtml/2026/1610/1610_264003-23_ja_JP.html"
"4528","後期","後期","月2","264003-24","交流文化演習1ｂ","若松 孝司","https://cssy.aasa.ac.jp/syllabusHtml/2026/1610/1610_264003-24_ja_JP.html"
"4529","前期","前期","木2","264004-01","交流文化演習2ａ","李 正子","https://cssy.aasa.ac.jp/syllabusHtml/2026/1610/1610_264004-01_ja_JP.html"
"4530","前期","前期","水3","264004-02","交流文化演習2ａ","太田 浩司","https://cssy.aasa.ac.jp/syllabusHtml/2026/1610/1610_264004-02_ja_JP.html"
"4531","前期","前期","火3","264004-03","交流文化演習2ａ","大野 清幸","https://cssy.aasa.ac.jp/syllabusHtml/2026/1610/1610_264004-03_ja_JP.html"
"4532","前期","前期","木3","264004-04","交流文化演習2ａ","胡 敏男","https://cssy.aasa.ac.jp/syllabusHtml/2026/1610/1610_264004-04_ja_JP.html"
"4533","前期","前期","水1","264004-05","交流文化演習2ａ","チョ スルソップ","https://cssy.aasa.ac.jp/syllabusHtml/2026/1610/1610_264004-05_ja_JP.html"
"4534","前期","前期","火4","264004-06","交流文化演習2ａ","杜 英起","https://cssy.aasa.ac.jp/syllabusHtml/2026/1610/1610_264004-06_ja_JP.html"
"4535","前期","前期","火3","264004-07","交流文化演習2ａ","TOFF Mika","https://cssy.aasa.ac.jp/syllabusHtml/2026/1610/1610_264004-07_ja_JP.html"
"4536","前期","前期","水3","264004-08","交流文化演習2ａ","董 梅香","https://cssy.aasa.ac.jp/syllabusHtml/2026/1610/1610_264004-08_ja_JP.html"
"4537","前期","前期","火3","264004-09","交流文化演習2ａ","馮 富榮","https://cssy.aasa.ac.jp/syllabusHtml/2026/1610/1610_264004-09_ja_JP.html"
"4538","前期","前期","火3","264004-10","交流文化演習2ａ","矢野 郁","https://cssy.aasa.ac.jp/syllabusHtml/2026/1610/1610_264004-10_ja_JP.html"
"4539","前期","前期","木3","264004-11","交流文化演習2ａ","山本 裕子","https://cssy.aasa.ac.jp/syllabusHtml/2026/1610/1610_264004-11_ja_JP.html"
"4540","前期","前期","水2","264004-12","交流文化演習2ａ","柳 朱燕","https://cssy.aasa.ac.jp/syllabusHtml/2026/1610/1610_264004-12_ja_JP.html"
"4541","前期","前期","火4","264004-13","交流文化演習2ａ","江嵜 那留穂","https://cssy.aasa.ac.jp/syllabusHtml/2026/1610/1610_264004-13_ja_JP.html"
"4542","前期","前期","水2","264004-14","交流文化演習2ａ","大堀 一至","https://cssy.aasa.ac.jp/syllabusHtml/2026/1610/1610_264004-14_ja_JP.html"
"4543","前期","前期","木3","264004-15","交流文化演習2ａ","佐藤 規祥","https://cssy.aasa.ac.jp/syllabusHtml/2026/1610/1610_264004-15_ja_JP.html"
"4544","前期","前期","水4","264004-16","交流文化演習2ａ","島津 侑希","https://cssy.aasa.ac.jp/syllabusHtml/2026/1610/1610_264004-16_ja_JP.html"
"4545","前期","前期","水3","264004-17","交流文化演習2ａ","杉本 一直","https://cssy.aasa.ac.jp/syllabusHtml/2026/1610/1610_264004-17_ja_JP.html"
"4546","前期","前期","水1","264004-18","交流文化演習2ａ","二文字屋 脩","https://cssy.aasa.ac.jp/syllabusHtml/2026/1610/1610_264004-18_ja_JP.html"
"4547","前期","前期","火4","264004-19","交流文化演習2ａ","野口 洋平","https://cssy.aasa.ac.jp/syllabusHtml/2026/1610/1610_264004-19_ja_JP.html"
"4548","前期","前期","火4","264004-20","交流文化演習2ａ","信川 景子","https://cssy.aasa.ac.jp/syllabusHtml/2026/1610/1610_264004-20_ja_JP.html"
"4549","前期","前期","火3","264004-21","交流文化演習2ａ","林 大策","https://cssy.aasa.ac.jp/syllabusHtml/2026/1610/1610_264004-21_ja_JP.html"
"4550","前期","前期","木3","264004-22","交流文化演習2ａ","藤井 真湖","https://cssy.aasa.ac.jp/syllabusHtml/2026/1610/1610_264004-22_ja_JP.html"
"4551","前期","前期","火4","264004-23","交流文化演習2ａ","前島 訓子","https://cssy.aasa.ac.jp/syllabusHtml/2026/1610/1610_264004-23_ja_JP.html"
"4552","前期","前期","月2","264004-24","交流文化演習2ａ","若松 孝司","https://cssy.aasa.ac.jp/syllabusHtml/2026/1610/1610_264004-24_ja_JP.html"
"4553","後期","後期","木2","264005-01","交流文化演習2ｂ","李 正子","https://cssy.aasa.ac.jp/syllabusHtml/2026/1610/1610_264005-01_ja_JP.html"
"4554","後期","後期","水3","264005-02","交流文化演習2ｂ","太田 浩司","https://cssy.aasa.ac.jp/syllabusHtml/2026/1610/1610_264005-02_ja_JP.html"
"4555","後期","後期","火3","264005-03","交流文化演習2ｂ","大野 清幸","https://cssy.aasa.ac.jp/syllabusHtml/2026/1610/1610_264005-03_ja_JP.html"
"4556","後期","後期","火4","264005-04","交流文化演習2ｂ","胡 敏男","https://cssy.aasa.ac.jp/syllabusHtml/2026/1610/1610_264005-04_ja_JP.html"
"4557","後期","後期","水1","264005-05","交流文化演習2ｂ","チョ スルソップ","https://cssy.aasa.ac.jp/syllabusHtml/2026/1610/1610_264005-05_ja_JP.html"
"4558","後期","後期","火4","264005-06","交流文化演習2ｂ","杜 英起","https://cssy.aasa.ac.jp/syllabusHtml/2026/1610/1610_264005-06_ja_JP.html"
"4559","後期","後期","火3","264005-07","交流文化演習2ｂ","TOFF Mika","https://cssy.aasa.ac.jp/syllabusHtml/2026/1610/1610_264005-07_ja_JP.html"
"4560","後期","後期","水1","264005-08","交流文化演習2ｂ","董 梅香","https://cssy.aasa.ac.jp/syllabusHtml/2026/1610/1610_264005-08_ja_JP.html"
"4561","後期","後期","火3","264005-09","交流文化演習2ｂ","馮 富榮","https://cssy.aasa.ac.jp/syllabusHtml/2026/1610/1610_264005-09_ja_JP.html"
"4562","後期","後期","月2,3","264005-10","交流文化演習2ｂ","姚 瑶","https://cssy.aasa.ac.jp/syllabusHtml/2026/1610/1610_264005-10_ja_JP.html"
"4563","後期","後期","木3","264005-11","交流文化演習2ｂ","山本 裕子","https://cssy.aasa.ac.jp/syllabusHtml/2026/1610/1610_264005-11_ja_JP.html"
"4564","後期","後期","水2","264005-12","交流文化演習2ｂ","柳 朱燕","https://cssy.aasa.ac.jp/syllabusHtml/2026/1610/1610_264005-12_ja_JP.html"
"4565","後期","後期","火4","264005-13","交流文化演習2ｂ","江嵜 那留穂","https://cssy.aasa.ac.jp/syllabusHtml/2026/1610/1610_264005-13_ja_JP.html"
"4566","後期","後期","水2","264005-14","交流文化演習2ｂ","大堀 一至","https://cssy.aasa.ac.jp/syllabusHtml/2026/1610/1610_264005-14_ja_JP.html"
"4567","後期","後期","金5","264005-15","交流文化演習2ｂ","佐藤 規祥","https://cssy.aasa.ac.jp/syllabusHtml/2026/1610/1610_264005-15_ja_JP.html"
"4568","後期","後期","水4","264005-16","交流文化演習2ｂ","島津 侑希","https://cssy.aasa.ac.jp/syllabusHtml/2026/1610/1610_264005-16_ja_JP.html"
"4569","後期","後期","水3","264005-17","交流文化演習2ｂ","杉本 一直","https://cssy.aasa.ac.jp/syllabusHtml/2026/1610/1610_264005-17_ja_JP.html"
"4570","後期","後期","水1","264005-18","交流文化演習2ｂ","二文字屋 脩","https://cssy.aasa.ac.jp/syllabusHtml/2026/1610/1610_264005-18_ja_JP.html"
"4571","後期","後期","火4","264005-19","交流文化演習2ｂ","野口 洋平","https://cssy.aasa.ac.jp/syllabusHtml/2026/1610/1610_264005-19_ja_JP.html"
"4572","後期","後期","月3","264005-20","交流文化演習2ｂ","信川 景子","https://cssy.aasa.ac.jp/syllabusHtml/2026/1610/1610_264005-20_ja_JP.html"
"4573","後期","後期","火3","264005-21","交流文化演習2ｂ","林 大策","https://cssy.aasa.ac.jp/syllabusHtml/2026/1610/1610_264005-21_ja_JP.html"
"4574","後期","後期","月3","264005-22","交流文化演習2ｂ","藤井 真湖","https://cssy.aasa.ac.jp/syllabusHtml/2026/1610/1610_264005-22_ja_JP.html"
"4575","後期","後期","火4","264005-23","交流文化演習2ｂ","前島 訓子","https://cssy.aasa.ac.jp/syllabusHtml/2026/1610/1610_264005-23_ja_JP.html"
"4576","後期","後期","月3","264005-24","交流文化演習2ｂ","若松 孝司","https://cssy.aasa.ac.jp/syllabusHtml/2026/1610/1610_264005-24_ja_JP.html"
"4577","前期","前期","火4","264006-01","卒業プロジェクトa","李 正子","https://cssy.aasa.ac.jp/syllabusHtml/2026/1610/1610_264006-01_ja_JP.html"
"4578","前期","前期","火4","264006-02","卒業プロジェクトa","太田 浩司","https://cssy.aasa.ac.jp/syllabusHtml/2026/1610/1610_264006-02_ja_JP.html"
"4579","前期","前期","火4","264006-03","卒業プロジェクトa","大野 清幸","https://cssy.aasa.ac.jp/syllabusHtml/2026/1610/1610_264006-03_ja_JP.html"
"4580","前期","前期","火4","264006-04","卒業プロジェクトa","チョ スルソップ","https://cssy.aasa.ac.jp/syllabusHtml/2026/1610/1610_264006-04_ja_JP.html"
"4581","前期","前期","火3","264006-05","卒業プロジェクトa","杜 英起","https://cssy.aasa.ac.jp/syllabusHtml/2026/1610/1610_264006-05_ja_JP.html"
"4582","前期","前期","火4","264006-06","卒業プロジェクトa","TOFF Mika","https://cssy.aasa.ac.jp/syllabusHtml/2026/1610/1610_264006-06_ja_JP.html"
"4583","前期","前期","月1","264006-07","卒業プロジェクトa","董 梅香","https://cssy.aasa.ac.jp/syllabusHtml/2026/1610/1610_264006-07_ja_JP.html"
"4584","前期","前期","火4","264006-08","卒業プロジェクトa","馮 富榮","https://cssy.aasa.ac.jp/syllabusHtml/2026/1610/1610_264006-08_ja_JP.html"
"4585","前期","前期","水4","264006-09","卒業プロジェクトa","矢野 郁","https://cssy.aasa.ac.jp/syllabusHtml/2026/1610/1610_264006-09_ja_JP.html"
"4586","前期","前期","木4","264006-10","卒業プロジェクトa","山本 裕子","https://cssy.aasa.ac.jp/syllabusHtml/2026/1610/1610_264006-10_ja_JP.html"
"4587","前期","前期","火4","264006-11","卒業プロジェクトa","柳 朱燕","https://cssy.aasa.ac.jp/syllabusHtml/2026/1610/1610_264006-11_ja_JP.html"
"4588","前期","前期","火3","264006-12","卒業プロジェクトa","江嵜 那留穂","https://cssy.aasa.ac.jp/syllabusHtml/2026/1610/1610_264006-12_ja_JP.html"
"4589","前期","前期","水1","264006-13","卒業プロジェクトa","大堀 一至","https://cssy.aasa.ac.jp/syllabusHtml/2026/1610/1610_264006-13_ja_JP.html"
"4590","前期","前期","木4","264006-14","卒業プロジェクトa","佐藤 規祥","https://cssy.aasa.ac.jp/syllabusHtml/2026/1610/1610_264006-14_ja_JP.html"
"4591","前期","前期","木4","264006-15","卒業プロジェクトa","島津 侑希","https://cssy.aasa.ac.jp/syllabusHtml/2026/1610/1610_264006-15_ja_JP.html"
"4592","前期","前期","火3","264006-16","卒業プロジェクトa","杉本 一直","https://cssy.aasa.ac.jp/syllabusHtml/2026/1610/1610_264006-16_ja_JP.html"
"4593","前期","前期","火4","264006-17","卒業プロジェクトa","二文字屋 脩","https://cssy.aasa.ac.jp/syllabusHtml/2026/1610/1610_264006-17_ja_JP.html"
"4594","前期","前期","水3","264006-18","卒業プロジェクトa","信川 景子","https://cssy.aasa.ac.jp/syllabusHtml/2026/1610/1610_264006-18_ja_JP.html"
"4595","前期","前期","木1","264006-19","卒業プロジェクトa","野口 洋平","https://cssy.aasa.ac.jp/syllabusHtml/2026/1610/1610_264006-19_ja_JP.html"
"4596","前期","前期","木2","264006-20","卒業プロジェクトa","林 大策","https://cssy.aasa.ac.jp/syllabusHtml/2026/1610/1610_264006-20_ja_JP.html"
"4597","前期","前期","金3","264006-21","卒業プロジェクトa","藤井 真湖","https://cssy.aasa.ac.jp/syllabusHtml/2026/1610/1610_264006-21_ja_JP.html"
"4598","前期","前期","水3","264006-22","卒業プロジェクトa","前島 訓子","https://cssy.aasa.ac.jp/syllabusHtml/2026/1610/1610_264006-22_ja_JP.html"
"4599","前期","前期","火4","264006-23","卒業プロジェクトa","若松 孝司","https://cssy.aasa.ac.jp/syllabusHtml/2026/1610/1610_264006-23_ja_JP.html"
"4600","後期","後期","火4","264007-01","卒業プロジェクトb","李 正子","https://cssy.aasa.ac.jp/syllabusHtml/2026/1610/1610_264007-01_ja_JP.html"
"4601","後期","後期","火4","264007-02","卒業プロジェクトb","太田 浩司","https://cssy.aasa.ac.jp/syllabusHtml/2026/1610/1610_264007-02_ja_JP.html"
"4602","後期","後期","火4","264007-03","卒業プロジェクトb","大野 清幸","https://cssy.aasa.ac.jp/syllabusHtml/2026/1610/1610_264007-03_ja_JP.html"
"4603","後期","後期","火4","264007-04","卒業プロジェクトb","チョ スルソップ","https://cssy.aasa.ac.jp/syllabusHtml/2026/1610/1610_264007-04_ja_JP.html"
"4604","後期","後期","火3","264007-05","卒業プロジェクトb","杜 英起","https://cssy.aasa.ac.jp/syllabusHtml/2026/1610/1610_264007-05_ja_JP.html"
"4605","後期","後期","火4","264007-06","卒業プロジェクトb","TOFF Mika","https://cssy.aasa.ac.jp/syllabusHtml/2026/1610/1610_264007-06_ja_JP.html"
"4606","後期","後期","月4","264007-07","卒業プロジェクトb","董 梅香","https://cssy.aasa.ac.jp/syllabusHtml/2026/1610/1610_264007-07_ja_JP.html"
"4607","後期","後期","火4","264007-08","卒業プロジェクトb","馮 富榮","https://cssy.aasa.ac.jp/syllabusHtml/2026/1610/1610_264007-08_ja_JP.html"
"4608","後期","後期","水4","264007-09","卒業プロジェクトb","中村 晴香","https://cssy.aasa.ac.jp/syllabusHtml/2026/1610/1610_264007-09_ja_JP.html"
"4609","後期","後期","木4","264007-10","卒業プロジェクトb","山本 裕子","https://cssy.aasa.ac.jp/syllabusHtml/2026/1610/1610_264007-10_ja_JP.html"
"4610","後期","後期","火4","264007-11","卒業プロジェクトb","柳 朱燕","https://cssy.aasa.ac.jp/syllabusHtml/2026/1610/1610_264007-11_ja_JP.html"
"4611","後期","後期","水3","264007-12","卒業プロジェクトb","江嵜 那留穂","https://cssy.aasa.ac.jp/syllabusHtml/2026/1610/1610_264007-12_ja_JP.html"
"4612","後期","後期","水3","264007-13","卒業プロジェクトb","大堀 一至","https://cssy.aasa.ac.jp/syllabusHtml/2026/1610/1610_264007-13_ja_JP.html"
"4613","後期","後期","木4","264007-14","卒業プロジェクトb","佐藤 規祥","https://cssy.aasa.ac.jp/syllabusHtml/2026/1610/1610_264007-14_ja_JP.html"
"4614","後期","後期","木4","264007-15","卒業プロジェクトb","島津 侑希","https://cssy.aasa.ac.jp/syllabusHtml/2026/1610/1610_264007-15_ja_JP.html"
"4615","後期","後期","火3","264007-16","卒業プロジェクトb","杉本 一直","https://cssy.aasa.ac.jp/syllabusHtml/2026/1610/1610_264007-16_ja_JP.html"
"4616","後期","後期","火4","264007-17","卒業プロジェクトb","二文字屋 脩","https://cssy.aasa.ac.jp/syllabusHtml/2026/1610/1610_264007-17_ja_JP.html"
"4617","後期","後期","木1","264007-18","卒業プロジェクトb","野口 洋平","https://cssy.aasa.ac.jp/syllabusHtml/2026/1610/1610_264007-18_ja_JP.html"
"4618","後期","後期","水4","264007-19","卒業プロジェクトb","信川 景子","https://cssy.aasa.ac.jp/syllabusHtml/2026/1610/1610_264007-19_ja_JP.html"
"4619","後期","後期","木2","264007-20","卒業プロジェクトb","林 大策","https://cssy.aasa.ac.jp/syllabusHtml/2026/1610/1610_264007-20_ja_JP.html"
"4620","後期","後期","金3","264007-21","卒業プロジェクトb","藤井 真湖","https://cssy.aasa.ac.jp/syllabusHtml/2026/1610/1610_264007-21_ja_JP.html"
"4621","後期","後期","水3","264007-22","卒業プロジェクトb","前島 訓子","https://cssy.aasa.ac.jp/syllabusHtml/2026/1610/1610_264007-22_ja_JP.html"
"4622","後期","後期","火4","264007-23","卒業プロジェクトb","若松 孝司","https://cssy.aasa.ac.jp/syllabusHtml/2026/1610/1610_264007-23_ja_JP.html"
"4623","後期","後期","他","265002-01","キャリアデザイン(交流文化)","TOFF Mika 大野 清幸 馮 富榮 二村 慎一 若山 真幸 前島 訓子 高 飛 信川 景子","https://cssy.aasa.ac.jp/syllabusHtml/2026/1610/1610_265002-01_ja_JP.html"
"4624","後期","後期","他","265002-02","キャリアデザイン(交流文化)","二文字屋 脩 杉本 一直 藤井 真湖 若山 真幸 林 大策 前島 訓子 江嵜 那留穂 信川 景子 野口 洋平","https://cssy.aasa.ac.jp/syllabusHtml/2026/1610/1610_265002-02_ja_JP.html"
"4625","後期","後期","金1","266016-01","言語文化3(言語の意味)","中川 直志","https://cssy.aasa.ac.jp/syllabusHtml/2026/1610/1610_266016-01_ja_JP.html"
"4626","前期","前期","木1","266017-01","言語文化4(言語の習得)","大野 清幸","https://cssy.aasa.ac.jp/syllabusHtml/2026/1610/1610_266017-01_ja_JP.html"
"4627","後期","後期","木1","266017-02","言語文化4(言語の習得)","大野 清幸","https://cssy.aasa.ac.jp/syllabusHtml/2026/1610/1610_266017-02_ja_JP.html"
"4628","前期","前期","金1","266021-01","英文学","太田 直子","https://cssy.aasa.ac.jp/syllabusHtml/2026/1610/1610_266021-01_ja_JP.html"
"4629","後期","後期","木4","266022-01","英文学史","太田 直子","https://cssy.aasa.ac.jp/syllabusHtml/2026/1610/1610_266022-01_ja_JP.html"
"4630","後期","後期","火3","266046-01","地域文化8(オーストラリア)","GROVES Alison","https://cssy.aasa.ac.jp/syllabusHtml/2026/1610/1610_266046-01_ja_JP.html"
"4631","後期","後期","金2","266090-02","通訳ガイド入門","村田 久美子","https://cssy.aasa.ac.jp/syllabusHtml/2026/1610/1610_266090-02_ja_JP.html"
"4632","後期","後期","月3","266097-01","フィールドワーク論","二文字屋 脩","https://cssy.aasa.ac.jp/syllabusHtml/2026/1610/1610_266097-01_ja_JP.html"
"4633","前期","前期","木3","266098-01","地理学","山本 晴奈","https://cssy.aasa.ac.jp/syllabusHtml/2026/1610/1610_266098-01_ja_JP.html"
"4634","後期","後期","木3","266098-02","地理学","山本 晴奈","https://cssy.aasa.ac.jp/syllabusHtml/2026/1610/1610_266098-02_ja_JP.html"
"4635","前期","前期","木4","266099-01","地誌学","山本 晴奈","https://cssy.aasa.ac.jp/syllabusHtml/2026/1610/1610_266099-01_ja_JP.html"
"4636","後期","後期","木4","266099-02","地誌学","山本 晴奈","https://cssy.aasa.ac.jp/syllabusHtml/2026/1610/1610_266099-02_ja_JP.html"
"4637","後期","後期","他","266218-02","エアラインスクール","外部講師(JAL)","https://cssy.aasa.ac.jp/syllabusHtml/2026/1610/1610_266218-02_ja_JP.html"
"4638","前期","前期","月4","267002-01","日本語教育入門","宮口 徹也","https://cssy.aasa.ac.jp/syllabusHtml/2026/1610/1610_267002-01_ja_JP.html"
"4639","後期","後期","月4","267002-02","日本語教育入門","宮口 徹也","https://cssy.aasa.ac.jp/syllabusHtml/2026/1610/1610_267002-02_ja_JP.html"
"4640","前期","前期","水1","267009-01","言語文化5(第2言語習得論)","柳 朱燕","https://cssy.aasa.ac.jp/syllabusHtml/2026/1610/1610_267009-01_ja_JP.html"
"4641","後期","後期","月2","267010-01","韓国・朝鮮文学","チョ スルソップ","https://cssy.aasa.ac.jp/syllabusHtml/2026/1610/1610_267010-01_ja_JP.html"
"4642","前期","前期","水2","267011-01","コミュニケーション論2(ことばとコミュニケーション)","浅田 秀子","https://cssy.aasa.ac.jp/syllabusHtml/2026/1610/1610_267011-01_ja_JP.html"
"4643","後期","後期","水3","267011-02","コミュニケーション論2(ことばとコミュニケーション)","浅田 秀子","https://cssy.aasa.ac.jp/syllabusHtml/2026/1610/1610_267011-02_ja_JP.html"
"4644","前期","前期","木1","267012-01","コミュニケーション論3(ノンバーバル)","野口 朋香","https://cssy.aasa.ac.jp/syllabusHtml/2026/1610/1610_267012-01_ja_JP.html"
"4645","後期","後期","木1","267012-02","コミュニケーション論3(ノンバーバル)","野口 朋香","https://cssy.aasa.ac.jp/syllabusHtml/2026/1610/1610_267012-02_ja_JP.html"
"4646","前期","前期","月2","267013-01","コミュニケーション論4(インター・カルチャー)","半井 尚美","https://cssy.aasa.ac.jp/syllabusHtml/2026/1610/1610_267013-01_ja_JP.html"
"4647","後期","後期","月2","267013-02","コミュニケーション論4(インター・カルチャー)","半井 尚美","https://cssy.aasa.ac.jp/syllabusHtml/2026/1610/1610_267013-02_ja_JP.html"
"4648","前期","前期","金1","267019-01","地域文化9(中東史)","古川 桂","https://cssy.aasa.ac.jp/syllabusHtml/2026/1610/1610_267019-01_ja_JP.html"
"4649","前期","前期","水2","267020-01","地域文化11(文化と宗教)","前島 訓子","https://cssy.aasa.ac.jp/syllabusHtml/2026/1610/1610_267020-01_ja_JP.html"
"4650","後期","後期","月4","267022-01","地域文化12(食文化)","野田 雅子","https://cssy.aasa.ac.jp/syllabusHtml/2026/1610/1610_267022-01_ja_JP.html"
"4651","後期","後期","月1","267023-01","歴史学3(アジア史)","二文字屋 脩","https://cssy.aasa.ac.jp/syllabusHtml/2026/1610/1610_267023-01_ja_JP.html"
"4652","後期","後期","木4","267024-01","歴史学4(欧米現代史)","若松 孝司","https://cssy.aasa.ac.jp/syllabusHtml/2026/1610/1610_267024-01_ja_JP.html"
"4653","後期","後期","火2","267026-01","歴史学5(日本政治外交史)","伊藤 真希","https://cssy.aasa.ac.jp/syllabusHtml/2026/1610/1610_267026-01_ja_JP.html"
"4654","後期","後期","水1","267028-01","交流文化4(多文化共生)","江嵜 那留穂","https://cssy.aasa.ac.jp/syllabusHtml/2026/1610/1610_267028-01_ja_JP.html"
"4655","前期","前期","木4","267029-01","交流文化5(南北問題)","若松 孝司","https://cssy.aasa.ac.jp/syllabusHtml/2026/1610/1610_267029-01_ja_JP.html"
"4656","後期","後期","木2","267030-01","交流文化6(国際機構)","若松 孝司","https://cssy.aasa.ac.jp/syllabusHtml/2026/1610/1610_267030-01_ja_JP.html"
"4657","前期","前期","月3","267033-01","交流文化8(エスニシティ論)","藤井 真湖","https://cssy.aasa.ac.jp/syllabusHtml/2026/1610/1610_267033-01_ja_JP.html"
"4658","後期","後期","金2","267033-02","交流文化8(エスニシティ論)","藤井 真湖","https://cssy.aasa.ac.jp/syllabusHtml/2026/1610/1610_267033-02_ja_JP.html"
"4659","前期","前期","月4","267034-01","交流文化9(東アジア国際関係論)","楊 アラム","https://cssy.aasa.ac.jp/syllabusHtml/2026/1610/1610_267034-01_ja_JP.html"
"4660","後期","後期","月4","267034-02","交流文化9(東アジア国際関係論)","楊 アラム","https://cssy.aasa.ac.jp/syllabusHtml/2026/1610/1610_267034-02_ja_JP.html"
"4661","前期","前期","金1","267035-01","交流文化10(国際政治経済事情)","大橋 陽","https://cssy.aasa.ac.jp/syllabusHtml/2026/1610/1610_267035-01_ja_JP.html"
"4662","後期","後期","金1","267035-02","交流文化10(国際政治経済事情)","伊藤 カンナ","https://cssy.aasa.ac.jp/syllabusHtml/2026/1610/1610_267035-02_ja_JP.html"
"4663","後期","後期","水3","267040-01","観光産業2(観光ビジネス論)","信川 景子","https://cssy.aasa.ac.jp/syllabusHtml/2026/1610/1610_267040-01_ja_JP.html"
"4664","前期","前期","火4","267042-01","観光産業4(観光産業論)","大堀 一至","https://cssy.aasa.ac.jp/syllabusHtml/2026/1610/1610_267042-01_ja_JP.html"
"4665","後期","後期","月3","267042-02","観光産業4(観光産業論)","大堀 一至","https://cssy.aasa.ac.jp/syllabusHtml/2026/1610/1610_267042-02_ja_JP.html"
"4666","前期","前期","水3","267043-01","観光産業5(観光政策論)","板垣 武尊","https://cssy.aasa.ac.jp/syllabusHtml/2026/1610/1610_267043-01_ja_JP.html"
"4667","後期","後期","水3","267043-02","観光産業5(観光政策論)","板垣 武尊","https://cssy.aasa.ac.jp/syllabusHtml/2026/1610/1610_267043-02_ja_JP.html"
"4668","後期","後期","水1","267044-01","観光産業6(観光マーケティング論)","野口 洋平","https://cssy.aasa.ac.jp/syllabusHtml/2026/1610/1610_267044-01_ja_JP.html"
"4669","後期","後期","火4","267045-01","観光産業7(旅行業務論)","大堀 一至","https://cssy.aasa.ac.jp/syllabusHtml/2026/1610/1610_267045-01_ja_JP.html"
"4670","前期","前期","水4","267046-01","観光産業8(リスクマネジメント論)","吉村 伸一","https://cssy.aasa.ac.jp/syllabusHtml/2026/1610/1610_267046-01_ja_JP.html"
"4671","後期","後期","水4","267046-02","観光産業8(リスクマネジメント論)","吉村 伸一","https://cssy.aasa.ac.jp/syllabusHtml/2026/1610/1610_267046-02_ja_JP.html"
"4672","前期","前期","月3","267048-01","観光文化3(観光社会学)","前島 訓子","https://cssy.aasa.ac.jp/syllabusHtml/2026/1610/1610_267048-01_ja_JP.html"
"4673","後期","後期","月3","267048-02","観光文化3(観光社会学)","前島 訓子","https://cssy.aasa.ac.jp/syllabusHtml/2026/1610/1610_267048-02_ja_JP.html"
"4674","前期","前期","火3","267049-01","観光文化4(ホスピタリティ論)","信川 景子","https://cssy.aasa.ac.jp/syllabusHtml/2026/1610/1610_267049-01_ja_JP.html"
"4675","後期","後期","火4","267049-02","観光文化4(ホスピタリティ論)","信川 景子","https://cssy.aasa.ac.jp/syllabusHtml/2026/1610/1610_267049-02_ja_JP.html"
"4676","前期","前期","水1","267050-01","観光文化5(コミュニティデザイン)","外部講師(ナゴノダナバンク)","https://cssy.aasa.ac.jp/syllabusHtml/2026/1610/1610_267050-01_ja_JP.html"
"4677","後期","後期","月2","267051-01","観光文化6(観光まちづくり論)","林 大策","https://cssy.aasa.ac.jp/syllabusHtml/2026/1610/1610_267051-01_ja_JP.html"
"4678","前期","前期","金3","267053-01","世界遺産論(初級)","外部講師(世界遺産アカデミー)","https://cssy.aasa.ac.jp/syllabusHtml/2026/1610/1610_267053-01_ja_JP.html"
"4679","後期","後期","金3","267053-02","世界遺産論(初級)","外部講師(世界遺産アカデミー)","https://cssy.aasa.ac.jp/syllabusHtml/2026/1610/1610_267053-02_ja_JP.html"
"4680","前期","前期","金4","267054-01","世界遺産論(中級)","外部講師(世界遺産アカデミー)","https://cssy.aasa.ac.jp/syllabusHtml/2026/1610/1610_267054-01_ja_JP.html"
"4681","後期","後期","金4","267054-02","世界遺産論(中級)","外部講師(世界遺産アカデミー)","https://cssy.aasa.ac.jp/syllabusHtml/2026/1610/1610_267054-02_ja_JP.html"
"4682","前期","前期","水3","267061-01","ELS3 (Current English 1)","大門 樹久世","https://cssy.aasa.ac.jp/syllabusHtml/2026/1610/1610_267061-01_ja_JP.html"
"4683","前期","前期","水4","267061-02","ELS3 (Current English 1)","大門 樹久世","https://cssy.aasa.ac.jp/syllabusHtml/2026/1610/1610_267061-02_ja_JP.html"
"4684","後期","後期","水3","267062-01","ELS4 (Current English 2)","大門 樹久世","https://cssy.aasa.ac.jp/syllabusHtml/2026/1610/1610_267062-01_ja_JP.html"
"4685","後期","後期","水4","267062-02","ELS4 (Current English 2)","大門 樹久世","https://cssy.aasa.ac.jp/syllabusHtml/2026/1610/1610_267062-02_ja_JP.html"
"4686","後期","後期","金2","267064-01","ELS6 (Speed Reading)","日沖 直子","https://cssy.aasa.ac.jp/syllabusHtml/2026/1610/1610_267064-01_ja_JP.html"
"4687","後期","後期","金3","267064-02","ELS6 (Speed Reading)","日沖 直子","https://cssy.aasa.ac.jp/syllabusHtml/2026/1610/1610_267064-02_ja_JP.html"
"4688","前期","前期","水4","267065-01","ケーススタディ言語4(Life Writing)","TOFF Mika","https://cssy.aasa.ac.jp/syllabusHtml/2026/1610/1610_267065-01_ja_JP.html"
"4689","後期","後期","水4","267065-02","ケーススタディ言語4(Life Writing)","TOFF Mika","https://cssy.aasa.ac.jp/syllabusHtml/2026/1610/1610_267065-02_ja_JP.html"
"4690","後期","後期","水2","267066-01","ELS7 (Business Writing)","TOFF Mika","https://cssy.aasa.ac.jp/syllabusHtml/2026/1610/1610_267066-01_ja_JP.html"
"4691","前期","前期","月3","267070-01","ECS3 (Content Based Communication 1)","GALLACHER Iain S.","https://cssy.aasa.ac.jp/syllabusHtml/2026/1610/1610_267070-01_ja_JP.html"
"4692","前期","前期","火4","267070-02","ECS3 (Content Based Communication 1)","CAPITIN－PRINCIPE Abigail B.","https://cssy.aasa.ac.jp/syllabusHtml/2026/1610/1610_267070-02_ja_JP.html"
"4693","前期","前期","金2","267070-03","ECS3 (Content Based Communication 1)","ROBINS Anthony C.","https://cssy.aasa.ac.jp/syllabusHtml/2026/1610/1610_267070-03_ja_JP.html"
"4694","後期","後期","月3","267071-01","ECS4 (Content Based Communication 2)","GALLACHER Iain S.","https://cssy.aasa.ac.jp/syllabusHtml/2026/1610/1610_267071-01_ja_JP.html"
"4695","後期","後期","月4","267071-02","ECS4 (Content Based Communication 2)","GALLACHER Iain S.","https://cssy.aasa.ac.jp/syllabusHtml/2026/1610/1610_267071-02_ja_JP.html"
"4696","後期","後期","火2","267071-03","ECS4 (Content Based Communication 2)","CAPITIN－PRINCIPE Abigail B.","https://cssy.aasa.ac.jp/syllabusHtml/2026/1610/1610_267071-03_ja_JP.html"
"4697","後期","後期","木3","267071-04","ECS4 (Content Based Communication 2)","CAPITIN－PRINCIPE Abigail B.","https://cssy.aasa.ac.jp/syllabusHtml/2026/1610/1610_267071-04_ja_JP.html"
"4698","前期","前期","水2","267072-01","ECS5 (Oral Interpretation)","MURRAY Aya","https://cssy.aasa.ac.jp/syllabusHtml/2026/1610/1610_267072-01_ja_JP.html"
"4699","後期","後期","水2","267073-01","ECS6 (Readers Theater)","MURRAY Aya","https://cssy.aasa.ac.jp/syllabusHtml/2026/1610/1610_267073-01_ja_JP.html"
"4700","前期","前期","火2","267074-01","ECS7 (Presentation 1)","HSU Linda","https://cssy.aasa.ac.jp/syllabusHtml/2026/1610/1610_267074-01_ja_JP.html"
"4701","前期","前期","火3","267074-02","ECS7 (Presentation 1)","HSU Linda","https://cssy.aasa.ac.jp/syllabusHtml/2026/1610/1610_267074-02_ja_JP.html"
"4702","後期","後期","火2","267075-01","ECS8 (Presentation 2)","HSU Linda","https://cssy.aasa.ac.jp/syllabusHtml/2026/1610/1610_267075-01_ja_JP.html"
"4703","後期","後期","火3","267075-02","ECS8 (Presentation 2)","HSU Linda","https://cssy.aasa.ac.jp/syllabusHtml/2026/1610/1610_267075-02_ja_JP.html"
"4704","前期","前期","月3","267076-01","ECS9 (Dramatic Expression 1)","矢野 郁","https://cssy.aasa.ac.jp/syllabusHtml/2026/1610/1610_267076-01_ja_JP.html"
"4705","後期","後期","月3","267077-01","ECS10 (Dramatic Expression 2)","HALLIDAY Catherine R.","https://cssy.aasa.ac.jp/syllabusHtml/2026/1610/1610_267077-01_ja_JP.html"
"4706","前期","前期","金1","267078-01","ECS11 (Interpretation 1)","松見 誌野","https://cssy.aasa.ac.jp/syllabusHtml/2026/1610/1610_267078-01_ja_JP.html"
"4707","後期","後期","金1","267079-01","ECS12 (Interpretation 2)","松見 誌野","https://cssy.aasa.ac.jp/syllabusHtml/2026/1610/1610_267079-01_ja_JP.html"
"4708","前期","前期","金1","267080-01","ECS13 (Translation 1)","亀山 太一","https://cssy.aasa.ac.jp/syllabusHtml/2026/1610/1610_267080-01_ja_JP.html"
"4709","後期","後期","金1","267081-01","ECS14 (Translation 2)","亀山 太一","https://cssy.aasa.ac.jp/syllabusHtml/2026/1610/1610_267081-01_ja_JP.html"
"4710","後期","後期","木5","267084-01","ECS15 (Script Writing)","MILLER Adam L.","https://cssy.aasa.ac.jp/syllabusHtml/2026/1610/1610_267084-01_ja_JP.html"
"4711","前期","前期","木2","267085-01","CLS7(中国語作文)","青山 愛","https://cssy.aasa.ac.jp/syllabusHtml/2026/1610/1610_267085-01_ja_JP.html"
"4712","前期","前期","木3","267085-02","CLS7(中国語作文)","何 龍","https://cssy.aasa.ac.jp/syllabusHtml/2026/1610/1610_267085-02_ja_JP.html"
"4713","後期","後期","月3","267085-03","CLS7(中国語作文)","胡 敏男","https://cssy.aasa.ac.jp/syllabusHtml/2026/1610/1610_267085-03_ja_JP.html"
"4714","後期","後期","木2","267085-04","CLS7(中国語作文)","青山 愛","https://cssy.aasa.ac.jp/syllabusHtml/2026/1610/1610_267085-04_ja_JP.html"
"4715","後期","後期","木1","267086-02","CLS8(中国語翻訳)","王 俊 董 梅香 チョウ ケイニ","https://cssy.aasa.ac.jp/syllabusHtml/2026/1610/1610_267086-02_ja_JP.html"
"4716","前期","前期","火1","267087-01","CLS8(ビジネス中国語)","張 勤","https://cssy.aasa.ac.jp/syllabusHtml/2026/1610/1610_267087-01_ja_JP.html"
"4717","後期","後期","火1","267087-02","CLS8(ビジネス中国語)","張 勤","https://cssy.aasa.ac.jp/syllabusHtml/2026/1610/1610_267087-02_ja_JP.html"
"4718","後期","後期","金4","267088-01","CLS10(ビジネス中国語②)","馬 麗梅","https://cssy.aasa.ac.jp/syllabusHtml/2026/1610/1610_267088-01_ja_JP.html"
"4719","後期","後期","木1","267089-02","CLS11(中国語多読)","馮 富榮 高 飛 何 龍","https://cssy.aasa.ac.jp/syllabusHtml/2026/1610/1610_267089-02_ja_JP.html"
"4720","前期","前期","月1,水3","267090-01","CCS3(実践的中国語①)","高 飛 チョウ ケイニ","https://cssy.aasa.ac.jp/syllabusHtml/2026/1610/1610_267090-01_ja_JP.html"
"4721","前期","前期","月2,水4","267090-02","CCS3(実践的中国語①)","董 梅香","https://cssy.aasa.ac.jp/syllabusHtml/2026/1610/1610_267090-02_ja_JP.html"
"4722","前期","前期","月3,水2","267090-03","CCS3(実践的中国語①)","董 梅香","https://cssy.aasa.ac.jp/syllabusHtml/2026/1610/1610_267090-03_ja_JP.html"
"4723","前期","前期","火3,木4","267090-04","CCS3(実践的中国語①)","高 飛","https://cssy.aasa.ac.jp/syllabusHtml/2026/1610/1610_267090-04_ja_JP.html"
"4724","後期","後期","月2,水3","267090-05","CCS3(実践的中国語①)","蘇 雪蓮","https://cssy.aasa.ac.jp/syllabusHtml/2026/1610/1610_267090-05_ja_JP.html"
"4725","後期","後期","月1,水1","267091-01","CCS4(実践的中国語②)","チョウ ケイニ","https://cssy.aasa.ac.jp/syllabusHtml/2026/1610/1610_267091-01_ja_JP.html"
"4726","後期","後期","月2,水4","267091-02","CCS4(実践的中国語②)","董 梅香","https://cssy.aasa.ac.jp/syllabusHtml/2026/1610/1610_267091-02_ja_JP.html"
"4727","後期","後期","月3,水2","267091-03","CCS4(実践的中国語②)","董 梅香","https://cssy.aasa.ac.jp/syllabusHtml/2026/1610/1610_267091-03_ja_JP.html"
"4728","後期","後期","火3,木4","267091-04","CCS4(実践的中国語②)","高 飛","https://cssy.aasa.ac.jp/syllabusHtml/2026/1610/1610_267091-04_ja_JP.html"
"4729","前期","前期","金1","267092-01","CCS5(動画中国語①)","胡 敏男","https://cssy.aasa.ac.jp/syllabusHtml/2026/1610/1610_267092-01_ja_JP.html"
"4730","前期","前期","金2","267092-02","CCS5(動画中国語①)","胡 敏男","https://cssy.aasa.ac.jp/syllabusHtml/2026/1610/1610_267092-02_ja_JP.html"
"4731","前期","前期","金3","267092-03","CCS5(動画中国語①)","何 龍","https://cssy.aasa.ac.jp/syllabusHtml/2026/1610/1610_267092-03_ja_JP.html"
"4732","前期","前期","金4","267092-04","CCS5(動画中国語①)","何 龍","https://cssy.aasa.ac.jp/syllabusHtml/2026/1610/1610_267092-04_ja_JP.html"
"4733","後期","後期","木2","267092-05","CCS5(動画中国語①)","何 龍","https://cssy.aasa.ac.jp/syllabusHtml/2026/1610/1610_267092-05_ja_JP.html"
"4734","後期","後期","金1","267093-01","CCS6(動画中国語②)","胡 敏男","https://cssy.aasa.ac.jp/syllabusHtml/2026/1610/1610_267093-01_ja_JP.html"
"4735","後期","後期","金2","267093-02","CCS6(動画中国語②)","胡 敏男","https://cssy.aasa.ac.jp/syllabusHtml/2026/1610/1610_267093-02_ja_JP.html"
"4736","後期","後期","金3","267093-03","CCS6(動画中国語②)","何 龍","https://cssy.aasa.ac.jp/syllabusHtml/2026/1610/1610_267093-03_ja_JP.html"
"4737","後期","後期","金4","267093-04","CCS6(動画中国語②)","何 龍","https://cssy.aasa.ac.jp/syllabusHtml/2026/1610/1610_267093-04_ja_JP.html"
"4738","前期","前期","水2,金1","267094-01","CCS7(実践的中国語③)","何 龍","https://cssy.aasa.ac.jp/syllabusHtml/2026/1610/1610_267094-01_ja_JP.html"
"4739","前期","前期","水3,金2","267094-02","CCS7(実践的中国語③)","何 龍","https://cssy.aasa.ac.jp/syllabusHtml/2026/1610/1610_267094-02_ja_JP.html"
"4740","前期","前期","火3,木2","267094-03","CCS7(実践的中国語③)","胡 敏男","https://cssy.aasa.ac.jp/syllabusHtml/2026/1610/1610_267094-03_ja_JP.html"
"4741","後期","後期","水2,金1","267095-01","CCS8(実践的中国語④)","何 龍","https://cssy.aasa.ac.jp/syllabusHtml/2026/1610/1610_267095-01_ja_JP.html"
"4742","後期","後期","水3,金2","267095-02","CCS8(実践的中国語④)","何 龍","https://cssy.aasa.ac.jp/syllabusHtml/2026/1610/1610_267095-02_ja_JP.html"
"4743","後期","後期","火3,木2","267095-03","CCS8(実践的中国語④)","胡 敏男","https://cssy.aasa.ac.jp/syllabusHtml/2026/1610/1610_267095-03_ja_JP.html"
"4744","前期","前期","水4","267096-01","CCS9(動画中国語③)","何 龍","https://cssy.aasa.ac.jp/syllabusHtml/2026/1610/1610_267096-01_ja_JP.html"
"4745","前期","前期","水4","267096-02","CCS9(動画中国語③)","王 俊","https://cssy.aasa.ac.jp/syllabusHtml/2026/1610/1610_267096-02_ja_JP.html"
"4746","前期","前期","木4","267096-03","CCS9(動画中国語③)","胡 敏男","https://cssy.aasa.ac.jp/syllabusHtml/2026/1610/1610_267096-03_ja_JP.html"
"4747","後期","後期","水4","267097-01","CCS10(動画中国語④)","何 龍","https://cssy.aasa.ac.jp/syllabusHtml/2026/1610/1610_267097-01_ja_JP.html"
"4748","後期","後期","水4","267097-02","CCS10(動画中国語④)","胡 敏男","https://cssy.aasa.ac.jp/syllabusHtml/2026/1610/1610_267097-02_ja_JP.html"
"4749","後期","後期","木3","267097-03","CCS10(動画中国語④)","胡 敏男","https://cssy.aasa.ac.jp/syllabusHtml/2026/1610/1610_267097-03_ja_JP.html"
"4750","前期","前期","火3","267098-01","CCS11(中国語プレゼンテーション)","徐 春陽","https://cssy.aasa.ac.jp/syllabusHtml/2026/1610/1610_267098-01_ja_JP.html"
"4751","前期","前期","火4","267098-02","CCS11(中国語プレゼンテーション)","徐 春陽","https://cssy.aasa.ac.jp/syllabusHtml/2026/1610/1610_267098-02_ja_JP.html"
"4752","前期","前期","金1","267098-03","CCS11(中国語プレゼンテーション)","馬 麗梅","https://cssy.aasa.ac.jp/syllabusHtml/2026/1610/1610_267098-03_ja_JP.html"
"4753","後期","後期","火3","267098-04","CCS11(中国語プレゼンテーション)","徐 春陽","https://cssy.aasa.ac.jp/syllabusHtml/2026/1610/1610_267098-04_ja_JP.html"
"4754","後期","後期","水1","267100-02","CCS13(トピック中国語)","曹 志偉","https://cssy.aasa.ac.jp/syllabusHtml/2026/1610/1610_267100-02_ja_JP.html"
"4755","前期","前期","月1,木3","267101-01","KBS1(韓国・朝鮮語入門A)","金 恩貞","https://cssy.aasa.ac.jp/syllabusHtml/2026/1610/1610_267101-01_ja_JP.html"
"4756","前期","前期","月2,木4","267101-02","KBS1(韓国・朝鮮語入門A)","柳 朱燕","https://cssy.aasa.ac.jp/syllabusHtml/2026/1610/1610_267101-02_ja_JP.html"
"4757","前期","前期","月2,木4","267101-03","KBS1(韓国・朝鮮語入門A)","金 恩貞","https://cssy.aasa.ac.jp/syllabusHtml/2026/1610/1610_267101-03_ja_JP.html"
"4758","前期","前期","月2,木4","267101-04","KBS1(韓国・朝鮮語入門A)","梁 勝奎","https://cssy.aasa.ac.jp/syllabusHtml/2026/1610/1610_267101-04_ja_JP.html"
"4759","前期","前期","月2,木4","267101-05","KBS1(韓国・朝鮮語入門A)","李 正子","https://cssy.aasa.ac.jp/syllabusHtml/2026/1610/1610_267101-05_ja_JP.html"
"4760","前期","前期","月3,木1","267101-06","KBS1(韓国・朝鮮語入門A)","梁 勝奎","https://cssy.aasa.ac.jp/syllabusHtml/2026/1610/1610_267101-06_ja_JP.html"
"4761","前期","前期","火1,木3","267101-07","KBS1(韓国・朝鮮語入門A)","柳 朱燕","https://cssy.aasa.ac.jp/syllabusHtml/2026/1610/1610_267101-07_ja_JP.html"
"4762","前期","前期","火3,金1","267101-08","KBS1(韓国・朝鮮語入門A)","李 正子","https://cssy.aasa.ac.jp/syllabusHtml/2026/1610/1610_267101-08_ja_JP.html"
"4763","後期","後期","月2,木4","267101-09","KBS1(韓国・朝鮮語入門A)","金 恩貞","https://cssy.aasa.ac.jp/syllabusHtml/2026/1610/1610_267101-09_ja_JP.html"
"4764","後期","後期","月3,木1","267101-10","KBS1(韓国・朝鮮語入門A)","梁 勝奎","https://cssy.aasa.ac.jp/syllabusHtml/2026/1610/1610_267101-10_ja_JP.html"
"4765","後期","後期","火3,金1","267101-11","KBS1(韓国・朝鮮語入門A)","李 正子","https://cssy.aasa.ac.jp/syllabusHtml/2026/1610/1610_267101-11_ja_JP.html"
"4766","前期","前期","木1","267102-01","KBS2(韓国・朝鮮語入門B)","金 恩貞","https://cssy.aasa.ac.jp/syllabusHtml/2026/1610/1610_267102-01_ja_JP.html"
"4767","前期","前期","木1","267102-02","KBS2(韓国・朝鮮語入門B)","金 奈淑","https://cssy.aasa.ac.jp/syllabusHtml/2026/1610/1610_267102-02_ja_JP.html"
"4768","前期","前期","木1","267102-03","KBS2(韓国・朝鮮語入門B)","宮本 桃子","https://cssy.aasa.ac.jp/syllabusHtml/2026/1610/1610_267102-03_ja_JP.html"
"4769","前期","前期","木2","267102-04","KBS2(韓国・朝鮮語入門B)","宮本 桃子","https://cssy.aasa.ac.jp/syllabusHtml/2026/1610/1610_267102-04_ja_JP.html"
"4770","前期","前期","木2","267102-05","KBS2(韓国・朝鮮語入門B)","金 恩貞","https://cssy.aasa.ac.jp/syllabusHtml/2026/1610/1610_267102-05_ja_JP.html"
"4771","前期","前期","木2","267102-06","KBS2(韓国・朝鮮語入門B)","金 奈淑","https://cssy.aasa.ac.jp/syllabusHtml/2026/1610/1610_267102-06_ja_JP.html"
"4772","前期","前期","他","267102-07","KBS2(韓国・朝鮮語入門B)","チョ スルソップ","https://cssy.aasa.ac.jp/syllabusHtml/2026/1610/1610_267102-07_ja_JP.html"
"4773","後期","後期","木1","267102-08","KBS2(韓国・朝鮮語入門B)","金 奈淑","https://cssy.aasa.ac.jp/syllabusHtml/2026/1610/1610_267102-08_ja_JP.html"
"4774","後期","後期","木1","267102-09","KBS2(韓国・朝鮮語入門B)","宮本 桃子","https://cssy.aasa.ac.jp/syllabusHtml/2026/1610/1610_267102-09_ja_JP.html"
"4775","後期","後期","木2","267102-10","KBS2(韓国・朝鮮語入門B)","金 奈淑","https://cssy.aasa.ac.jp/syllabusHtml/2026/1610/1610_267102-10_ja_JP.html"
"4776","後期","後期","他","267102-11","KBS2(韓国・朝鮮語入門B)","チョ スルソップ","https://cssy.aasa.ac.jp/syllabusHtml/2026/1610/1610_267102-11_ja_JP.html"
"4777","前期","前期","月3","267103-01","KBS3(映像と韓国語)","李 正子","https://cssy.aasa.ac.jp/syllabusHtml/2026/1610/1610_267103-01_ja_JP.html"
"4778","前期","前期","月3","267103-02","KBS3(映像と韓国語)","金 恩貞","https://cssy.aasa.ac.jp/syllabusHtml/2026/1610/1610_267103-02_ja_JP.html"
"4779","前期","前期","火4","267103-04","KBS3(映像と韓国語)","楊 アラム","https://cssy.aasa.ac.jp/syllabusHtml/2026/1610/1610_267103-04_ja_JP.html"
"4780","後期","後期","月3","267103-05","KBS3(映像と韓国語)","李 正子","https://cssy.aasa.ac.jp/syllabusHtml/2026/1610/1610_267103-05_ja_JP.html"
"4781","後期","後期","月3","267103-06","KBS3(映像と韓国語)","金 恩貞","https://cssy.aasa.ac.jp/syllabusHtml/2026/1610/1610_267103-06_ja_JP.html"
"4782","後期","後期","月4","267103-07","KBS3(映像と韓国語)","金 恩貞","https://cssy.aasa.ac.jp/syllabusHtml/2026/1610/1610_267103-07_ja_JP.html"
"4783","前期","前期","火3","267104-01","KLS1(韓国・朝鮮語読解①)","梁 勝奎","https://cssy.aasa.ac.jp/syllabusHtml/2026/1610/1610_267104-01_ja_JP.html"
"4784","前期","前期","水2","267104-02","KLS1(韓国・朝鮮語読解①)","姜 信和","https://cssy.aasa.ac.jp/syllabusHtml/2026/1610/1610_267104-02_ja_JP.html"
"4785","後期","後期","月2","267104-03","KLS1(韓国・朝鮮語読解①)","梁 勝奎","https://cssy.aasa.ac.jp/syllabusHtml/2026/1610/1610_267104-03_ja_JP.html"
"4786","後期","後期","火3","267104-04","KLS1(韓国・朝鮮語読解①)","梁 勝奎","https://cssy.aasa.ac.jp/syllabusHtml/2026/1610/1610_267104-04_ja_JP.html"
"4787","後期","後期","水2","267104-05","KLS1(韓国・朝鮮語読解①)","姜 信和","https://cssy.aasa.ac.jp/syllabusHtml/2026/1610/1610_267104-05_ja_JP.html"
"4788","後期","後期","金2","267104-06","KLS1(韓国・朝鮮語読解①)","李 京姫","https://cssy.aasa.ac.jp/syllabusHtml/2026/1610/1610_267104-06_ja_JP.html"
"4789","前期","前期","火4","267105-01","KLS2(韓国・朝鮮語読解②)","梁 勝奎","https://cssy.aasa.ac.jp/syllabusHtml/2026/1610/1610_267105-01_ja_JP.html"
"4790","前期","前期","水1","267105-02","KLS2(韓国・朝鮮語読解②)","姜 信和","https://cssy.aasa.ac.jp/syllabusHtml/2026/1610/1610_267105-02_ja_JP.html"
"4791","後期","後期","火4","267105-03","KLS2(韓国・朝鮮語読解②)","梁 勝奎","https://cssy.aasa.ac.jp/syllabusHtml/2026/1610/1610_267105-03_ja_JP.html"
"4792","後期","後期","水1","267105-04","KLS2(韓国・朝鮮語読解②)","姜 信和","https://cssy.aasa.ac.jp/syllabusHtml/2026/1610/1610_267105-04_ja_JP.html"
"4793","前期","前期","金2","267105-05","KLS2(韓国・朝鮮語読解②)","李 京姫","https://cssy.aasa.ac.jp/syllabusHtml/2026/1610/1610_267105-05_ja_JP.html"
"4794","前期","前期","木3","267106-01","KLS3(韓国・朝鮮語読解③)","梁 勝奎","https://cssy.aasa.ac.jp/syllabusHtml/2026/1610/1610_267106-01_ja_JP.html"
"4795","前期","前期","金1","267106-02","KLS3(韓国・朝鮮語読解③)","李 京姫","https://cssy.aasa.ac.jp/syllabusHtml/2026/1610/1610_267106-02_ja_JP.html"
"4796","後期","後期","木3","267106-03","KLS3(韓国・朝鮮語読解③)","梁 勝奎","https://cssy.aasa.ac.jp/syllabusHtml/2026/1610/1610_267106-03_ja_JP.html"
"4797","後期","後期","金1","267106-04","KLS3(韓国・朝鮮語読解③)","李 京姫","https://cssy.aasa.ac.jp/syllabusHtml/2026/1610/1610_267106-04_ja_JP.html"
"4798","前期","前期","月1","267107-01","KLS4(韓国・朝鮮語作文①)","李 孝心","https://cssy.aasa.ac.jp/syllabusHtml/2026/1610/1610_267107-01_ja_JP.html"
"4799","前期","前期","水3","267107-02","KLS4(韓国・朝鮮語作文①)","梁 勝奎","https://cssy.aasa.ac.jp/syllabusHtml/2026/1610/1610_267107-02_ja_JP.html"
"4800","後期","後期","月1","267108-01","KLS5(韓国・朝鮮語作文②)","李 孝心","https://cssy.aasa.ac.jp/syllabusHtml/2026/1610/1610_267108-01_ja_JP.html"
"4801","後期","後期","水3","267108-02","KLS5(韓国・朝鮮語作文②)","梁 勝奎","https://cssy.aasa.ac.jp/syllabusHtml/2026/1610/1610_267108-02_ja_JP.html"
"4802","前期","前期","木3","267109-01","KLS6(韓国・朝鮮語翻訳①)","三重野 聖愛","https://cssy.aasa.ac.jp/syllabusHtml/2026/1610/1610_267109-01_ja_JP.html"
"4803","前期","前期","木4","267109-02","KLS6(韓国・朝鮮語翻訳①)","三重野 聖愛","https://cssy.aasa.ac.jp/syllabusHtml/2026/1610/1610_267109-02_ja_JP.html"
"4804","後期","後期","木3","267110-01","KLS7(韓国・朝鮮語翻訳②)","三重野 聖愛","https://cssy.aasa.ac.jp/syllabusHtml/2026/1610/1610_267110-01_ja_JP.html"
"4805","後期","後期","木4","267110-02","KLS7(韓国・朝鮮語翻訳②)","三重野 聖愛","https://cssy.aasa.ac.jp/syllabusHtml/2026/1610/1610_267110-02_ja_JP.html"
"4806","前期","前期","水4","267111-01","KLS8(韓国・朝鮮語作文③)","梁 勝奎","https://cssy.aasa.ac.jp/syllabusHtml/2026/1610/1610_267111-01_ja_JP.html"
"4807","後期","後期","水4","267112-01","KLS9(韓国・朝鮮語作文④)","梁 勝奎","https://cssy.aasa.ac.jp/syllabusHtml/2026/1610/1610_267112-01_ja_JP.html"
"4808","前期","前期","金2","267113-01","KLS10(韓国・朝鮮語通訳①)","金 美淑","https://cssy.aasa.ac.jp/syllabusHtml/2026/1610/1610_267113-01_ja_JP.html"
"4809","後期","後期","金2","267114-01","KLS11(韓国・朝鮮語通訳②)","金 美淑","https://cssy.aasa.ac.jp/syllabusHtml/2026/1610/1610_267114-01_ja_JP.html"
"4810","前期","前期","火3","267115-01","KCS1(韓国・朝鮮語会話①)","李 芝賢","https://cssy.aasa.ac.jp/syllabusHtml/2026/1610/1610_267115-01_ja_JP.html"
"4811","前期","前期","金3","267115-02","KCS1(韓国・朝鮮語会話①)","金 三淑","https://cssy.aasa.ac.jp/syllabusHtml/2026/1610/1610_267115-02_ja_JP.html"
"4812","後期","後期","月1","267115-03","KCS1(韓国・朝鮮語会話①)","柳 朱燕","https://cssy.aasa.ac.jp/syllabusHtml/2026/1610/1610_267115-03_ja_JP.html"
"4813","後期","後期","月2","267115-04","KCS1(韓国・朝鮮語会話①)","柳 朱燕","https://cssy.aasa.ac.jp/syllabusHtml/2026/1610/1610_267115-04_ja_JP.html"
"4814","後期","後期","火3","267115-05","KCS1(韓国・朝鮮語会話①)","李 芝賢","https://cssy.aasa.ac.jp/syllabusHtml/2026/1610/1610_267115-05_ja_JP.html"
"4815","後期","後期","金3","267115-06","KCS1(韓国・朝鮮語会話①)","金 三淑","https://cssy.aasa.ac.jp/syllabusHtml/2026/1610/1610_267115-06_ja_JP.html"
"4816","前期","前期","火3","267116-01","KCS2(韓国・朝鮮語会話②)","柳 朱燕","https://cssy.aasa.ac.jp/syllabusHtml/2026/1610/1610_267116-01_ja_JP.html"
"4817","前期","前期","金4","267116-03","KCS2(韓国・朝鮮語会話②)","金 三淑","https://cssy.aasa.ac.jp/syllabusHtml/2026/1610/1610_267116-03_ja_JP.html"
"4818","後期","後期","火4","267116-04","KCS2(韓国・朝鮮語会話②)","李 芝賢","https://cssy.aasa.ac.jp/syllabusHtml/2026/1610/1610_267116-04_ja_JP.html"
"4819","後期","後期","金4","267116-05","KCS2(韓国・朝鮮語会話②)","金 三淑","https://cssy.aasa.ac.jp/syllabusHtml/2026/1610/1610_267116-05_ja_JP.html"
"4820","前期","前期","水4","267117-01","KCS3(韓国・朝鮮語会話③)","柳 朱燕","https://cssy.aasa.ac.jp/syllabusHtml/2026/1610/1610_267117-01_ja_JP.html"
"4821","前期","前期","木4","267117-02","KCS3(韓国・朝鮮語会話③)","金 由那","https://cssy.aasa.ac.jp/syllabusHtml/2026/1610/1610_267117-02_ja_JP.html"
"4822","後期","後期","火3","267117-03","KCS3(韓国・朝鮮語会話③)","柳 朱燕","https://cssy.aasa.ac.jp/syllabusHtml/2026/1610/1610_267117-03_ja_JP.html"
"4823","後期","後期","木4","267117-04","KCS3(韓国・朝鮮語会話③)","金 由那","https://cssy.aasa.ac.jp/syllabusHtml/2026/1610/1610_267117-04_ja_JP.html"
"4824","前期","前期","金1","267118-01","KCS4(韓国・朝鮮語聴解①)","金 美淑","https://cssy.aasa.ac.jp/syllabusHtml/2026/1610/1610_267118-01_ja_JP.html"
"4825","前期","前期","金3","267118-02","KCS4(韓国・朝鮮語聴解①)","金 芝恵","https://cssy.aasa.ac.jp/syllabusHtml/2026/1610/1610_267118-02_ja_JP.html"
"4826","後期","後期","金1","267119-01","KCS5(韓国・朝鮮語聴解②)","金 美淑","https://cssy.aasa.ac.jp/syllabusHtml/2026/1610/1610_267119-01_ja_JP.html"
"4827","後期","後期","金3","267119-02","KCS5(韓国・朝鮮語聴解②)","金 芝恵","https://cssy.aasa.ac.jp/syllabusHtml/2026/1610/1610_267119-02_ja_JP.html"
"4828","前期","前期","金4","267120-01","KCS6(韓国・朝鮮語プレゼンテーション①)","金 芝恵","https://cssy.aasa.ac.jp/syllabusHtml/2026/1610/1610_267120-01_ja_JP.html"
"4829","後期","後期","金4","267121-01","KCS7(韓国・朝鮮語プレゼンテーション②)","金 芝恵","https://cssy.aasa.ac.jp/syllabusHtml/2026/1610/1610_267121-01_ja_JP.html"
"4830","前期","前期","金3","267122-01","KCS8(韓国・朝鮮語聴解③)","金 美淑","https://cssy.aasa.ac.jp/syllabusHtml/2026/1610/1610_267122-01_ja_JP.html"
"4831","後期","後期","金3","267123-01","KCS9(韓国・朝鮮語聴解④)","金 美淑","https://cssy.aasa.ac.jp/syllabusHtml/2026/1610/1610_267123-01_ja_JP.html"
"4832","前期","前期","月2","267124-01","KCS10(韓国・朝鮮語ディスカッション①)","李 孝心","https://cssy.aasa.ac.jp/syllabusHtml/2026/1610/1610_267124-01_ja_JP.html"
"4833","後期","後期","月2","267125-01","KCS11(韓国・朝鮮語ディスカッション②)","李 孝心","https://cssy.aasa.ac.jp/syllabusHtml/2026/1610/1610_267125-01_ja_JP.html"
"4834","前期","前期","月3","267126-01","TOPIKⅡ対策1(読解)","金 由那","https://cssy.aasa.ac.jp/syllabusHtml/2026/1610/1610_267126-01_ja_JP.html"
"4835","前期","前期","火1","267126-02","TOPIKⅡ対策1(読解)","楊 アラム","https://cssy.aasa.ac.jp/syllabusHtml/2026/1610/1610_267126-02_ja_JP.html"
"4836","前期","前期","木1","267126-03","TOPIKⅡ対策1(読解)","キム ソヨン","https://cssy.aasa.ac.jp/syllabusHtml/2026/1610/1610_267126-03_ja_JP.html"
"4837","後期","後期","月3","267126-04","TOPIKⅡ対策1(読解)","金 由那","https://cssy.aasa.ac.jp/syllabusHtml/2026/1610/1610_267126-04_ja_JP.html"
"4838","後期","後期","火1","267126-05","TOPIKⅡ対策1(読解)","楊 アラム","https://cssy.aasa.ac.jp/syllabusHtml/2026/1610/1610_267126-05_ja_JP.html"
"4839","後期","後期","木1","267126-06","TOPIKⅡ対策1(読解)","キム ソヨン","https://cssy.aasa.ac.jp/syllabusHtml/2026/1610/1610_267126-06_ja_JP.html"
"4840","前期","前期","火2","267127-01","TOPIKⅡ対策2(聞取り)","楊 アラム","https://cssy.aasa.ac.jp/syllabusHtml/2026/1610/1610_267127-01_ja_JP.html"
"4841","後期","後期","火2","267127-03","TOPIKⅡ対策2(聞取り)","楊 アラム","https://cssy.aasa.ac.jp/syllabusHtml/2026/1610/1610_267127-03_ja_JP.html"
"4842","後期","後期","木2","267127-04","TOPIKⅡ対策2(聞取り)","キム ソヨン","https://cssy.aasa.ac.jp/syllabusHtml/2026/1610/1610_267127-04_ja_JP.html"
"4843","前期","前期","木3","267128-01","韓国・朝鮮語通訳案内士試験対策1","金 奈淑","https://cssy.aasa.ac.jp/syllabusHtml/2026/1610/1610_267128-01_ja_JP.html"
"4844","後期","後期","木3","267129-01","韓国・朝鮮語通訳案内士試験対策2","金 奈淑","https://cssy.aasa.ac.jp/syllabusHtml/2026/1610/1610_267129-01_ja_JP.html"
"4845","後期","後期","木3","267131-01","RLS1(ロシア語読解)","佐藤 規祥","https://cssy.aasa.ac.jp/syllabusHtml/2026/1610/1610_267131-01_ja_JP.html"
"4846","後期","後期","月3","267133-01","RLS3(ロシア語翻訳)","杉本 一直","https://cssy.aasa.ac.jp/syllabusHtml/2026/1610/1610_267133-01_ja_JP.html"
"4847","後期","後期","水4","267134-01","RCS1(ロシア語会話)","水野 晶子","https://cssy.aasa.ac.jp/syllabusHtml/2026/1610/1610_267134-01_ja_JP.html"
"4848","前期","前期","他","267141-01","中国語国内研修","馮 富榮","https://cssy.aasa.ac.jp/syllabusHtml/2026/1610/1610_267141-01_ja_JP.html"
"4849","前期","前期","他","267141-02","中国語国内研修","高 飛","https://cssy.aasa.ac.jp/syllabusHtml/2026/1610/1610_267141-02_ja_JP.html"
"4850","後期","後期","他","267141-03","中国語国内研修","馮 富榮","https://cssy.aasa.ac.jp/syllabusHtml/2026/1610/1610_267141-03_ja_JP.html"
"4851","後期","後期","他","267142-01","韓国・朝鮮語国内研修","チョ スルソップ","https://cssy.aasa.ac.jp/syllabusHtml/2026/1610/1610_267142-01_ja_JP.html"
"4852","前期","前期","木3","267147-01","ケーススタディ言語1(コーパス言語学)","山内 昇","https://cssy.aasa.ac.jp/syllabusHtml/2026/1610/1610_267147-01_ja_JP.html"
"4853","後期","後期","木3","267147-02","ケーススタディ言語1(コーパス言語学)","山内 昇","https://cssy.aasa.ac.jp/syllabusHtml/2026/1610/1610_267147-02_ja_JP.html"
"4854","前期","前期","金2","267148-01","ケーススタディ言語2(字幕翻訳)","亀山 太一","https://cssy.aasa.ac.jp/syllabusHtml/2026/1610/1610_267148-01_ja_JP.html"
"4855","後期","後期","金2","267148-02","ケーススタディ言語2(字幕翻訳)","亀山 太一","https://cssy.aasa.ac.jp/syllabusHtml/2026/1610/1610_267148-02_ja_JP.html"
"4856","後期","後期","月3","267149-01","ケーススタディ言語3(英語学)","大野 清幸","https://cssy.aasa.ac.jp/syllabusHtml/2026/1610/1610_267149-01_ja_JP.html"
"4857","前期","前期","火4","267151-01","ケーススタディ言語5(中国語メディア制作研究)","胡 敏男","https://cssy.aasa.ac.jp/syllabusHtml/2026/1610/1610_267151-01_ja_JP.html"
"4858","後期","後期","木3","267151-02","ケーススタディ言語5(中国語メディア制作研究)","何 龍","https://cssy.aasa.ac.jp/syllabusHtml/2026/1610/1610_267151-02_ja_JP.html"
"4859","前期","前期","他","267152-01","ケーススタディ言語6(中国語観光案内実践)","何 龍","https://cssy.aasa.ac.jp/syllabusHtml/2026/1610/1610_267152-01_ja_JP.html"
"4860","後期","後期","他","267152-02","ケーススタディ言語6(中国語観光案内実践)","何 龍","https://cssy.aasa.ac.jp/syllabusHtml/2026/1610/1610_267152-02_ja_JP.html"
"4861","前期","前期","月4","267153-01","ケーススタディ言語7(中国語文化翻訳)","董 紅俊","https://cssy.aasa.ac.jp/syllabusHtml/2026/1610/1610_267153-01_ja_JP.html"
"4862","後期","後期","月4","267153-02","ケーススタディ言語7(中国語文化翻訳)","董 紅俊","https://cssy.aasa.ac.jp/syllabusHtml/2026/1610/1610_267153-02_ja_JP.html"
"4863","前期","前期","月3","267154-01","ケーススタディ言語8(韓国・朝鮮語と社会)","三重野 聖愛","https://cssy.aasa.ac.jp/syllabusHtml/2026/1610/1610_267154-01_ja_JP.html"
"4864","前期","前期","月4","267154-02","ケーススタディ言語8(韓国・朝鮮語と社会)","三重野 聖愛","https://cssy.aasa.ac.jp/syllabusHtml/2026/1610/1610_267154-02_ja_JP.html"
"4865","前期","前期","木1","267154-03","ケーススタディ言語8(韓国・朝鮮語と社会)","柳 朱燕","https://cssy.aasa.ac.jp/syllabusHtml/2026/1610/1610_267154-03_ja_JP.html"
"4866","後期","後期","月3","267154-04","ケーススタディ言語8(韓国・朝鮮語と社会)","三重野 聖愛","https://cssy.aasa.ac.jp/syllabusHtml/2026/1610/1610_267154-04_ja_JP.html"
"4867","後期","後期","月4","267154-05","ケーススタディ言語8(韓国・朝鮮語と社会)","三重野 聖愛","https://cssy.aasa.ac.jp/syllabusHtml/2026/1610/1610_267154-05_ja_JP.html"
"4868","後期","後期","木1","267154-06","ケーススタディ言語8(韓国・朝鮮語と社会)","柳 朱燕","https://cssy.aasa.ac.jp/syllabusHtml/2026/1610/1610_267154-06_ja_JP.html"
"4869","前期","前期","木2","267155-01","ケーススタディ言語9(韓国・朝鮮語文化翻訳)","三重野 聖愛","https://cssy.aasa.ac.jp/syllabusHtml/2026/1610/1610_267155-01_ja_JP.html"
"4870","後期","後期","木2","267155-02","ケーススタディ言語9(韓国・朝鮮語文化翻訳)","三重野 聖愛","https://cssy.aasa.ac.jp/syllabusHtml/2026/1610/1610_267155-02_ja_JP.html"
"4871","前期","前期","木1","267156-01","ケーススタディ言語11(日本語学)","杉村 泰","https://cssy.aasa.ac.jp/syllabusHtml/2026/1610/1610_267156-01_ja_JP.html"
"4872","後期","後期","火1","267156-02","ケーススタディ言語11(日本語学)","杉村 泰","https://cssy.aasa.ac.jp/syllabusHtml/2026/1610/1610_267156-02_ja_JP.html"
"4873","前期","前期","他","267159-01","フィールドスタディ交流3(アートと地域開発)","杉本 一直","https://cssy.aasa.ac.jp/syllabusHtml/2026/1610/1610_267159-01_ja_JP.html"
"4874","前期","前期","木1","267160-01","ケーススタディ交流1(異文化トレーニング)","島津 侑希","https://cssy.aasa.ac.jp/syllabusHtml/2026/1610/1610_267160-01_ja_JP.html"
"4875","後期","後期","木1","267160-02","ケーススタディ交流1(異文化トレーニング)","島津 侑希","https://cssy.aasa.ac.jp/syllabusHtml/2026/1610/1610_267160-02_ja_JP.html"
"4876","前期","前期","木3","267162-01","ケーススタディ交流3(ヨーロッパ事情研究)","杉本 一直","https://cssy.aasa.ac.jp/syllabusHtml/2026/1610/1610_267162-01_ja_JP.html"
"4877","後期","後期","木4","267162-02","ケーススタディ交流3(ヨーロッパ事情研究)","杉本 一直","https://cssy.aasa.ac.jp/syllabusHtml/2026/1610/1610_267162-02_ja_JP.html"
"4878","後期","後期","月3","267164-01","ケーススタディ交流5(社会調査法)","石橋 康正","https://cssy.aasa.ac.jp/syllabusHtml/2026/1610/1610_267164-01_ja_JP.html"
"4879","前期","前期","水2","267164-02","ケーススタディ交流5(社会調査法)","石橋 康正","https://cssy.aasa.ac.jp/syllabusHtml/2026/1610/1610_267164-02_ja_JP.html"
"4880","前期","前期","金2","267165-01","ケーススタディ交流6(マーケティング研究)","濱本 幸宏","https://cssy.aasa.ac.jp/syllabusHtml/2026/1610/1610_267165-01_ja_JP.html"
"4881","後期","後期","金2","267165-02","ケーススタディ交流6(マーケティング研究)","濱本 幸宏","https://cssy.aasa.ac.jp/syllabusHtml/2026/1610/1610_267165-02_ja_JP.html"
"4882","前期","前期","火3","267166-01","ケーススタディ交流6(ファッションプロデュース研究)","渡辺 真由子","https://cssy.aasa.ac.jp/syllabusHtml/2026/1610/1610_267166-01_ja_JP.html"
"4883","前期","前期","火4","267166-02","ケーススタディ交流6(ファッションプロデュース研究)","渡辺 真由子","https://cssy.aasa.ac.jp/syllabusHtml/2026/1610/1610_267166-02_ja_JP.html"
"4884","後期","後期","火3","267166-03","ケーススタディ交流6(ファッションプロデュース研究)","渡辺 真由子","https://cssy.aasa.ac.jp/syllabusHtml/2026/1610/1610_267166-03_ja_JP.html"
"4885","後期","後期","火4","267166-04","ケーススタディ交流6(ファッションプロデュース研究)","渡辺 真由子","https://cssy.aasa.ac.jp/syllabusHtml/2026/1610/1610_267166-04_ja_JP.html"
"4886","後期","後期","金3","267167-02","ケーススタディ交流8(イベントプランニング)","北村 政智","https://cssy.aasa.ac.jp/syllabusHtml/2026/1610/1610_267167-02_ja_JP.html"
"4887","前期","前期","木2","267169-01","ケーススタディ交流7(SNSプロモーション)","岩田 拓朗","https://cssy.aasa.ac.jp/syllabusHtml/2026/1610/1610_267169-01_ja_JP.html"
"4888","後期","後期","木2","267169-02","ケーススタディ交流7(SNSプロモーション)","岩田 拓朗","https://cssy.aasa.ac.jp/syllabusHtml/2026/1610/1610_267169-02_ja_JP.html"
"4889","後期","後期","水4","267170-01","ケーススタディ交流8(国際交流)","江嵜 那留穂","https://cssy.aasa.ac.jp/syllabusHtml/2026/1610/1610_267170-01_ja_JP.html"
"4890","前期","前期","他","267173-01","フィールドスタディ観光3(観光プロモーション)","大堀 一至","https://cssy.aasa.ac.jp/syllabusHtml/2026/1610/1610_267173-01_ja_JP.html"
"4891","前期","前期","他","267174-01","フィールドスタディ観光4(ホスピタリティ)","信川 景子","https://cssy.aasa.ac.jp/syllabusHtml/2026/1610/1610_267174-01_ja_JP.html"
"4892","前期","前期","火1","267177-01","ケーススタディ観光1(国内観光ツアープランニング)","外部講師(名鉄観光サービス)","https://cssy.aasa.ac.jp/syllabusHtml/2026/1610/1610_267177-01_ja_JP.html"
"4893","前期","前期","火2","267177-02","ケーススタディ観光1(国内観光ツアープランニング)","外部講師(名鉄観光サービス)","https://cssy.aasa.ac.jp/syllabusHtml/2026/1610/1610_267177-02_ja_JP.html"
"4894","後期","後期","火1","267177-03","ケーススタディ観光1(国内観光ツアープランニング)","外部講師(名鉄観光サービス)","https://cssy.aasa.ac.jp/syllabusHtml/2026/1610/1610_267177-03_ja_JP.html"
"4895","後期","後期","火2","267177-04","ケーススタディ観光1(国内観光ツアープランニング)","外部講師(名鉄観光サービス)","https://cssy.aasa.ac.jp/syllabusHtml/2026/1610/1610_267177-04_ja_JP.html"
"4896","前期","前期","金3","267178-01","ケーススタディ観光2(海外観光ツアープランニング)","安田 幹司","https://cssy.aasa.ac.jp/syllabusHtml/2026/1610/1610_267178-01_ja_JP.html"
"4897","前期","前期","金4","267178-02","ケーススタディ観光2(海外観光ツアープランニング)","安田 幹司","https://cssy.aasa.ac.jp/syllabusHtml/2026/1610/1610_267178-02_ja_JP.html"
"4898","後期","後期","金3","267178-03","ケーススタディ観光2(海外観光ツアープランニング)","安田 幹司","https://cssy.aasa.ac.jp/syllabusHtml/2026/1610/1610_267178-03_ja_JP.html"
"4899","後期","後期","金4","267178-04","ケーススタディ観光2(海外観光ツアープランニング)","安田 幹司","https://cssy.aasa.ac.jp/syllabusHtml/2026/1610/1610_267178-04_ja_JP.html"
"4900","後期","後期","水2","267179-01","ケーススタディ観光3(観光資源研究)","前島 訓子","https://cssy.aasa.ac.jp/syllabusHtml/2026/1610/1610_267179-01_ja_JP.html"
"4901","前期","前期","木3","267181-01","ケーススタディ観光5(ブライダル)","加藤 里奈","https://cssy.aasa.ac.jp/syllabusHtml/2026/1610/1610_267181-01_ja_JP.html"
"4902","後期","後期","木3","267181-02","ケーススタディ観光5(ブライダル)","加藤 里奈","https://cssy.aasa.ac.jp/syllabusHtml/2026/1610/1610_267181-02_ja_JP.html"
"4903","前期","前期","月1","267183-01","ケーススタディ観光8(観光英語)","村田 久美子","https://cssy.aasa.ac.jp/syllabusHtml/2026/1610/1610_267183-01_ja_JP.html"
"4904","前期","前期","火3","267183-02","ケーススタディ観光8(観光英語)","児玉 美由紀","https://cssy.aasa.ac.jp/syllabusHtml/2026/1610/1610_267183-02_ja_JP.html"
"4905","後期","後期","火3","267183-03","ケーススタディ観光8(観光英語)","児玉 美由紀","https://cssy.aasa.ac.jp/syllabusHtml/2026/1610/1610_267183-03_ja_JP.html"
"4906","後期","後期","金3","267183-04","ケーススタディ観光8(観光英語)","村田 久美子","https://cssy.aasa.ac.jp/syllabusHtml/2026/1610/1610_267183-04_ja_JP.html"
"4907","前期","前期","月3","267184-01","ケーススタディ観光9(観光セールス)","大堀 一至","https://cssy.aasa.ac.jp/syllabusHtml/2026/1610/1610_267184-01_ja_JP.html"
"4908","前期","前期","水4","267185-01","交流文化概論","板垣 武尊 児玉 美由紀","https://cssy.aasa.ac.jp/syllabusHtml/2026/1610/1610_267185-01_ja_JP.html"
"4909","後期","後期","水4","267185-02","交流文化概論","板垣 武尊 児玉 美由紀","https://cssy.aasa.ac.jp/syllabusHtml/2026/1610/1610_267185-02_ja_JP.html"
"4910","前期","前期","月4","267186-01","言語文化6(言語と談話)","松繁 弘之","https://cssy.aasa.ac.jp/syllabusHtml/2026/1610/1610_267186-01_ja_JP.html"
"4911","後期","後期","月5","267203-01","言語学入門","太田 浩司 TOFF Mika 大野 清幸 チョ スルソップ 二村 慎一 李 正子 藤井 真湖 若山 真幸 山本 裕子 二文字屋 脩 江嵜 那留穂 島津 侑希 柳 朱燕 何 龍 胡 敏男","https://cssy.aasa.ac.jp/syllabusHtml/2026/1610/1610_267203-01_ja_JP.html"
"4912","前期","前期","水2","267204-01","心理学","青柳 眞紀子","https://cssy.aasa.ac.jp/syllabusHtml/2026/1610/1610_267204-01_ja_JP.html"
"4913","後期","後期","水2","267204-02","心理学","青柳 眞紀子","https://cssy.aasa.ac.jp/syllabusHtml/2026/1610/1610_267204-02_ja_JP.html"
"4914","後期","後期","木5","267206-01","交流文化1(国際交流入門)","杉本 一直 藤井 真湖 佐藤 規祥 二文字屋 脩 江嵜 那留穂 島津 侑希","https://cssy.aasa.ac.jp/syllabusHtml/2026/1610/1610_267206-01_ja_JP.html"
"4915","後期","後期","火2","267209-01","HSK2級対策講座","MAYILA","https://cssy.aasa.ac.jp/syllabusHtml/2026/1610/1610_267209-01_ja_JP.html"
"4916","後期","後期","火4","267209-02","HSK2級対策講座","高 飛","https://cssy.aasa.ac.jp/syllabusHtml/2026/1610/1610_267209-02_ja_JP.html"
"4917","後期","後期","水3","267209-03","HSK2級対策講座","董 梅香","https://cssy.aasa.ac.jp/syllabusHtml/2026/1610/1610_267209-03_ja_JP.html"
"4918","後期","後期","水3","267209-04","HSK2級対策講座","高 飛","https://cssy.aasa.ac.jp/syllabusHtml/2026/1610/1610_267209-04_ja_JP.html"
"4919","前期","前期","木2","267209-05","HSK2級対策講座","MAYILA","https://cssy.aasa.ac.jp/syllabusHtml/2026/1610/1610_267209-05_ja_JP.html"
"4920","後期","後期","木3","267209-06","HSK2級対策講座","高 飛","https://cssy.aasa.ac.jp/syllabusHtml/2026/1610/1610_267209-06_ja_JP.html"
"4921","前期","前期","月2","267210-01","HSK3級対策講座","蘇 雪蓮","https://cssy.aasa.ac.jp/syllabusHtml/2026/1610/1610_267210-01_ja_JP.html"
"4922","前期","前期","月3","267210-02","HSK3級対策講座","蘇 雪蓮","https://cssy.aasa.ac.jp/syllabusHtml/2026/1610/1610_267210-02_ja_JP.html"
"4923","前期","前期","月4","267210-03","HSK3級対策講座","董 梅香","https://cssy.aasa.ac.jp/syllabusHtml/2026/1610/1610_267210-03_ja_JP.html"
"4924","後期","後期","月2","267210-04","HSK3級対策講座","胡 敏男","https://cssy.aasa.ac.jp/syllabusHtml/2026/1610/1610_267210-04_ja_JP.html"
"4925","後期","後期","水2","267211-01","HSK4級対策講座","王 麗英","https://cssy.aasa.ac.jp/syllabusHtml/2026/1610/1610_267211-01_ja_JP.html"
"4926","前期","前期","水3","267211-02","HSK4級対策講座","蘇 雪蓮","https://cssy.aasa.ac.jp/syllabusHtml/2026/1610/1610_267211-02_ja_JP.html"
"4927","後期","後期","金2","267211-03","HSK4級対策講座","馬 麗梅","https://cssy.aasa.ac.jp/syllabusHtml/2026/1610/1610_267211-03_ja_JP.html"
"4928","後期","後期","水3","267212-02","HSK4級実践トレーニング","王 麗英","https://cssy.aasa.ac.jp/syllabusHtml/2026/1610/1610_267212-02_ja_JP.html"
"4929","後期","後期","金3","267212-03","HSK4級実践トレーニング","馬 麗梅","https://cssy.aasa.ac.jp/syllabusHtml/2026/1610/1610_267212-03_ja_JP.html"
"4930","前期","前期","月3","267213-01","HSK5級対策講座","馬 麗梅","https://cssy.aasa.ac.jp/syllabusHtml/2026/1610/1610_267213-01_ja_JP.html"
"4931","後期","後期","火3","267213-03","HSK5級対策講座","華 イ","https://cssy.aasa.ac.jp/syllabusHtml/2026/1610/1610_267213-03_ja_JP.html"
"4932","前期","前期","月4","267214-01","HSK5級実践トレーニング","馬 麗梅","https://cssy.aasa.ac.jp/syllabusHtml/2026/1610/1610_267214-01_ja_JP.html"
"4933","後期","後期","火4","267214-03","HSK5級実践トレーニング","華 イ","https://cssy.aasa.ac.jp/syllabusHtml/2026/1610/1610_267214-03_ja_JP.html"
"4934","前期","前期","火1","267215-02","TOPIKⅠ対策1(読解)","李 正子","https://cssy.aasa.ac.jp/syllabusHtml/2026/1610/1610_267215-02_ja_JP.html"
"4935","前期","前期","水3","267215-03","TOPIKⅠ対策1(読解)","宮本 桃子","https://cssy.aasa.ac.jp/syllabusHtml/2026/1610/1610_267215-03_ja_JP.html"
"4936","前期","前期","金3","267215-04","TOPIKⅠ対策1(読解)","李 正子","https://cssy.aasa.ac.jp/syllabusHtml/2026/1610/1610_267215-04_ja_JP.html"
"4937","後期","後期","月3","267215-05","TOPIKⅠ対策1(読解)","李 承鉉","https://cssy.aasa.ac.jp/syllabusHtml/2026/1610/1610_267215-05_ja_JP.html"
"4938","後期","後期","火1","267215-06","TOPIKⅠ対策1(読解)","李 正子","https://cssy.aasa.ac.jp/syllabusHtml/2026/1610/1610_267215-06_ja_JP.html"
"4939","後期","後期","水3","267215-07","TOPIKⅠ対策1(読解)","宮本 桃子","https://cssy.aasa.ac.jp/syllabusHtml/2026/1610/1610_267215-07_ja_JP.html"
"4940","後期","後期","金3","267215-08","TOPIKⅠ対策1(読解)","李 正子","https://cssy.aasa.ac.jp/syllabusHtml/2026/1610/1610_267215-08_ja_JP.html"
"4941","前期","前期","月4","267216-01","TOPIKⅠ対策2(聞取り)","李 承鉉","https://cssy.aasa.ac.jp/syllabusHtml/2026/1610/1610_267216-01_ja_JP.html"
"4942","前期","前期","火2","267216-02","TOPIKⅠ対策2(聞取り)","李 正子","https://cssy.aasa.ac.jp/syllabusHtml/2026/1610/1610_267216-02_ja_JP.html"
"4943","前期","前期","水4","267216-03","TOPIKⅠ対策2(聞取り)","宮本 桃子","https://cssy.aasa.ac.jp/syllabusHtml/2026/1610/1610_267216-03_ja_JP.html"
"4944","前期","前期","金4","267216-04","TOPIKⅠ対策2(聞取り)","李 正子","https://cssy.aasa.ac.jp/syllabusHtml/2026/1610/1610_267216-04_ja_JP.html"
"4945","後期","後期","月4","267216-05","TOPIKⅠ対策2(聞取り)","李 承鉉","https://cssy.aasa.ac.jp/syllabusHtml/2026/1610/1610_267216-05_ja_JP.html"
"4946","後期","後期","火2","267216-06","TOPIKⅠ対策2(聞取り)","李 正子","https://cssy.aasa.ac.jp/syllabusHtml/2026/1610/1610_267216-06_ja_JP.html"
"4947","後期","後期","水4","267216-07","TOPIKⅠ対策2(聞取り)","宮本 桃子","https://cssy.aasa.ac.jp/syllabusHtml/2026/1610/1610_267216-07_ja_JP.html"
"4948","後期","後期","金4","267216-08","TOPIKⅠ対策2(聞取り)","李 正子","https://cssy.aasa.ac.jp/syllabusHtml/2026/1610/1610_267216-08_ja_JP.html"
"4949","前期","前期","月4","267217-01","TOPIKⅡ対策3(作文)","金 由那","https://cssy.aasa.ac.jp/syllabusHtml/2026/1610/1610_267217-01_ja_JP.html"
"4950","前期","前期","水3","267217-02","TOPIKⅡ対策3(作文)","楊 アラム","https://cssy.aasa.ac.jp/syllabusHtml/2026/1610/1610_267217-02_ja_JP.html"
"4951","後期","後期","月4","267217-03","TOPIKⅡ対策3(作文)","金 由那","https://cssy.aasa.ac.jp/syllabusHtml/2026/1610/1610_267217-03_ja_JP.html"
"4952","後期","後期","水3","267217-04","TOPIKⅡ対策3(作文)","楊 アラム","https://cssy.aasa.ac.jp/syllabusHtml/2026/1610/1610_267217-04_ja_JP.html"
"4953","前期","前期","他","267227-01","ケーススタディ言語10(韓国・朝鮮語観光案内実践)","柳 朱燕","https://cssy.aasa.ac.jp/syllabusHtml/2026/1610/1610_267227-01_ja_JP.html"
"4954","後期","後期","他","267227-02","ケーススタディ言語10(韓国・朝鮮語観光案内実践)","柳 朱燕","https://cssy.aasa.ac.jp/syllabusHtml/2026/1610/1610_267227-02_ja_JP.html"
"4955","後期","後期","他","267229-01","フィールドスタディ交流4(国際開発と交流)","島津 侑希","https://cssy.aasa.ac.jp/syllabusHtml/2026/1610/1610_267229-01_ja_JP.html"
"4956","前期","前期","水2","267233-01","ケーススタディ観光6(実践ホスピタリティ・エアライン)","外部講師(ANA総合研究所)","https://cssy.aasa.ac.jp/syllabusHtml/2026/1610/1610_267233-01_ja_JP.html"
"4957","前期","前期","木3","267233-02","ケーススタディ観光6(実践ホスピタリティ・エアライン)","児玉 美由紀","https://cssy.aasa.ac.jp/syllabusHtml/2026/1610/1610_267233-02_ja_JP.html"
"4958","後期","後期","水1","267233-03","ケーススタディ観光6(実践ホスピタリティ・エアライン)","外部講師(ANA総合研究所)","https://cssy.aasa.ac.jp/syllabusHtml/2026/1610/1610_267233-03_ja_JP.html"
"4959","後期","後期","木3","267233-04","ケーススタディ観光6(実践ホスピタリティ・エアライン)","児玉 美由紀","https://cssy.aasa.ac.jp/syllabusHtml/2026/1610/1610_267233-04_ja_JP.html"
"4960","前期","前期","水3","267234-01","ケーススタディ観光7(実践ホスピタリティ・ホテル)","酒井 亜希子 外部講師(ホスピタリティアドバイザー) 外部講師(GSアミューズメント)","https://cssy.aasa.ac.jp/syllabusHtml/2026/1610/1610_267234-01_ja_JP.html"
"4961","後期","後期","水3","267234-02","ケーススタディ観光7(実践ホスピタリティ・ホテル)","酒井 亜希子 外部講師(ホスピタリティアドバイザー) 外部講師(GSアミューズメント)","https://cssy.aasa.ac.jp/syllabusHtml/2026/1610/1610_267234-02_ja_JP.html"
"4962","後期","後期","火3","267235-01","ケーススタディ観光10(観光サービス産業研究)","信川 景子","https://cssy.aasa.ac.jp/syllabusHtml/2026/1610/1610_267235-01_ja_JP.html"
"4963","前期","前期","水1","267236-01","ケーススタディ観光11(旅行情報)","野口 洋平","https://cssy.aasa.ac.jp/syllabusHtml/2026/1610/1610_267236-01_ja_JP.html"
"4964","前期","前期","他","267237-01","長期海外セミナー中国語1(前期)","胡 敏男","https://cssy.aasa.ac.jp/syllabusHtml/2026/1610/1610_267237-01_ja_JP.html"
"4965","前期","前期","他","267238-01","長期海外セミナー中国語2(前期)","胡 敏男","https://cssy.aasa.ac.jp/syllabusHtml/2026/1610/1610_267238-01_ja_JP.html"
"4966","後期","後期","他","267239-01","長期海外セミナー中国語1(後期)","胡 敏男","https://cssy.aasa.ac.jp/syllabusHtml/2026/1610/1610_267239-01_ja_JP.html"
"4967","後期","後期","他","267240-01","長期海外セミナー中国語2(後期)","胡 敏男","https://cssy.aasa.ac.jp/syllabusHtml/2026/1610/1610_267240-01_ja_JP.html"
"4968","前期","前期","他","267241-01","長期海外セミナー韓国・朝鮮語1(前期)","チョ スルソップ","https://cssy.aasa.ac.jp/syllabusHtml/2026/1610/1610_267241-01_ja_JP.html"
"4969","前期","前期","他","267242-01","長期海外セミナー韓国・朝鮮語2(前期)","チョ スルソップ","https://cssy.aasa.ac.jp/syllabusHtml/2026/1610/1610_267242-01_ja_JP.html"
"4970","後期","後期","他","267243-01","長期海外セミナー韓国・朝鮮語1(後期)","チョ スルソップ","https://cssy.aasa.ac.jp/syllabusHtml/2026/1610/1610_267243-01_ja_JP.html"
"4971","後期","後期","他","267244-01","長期海外セミナー韓国・朝鮮語2(後期)","チョ スルソップ","https://cssy.aasa.ac.jp/syllabusHtml/2026/1610/1610_267244-01_ja_JP.html"
"4972","前期","前期","他","267247-01","Hello English","矢野 郁","https://cssy.aasa.ac.jp/syllabusHtml/2026/1610/1610_267247-01_ja_JP.html"
"4973","前期","前期","木2","267249-01","英語学概論","大野 清幸","https://cssy.aasa.ac.jp/syllabusHtml/2026/1610/1610_267249-01_ja_JP.html"
"4974","後期","後期","木2","267249-02","英語学概論","大野 清幸","https://cssy.aasa.ac.jp/syllabusHtml/2026/1610/1610_267249-02_ja_JP.html"
"4975","前期","前期","木4","267250-01","コミュニケーション論入門","太田 浩司","https://cssy.aasa.ac.jp/syllabusHtml/2026/1610/1610_267250-01_ja_JP.html"
"4976","後期","後期","木4","267250-02","コミュニケーション論入門","太田 浩司","https://cssy.aasa.ac.jp/syllabusHtml/2026/1610/1610_267250-02_ja_JP.html"
"4977","前期","前期","月3","267251-01","EGB1 (Basic Grammar 1)","GOTOH Mie","https://cssy.aasa.ac.jp/syllabusHtml/2026/1610/1610_267251-01_ja_JP.html"
"4978","前期","前期","月4","267251-02","EGB1 (Basic Grammar 1)","GOTOH Mie","https://cssy.aasa.ac.jp/syllabusHtml/2026/1610/1610_267251-02_ja_JP.html"
"4979","前期","前期","火2","267251-03","EGB1 (Basic Grammar 1)","城山 良子","https://cssy.aasa.ac.jp/syllabusHtml/2026/1610/1610_267251-03_ja_JP.html"
"4980","前期","前期","水2","267251-04","EGB1 (Basic Grammar 1)","太田 浩司","https://cssy.aasa.ac.jp/syllabusHtml/2026/1610/1610_267251-04_ja_JP.html"
"4981","前期","前期","木3","267251-05","EGB1 (Basic Grammar 1)","石河 敦子","https://cssy.aasa.ac.jp/syllabusHtml/2026/1610/1610_267251-05_ja_JP.html"
"4982","前期","前期","金4","267251-06","EGB1 (Basic Grammar 1)","城山 良子","https://cssy.aasa.ac.jp/syllabusHtml/2026/1610/1610_267251-06_ja_JP.html"
"4983","前期","前期","火2","267252-01","ERB1 (Basic Reading 1)","CAPITIN－PRINCIPE Abigail B.","https://cssy.aasa.ac.jp/syllabusHtml/2026/1610/1610_267252-01_ja_JP.html"
"4984","前期","前期","木1","267252-02","ERB1 (Basic Reading 1)","石河 敦子","https://cssy.aasa.ac.jp/syllabusHtml/2026/1610/1610_267252-02_ja_JP.html"
"4985","前期","前期","木1","267252-03","ERB1 (Basic Reading 1)","CAPITIN－PRINCIPE Abigail B.","https://cssy.aasa.ac.jp/syllabusHtml/2026/1610/1610_267252-03_ja_JP.html"
"4986","前期","前期","木2","267252-04","ERB1 (Basic Reading 1)","石河 敦子","https://cssy.aasa.ac.jp/syllabusHtml/2026/1610/1610_267252-04_ja_JP.html"
"4987","前期","前期","木2","267252-05","ERB1 (Basic Reading 1)","CAPITIN－PRINCIPE Abigail B.","https://cssy.aasa.ac.jp/syllabusHtml/2026/1610/1610_267252-05_ja_JP.html"
"4988","前期","前期","水2","267253-01","EWB1 (Basic Writing)","TOFF Mika","https://cssy.aasa.ac.jp/syllabusHtml/2026/1610/1610_267253-01_ja_JP.html"
"4989","前期","前期","水3","267253-02","EWB1 (Basic Writing)","TOFF Mika","https://cssy.aasa.ac.jp/syllabusHtml/2026/1610/1610_267253-02_ja_JP.html"
"4990","前期","前期","水3","267253-03","EWB1 (Basic Writing)","浅田 秀子","https://cssy.aasa.ac.jp/syllabusHtml/2026/1610/1610_267253-03_ja_JP.html"
"4991","前期","前期","水4","267253-04","EWB1 (Basic Writing)","浅田 秀子","https://cssy.aasa.ac.jp/syllabusHtml/2026/1610/1610_267253-04_ja_JP.html"
"4992","後期","後期","木2","267253-05","EWB1 (Basic Writing)","TOFF Mika","https://cssy.aasa.ac.jp/syllabusHtml/2026/1610/1610_267253-05_ja_JP.html"
"4993","後期","後期","木2","267253-06","EWB1 (Basic Writing)","城山 良子","https://cssy.aasa.ac.jp/syllabusHtml/2026/1610/1610_267253-06_ja_JP.html"
"4994","後期","後期","木3","267253-07","EWB1 (Basic Writing)","城山 良子","https://cssy.aasa.ac.jp/syllabusHtml/2026/1610/1610_267253-07_ja_JP.html"
"4995","前期","前期","月5","267254-01","ECB1 (Basic English Communication 1)","BOWDEN Matthew","https://cssy.aasa.ac.jp/syllabusHtml/2026/1610/1610_267254-01_ja_JP.html"
"4996","前期","前期","水1","267254-02","ECB1 (Basic English Communication 1)","MURRAY Aya","https://cssy.aasa.ac.jp/syllabusHtml/2026/1610/1610_267254-02_ja_JP.html"
"4997","前期","前期","水2","267254-03","ECB1 (Basic English Communication 1)","HSU Linda","https://cssy.aasa.ac.jp/syllabusHtml/2026/1610/1610_267254-03_ja_JP.html"
"4998","前期","前期","火1","267254-04","ECB1 (Basic English Communication 1)","CAPITIN－PRINCIPE Abigail B.","https://cssy.aasa.ac.jp/syllabusHtml/2026/1610/1610_267254-04_ja_JP.html"
"4999","前期","前期","木3","267254-05","ECB1 (Basic English Communication 1)","CAPITIN－PRINCIPE Abigail B.","https://cssy.aasa.ac.jp/syllabusHtml/2026/1610/1610_267254-05_ja_JP.html"
"5000","前期","前期","木4","267254-06","ECB1 (Basic English Communication 1)","CAPITIN－PRINCIPE Abigail B.","https://cssy.aasa.ac.jp/syllabusHtml/2026/1610/1610_267254-06_ja_JP.html"
"5001","後期","後期","金3","267255-02","KLS4(韓国・朝鮮語読解④)","李 京姫","https://cssy.aasa.ac.jp/syllabusHtml/2026/1610/1610_267255-02_ja_JP.html"
"5002","後期","後期","木3","267257-02","KCS4(韓国・朝鮮語会話④)","金 由那","https://cssy.aasa.ac.jp/syllabusHtml/2026/1610/1610_267257-02_ja_JP.html"
"5003","後期","後期","月5","267259-01","観光学入門","林 大策 杉本 一直 若松 孝司 前島 訓子 大堀 一至 信川 景子 野口 洋平 児玉 美由紀 板垣 武尊","https://cssy.aasa.ac.jp/syllabusHtml/2026/1610/1610_267259-01_ja_JP.html"
"5004","前期","前期","月1","267261-01","観光学概論","野口 洋平","https://cssy.aasa.ac.jp/syllabusHtml/2026/1610/1610_267261-01_ja_JP.html"
"5005","後期","後期","月1","267262-01","観光ビジネス入門","野口 洋平","https://cssy.aasa.ac.jp/syllabusHtml/2026/1610/1610_267262-01_ja_JP.html"
"5006","前期","前期","火4","267263-01","観光文化論","板垣 武尊","https://cssy.aasa.ac.jp/syllabusHtml/2026/1610/1610_267263-01_ja_JP.html"
"5007","前期","前期","木3","267263-02","観光文化論","板垣 武尊","https://cssy.aasa.ac.jp/syllabusHtml/2026/1610/1610_267263-02_ja_JP.html"
"5008","後期","後期","木3","267263-03","観光文化論","板垣 武尊","https://cssy.aasa.ac.jp/syllabusHtml/2026/1610/1610_267263-03_ja_JP.html"
"5009","前期","前期","木4","267264-01","観光交流論","林 大策","https://cssy.aasa.ac.jp/syllabusHtml/2026/1610/1610_267264-01_ja_JP.html"
"5010","前期","前期","月2","267267-01","地域文化(東南アジア)","二文字屋 脩","https://cssy.aasa.ac.jp/syllabusHtml/2026/1610/1610_267267-01_ja_JP.html"
"5011","前期","前期","月1","267268-01","地域文化(中国)","胡 敏男","https://cssy.aasa.ac.jp/syllabusHtml/2026/1610/1610_267268-01_ja_JP.html"
"5012","後期","後期","木1","267268-02","地域文化(中国)","胡 敏男","https://cssy.aasa.ac.jp/syllabusHtml/2026/1610/1610_267268-02_ja_JP.html"
"5013","前期","前期","水3","267269-01","地域文化(韓国・朝鮮)","柳 朱燕","https://cssy.aasa.ac.jp/syllabusHtml/2026/1610/1610_267269-01_ja_JP.html"
"5014","後期","後期","水3","267269-02","地域文化(韓国・朝鮮)","柳 朱燕","https://cssy.aasa.ac.jp/syllabusHtml/2026/1610/1610_267269-02_ja_JP.html"
"5015","前期","前期","水4","267270-01","地域文化(ロシア)","杉本 一直","https://cssy.aasa.ac.jp/syllabusHtml/2026/1610/1610_267270-01_ja_JP.html"
"5016","後期","後期","水4","267270-02","地域文化(ロシア)","杉本 一直","https://cssy.aasa.ac.jp/syllabusHtml/2026/1610/1610_267270-02_ja_JP.html"
"5017","前期","前期","金3","267271-01","地域文化(ヨーロッパ)","佐藤 規祥","https://cssy.aasa.ac.jp/syllabusHtml/2026/1610/1610_267271-01_ja_JP.html"
"5018","後期","後期","金3","267271-02","地域文化(ヨーロッパ)","佐藤 規祥","https://cssy.aasa.ac.jp/syllabusHtml/2026/1610/1610_267271-02_ja_JP.html"
"5019","後期","後期","水5","267272-01","地域文化(北米)","太田 浩司","https://cssy.aasa.ac.jp/syllabusHtml/2026/1610/1610_267272-01_ja_JP.html"
"5020","後期","後期","月2","267274-01","地域文化(アフリカ)","島津 侑希","https://cssy.aasa.ac.jp/syllabusHtml/2026/1610/1610_267274-01_ja_JP.html"
"5021","前期","前期","金2","267275-01","世界史","藤井 真湖","https://cssy.aasa.ac.jp/syllabusHtml/2026/1610/1610_267275-01_ja_JP.html"
"5022","後期","後期","木2","267275-02","世界史","藤井 真湖","https://cssy.aasa.ac.jp/syllabusHtml/2026/1610/1610_267275-02_ja_JP.html"
"5023","前期","前期","火1","267276-01","日本史","朝井 佐智子","https://cssy.aasa.ac.jp/syllabusHtml/2026/1610/1610_267276-01_ja_JP.html"
"5024","後期","後期","火1","267276-02","日本史","朝井 佐智子","https://cssy.aasa.ac.jp/syllabusHtml/2026/1610/1610_267276-02_ja_JP.html"
"5025","前期","前期","水1","267281-01","ロシア語","水野 晶子","https://cssy.aasa.ac.jp/syllabusHtml/2026/1610/1610_267281-01_ja_JP.html"
"5026","後期","後期","水3","267281-02","ロシア語","水野 晶子","https://cssy.aasa.ac.jp/syllabusHtml/2026/1610/1610_267281-02_ja_JP.html"
"5027","前期","前期","火2","267282-01","タイ語","村瀬 ユワラック","https://cssy.aasa.ac.jp/syllabusHtml/2026/1610/1610_267282-01_ja_JP.html"
"5028","後期","後期","火2","267282-02","タイ語","村瀬 ユワラック","https://cssy.aasa.ac.jp/syllabusHtml/2026/1610/1610_267282-02_ja_JP.html"
"5029","前期","前期","木3","267284-01","モンゴル語","KHORLOO Nyambayar","https://cssy.aasa.ac.jp/syllabusHtml/2026/1610/1610_267284-01_ja_JP.html"
"5030","後期","後期","木3","267284-02","モンゴル語","KHORLOO Nyambayar","https://cssy.aasa.ac.jp/syllabusHtml/2026/1610/1610_267284-02_ja_JP.html"
"5031","前期","前期","火2","267285-01","インドネシア語","YULIA Windarti","https://cssy.aasa.ac.jp/syllabusHtml/2026/1610/1610_267285-01_ja_JP.html"
"5032","後期","後期","火2","267285-02","インドネシア語","YULIA Windarti","https://cssy.aasa.ac.jp/syllabusHtml/2026/1610/1610_267285-02_ja_JP.html"
"5033","後期","後期","月2","267290-01","文化と思想","藤井 真湖","https://cssy.aasa.ac.jp/syllabusHtml/2026/1610/1610_267290-01_ja_JP.html"
"5034","前期","前期","月3","267292-01","文化人類学","二文字屋 脩","https://cssy.aasa.ac.jp/syllabusHtml/2026/1610/1610_267292-01_ja_JP.html"
"5035","後期","後期","金1","267293-01","くらしと法律","小宮 千歩","https://cssy.aasa.ac.jp/syllabusHtml/2026/1610/1610_267293-01_ja_JP.html"
"5036","前期","前期","金2","267294-01","政治のしくみ","長瀬 大樹","https://cssy.aasa.ac.jp/syllabusHtml/2026/1610/1610_267294-01_ja_JP.html"
"5037","後期","後期","金2","267294-02","政治のしくみ","長瀬 大樹","https://cssy.aasa.ac.jp/syllabusHtml/2026/1610/1610_267294-02_ja_JP.html"
"5038","前期","前期","水1","267295-01","人と社会","石橋 康正","https://cssy.aasa.ac.jp/syllabusHtml/2026/1610/1610_267295-01_ja_JP.html"
"5039","後期","後期","月4","267295-02","人と社会","石橋 康正","https://cssy.aasa.ac.jp/syllabusHtml/2026/1610/1610_267295-02_ja_JP.html"
"5040","前期","前期","月3","267296-01","経済学","土井 康裕","https://cssy.aasa.ac.jp/syllabusHtml/2026/1610/1610_267296-01_ja_JP.html"
"5041","後期","後期","月3","267296-02","経済学","土井 康裕","https://cssy.aasa.ac.jp/syllabusHtml/2026/1610/1610_267296-02_ja_JP.html"
"5042","後期","後期","月2","267298-01","民族誌学","二文字屋 脩","https://cssy.aasa.ac.jp/syllabusHtml/2026/1610/1610_267298-01_ja_JP.html"
"5043","前期","前期","木3","267301-01","国際関係入門","若松 孝司","https://cssy.aasa.ac.jp/syllabusHtml/2026/1610/1610_267301-01_ja_JP.html"
"5044","後期","後期","木3","267301-02","国際関係入門","若松 孝司","https://cssy.aasa.ac.jp/syllabusHtml/2026/1610/1610_267301-02_ja_JP.html"
"5045","前期","前期","水1","267302-01","国際理解教育論","島津 侑希","https://cssy.aasa.ac.jp/syllabusHtml/2026/1610/1610_267302-01_ja_JP.html"
"5046","前期","前期","月3","267306-01","国際協力論","江嵜 那留穂","https://cssy.aasa.ac.jp/syllabusHtml/2026/1610/1610_267306-01_ja_JP.html"
"5047","後期","後期","火3","267306-02","国際協力論","江嵜 那留穂","https://cssy.aasa.ac.jp/syllabusHtml/2026/1610/1610_267306-02_ja_JP.html"
"5048","前期","前期","月1","267310-01","言語研究(日本語学1)","松岡 みゆき","https://cssy.aasa.ac.jp/syllabusHtml/2026/1610/1610_267310-01_ja_JP.html"
"5049","後期","後期","月1","267311-01","言語研究(日本語学2)","松岡 みゆき","https://cssy.aasa.ac.jp/syllabusHtml/2026/1610/1610_267311-01_ja_JP.html"
"5050","後期","後期","他","267321-01","Let's Study English","太田 浩司","https://cssy.aasa.ac.jp/syllabusHtml/2026/1610/1610_267321-01_ja_JP.html"
"5051","後期","後期","月3","267322-01","EGB2 (Basic Grammar 2)","GOTOH Mie","https://cssy.aasa.ac.jp/syllabusHtml/2026/1610/1610_267322-01_ja_JP.html"
"5052","後期","後期","月4","267322-02","EGB2 (Basic Grammar 2)","GOTOH Mie","https://cssy.aasa.ac.jp/syllabusHtml/2026/1610/1610_267322-02_ja_JP.html"
"5053","後期","後期","火2","267322-03","EGB2 (Basic Grammar 2)","城山 良子","https://cssy.aasa.ac.jp/syllabusHtml/2026/1610/1610_267322-03_ja_JP.html"
"5054","後期","後期","木3","267322-04","EGB2 (Basic Grammar 2)","石河 敦子","https://cssy.aasa.ac.jp/syllabusHtml/2026/1610/1610_267322-04_ja_JP.html"
"5055","後期","後期","金4","267322-05","EGB2 (Basic Grammar 2)","城山 良子","https://cssy.aasa.ac.jp/syllabusHtml/2026/1610/1610_267322-05_ja_JP.html"
"5056","後期","後期","木1","267323-01","ERB2 (Basic Reading 2)","石河 敦子","https://cssy.aasa.ac.jp/syllabusHtml/2026/1610/1610_267323-01_ja_JP.html"
"5057","後期","後期","木2","267323-02","ERB2 (Basic Reading 2)","石河 敦子","https://cssy.aasa.ac.jp/syllabusHtml/2026/1610/1610_267323-02_ja_JP.html"
"5058","後期","後期","木2","267323-03","ERB2 (Basic Reading 2)","CAPITIN－PRINCIPE Abigail B.","https://cssy.aasa.ac.jp/syllabusHtml/2026/1610/1610_267323-03_ja_JP.html"
"5059","後期","後期","月2","267324-01","Pronunciation","中郷 慶","https://cssy.aasa.ac.jp/syllabusHtml/2026/1610/1610_267324-01_ja_JP.html"
"5060","後期","後期","月5","267329-01","ECB2 (Basic English Communication 2)","BOWDEN Matthew","https://cssy.aasa.ac.jp/syllabusHtml/2026/1610/1610_267329-01_ja_JP.html"
"5061","後期","後期","水1","267329-02","ECB2 (Basic English Communication 2)","MURRAY Aya","https://cssy.aasa.ac.jp/syllabusHtml/2026/1610/1610_267329-02_ja_JP.html"
"5062","後期","後期","水2","267329-03","ECB2 (Basic English Communication 2)","HSU Linda","https://cssy.aasa.ac.jp/syllabusHtml/2026/1610/1610_267329-03_ja_JP.html"
"5063","後期","後期","水3","267329-04","ECB2 (Basic English Communication 2)","HSU Linda","https://cssy.aasa.ac.jp/syllabusHtml/2026/1610/1610_267329-04_ja_JP.html"
"5064","後期","後期","木1","267329-05","ECB2 (Basic English Communication 2)","CAPITIN－PRINCIPE Abigail B.","https://cssy.aasa.ac.jp/syllabusHtml/2026/1610/1610_267329-05_ja_JP.html"
"5065","前期","前期","他","267341-02","ニーハオ中国語(初級会話)","高 飛","https://cssy.aasa.ac.jp/syllabusHtml/2026/1610/1610_267341-02_ja_JP.html"
"5066","後期","後期","火1","267341-03","ニーハオ中国語(初級会話)","MAYILA","https://cssy.aasa.ac.jp/syllabusHtml/2026/1610/1610_267341-03_ja_JP.html"
"5067","後期","後期","他","267341-04","ニーハオ中国語(初級会話)","高 飛","https://cssy.aasa.ac.jp/syllabusHtml/2026/1610/1610_267341-04_ja_JP.html"
"5068","前期","前期","他","267342-01","ドラマで中国語を学ぼう","何 龍 王 俊 チョウ ケイニ","https://cssy.aasa.ac.jp/syllabusHtml/2026/1610/1610_267342-01_ja_JP.html"
"5069","後期","後期","他","267342-02","ドラマで中国語を学ぼう","何 龍 王 俊 チョウ ケイニ","https://cssy.aasa.ac.jp/syllabusHtml/2026/1610/1610_267342-02_ja_JP.html"
"5070","前期","前期","火3","267344-01","アンニョン韓国・朝鮮語","チョ スルソップ","https://cssy.aasa.ac.jp/syllabusHtml/2026/1610/1610_267344-01_ja_JP.html"
"5071","前期","前期","他","267344-02","アンニョン韓国・朝鮮語","柳 朱燕","https://cssy.aasa.ac.jp/syllabusHtml/2026/1610/1610_267344-02_ja_JP.html"
"5072","後期","後期","水4","267344-03","アンニョン韓国・朝鮮語","柳 朱燕","https://cssy.aasa.ac.jp/syllabusHtml/2026/1610/1610_267344-03_ja_JP.html"
"5073","後期","後期","他","267344-04","アンニョン韓国・朝鮮語","柳 朱燕","https://cssy.aasa.ac.jp/syllabusHtml/2026/1610/1610_267344-04_ja_JP.html"
"5074","後期","後期","他","267365-01","観光心理学","岡部 純子","https://cssy.aasa.ac.jp/syllabusHtml/2026/1610/1610_267365-01_ja_JP.html"
"5075","後期","後期","他","267368-01","ユニバーサル・ツーリズム論","米盛 安奈","https://cssy.aasa.ac.jp/syllabusHtml/2026/1610/1610_267368-01_ja_JP.html"
"5076","後期","後期","月1","267369-01","観光DX論","西脇 靖紘","https://cssy.aasa.ac.jp/syllabusHtml/2026/1610/1610_267369-01_ja_JP.html"
"5077","後期","後期","他","267380-02","ナゴヤ観光学入門","林 大策","https://cssy.aasa.ac.jp/syllabusHtml/2026/1610/1610_267380-02_ja_JP.html"
"5078","後期","後期","他","267391-01","フィールドスタディ(中国)","馮 富榮","https://cssy.aasa.ac.jp/syllabusHtml/2026/1610/1610_267391-01_ja_JP.html"
"5079","前期","前期","他","267396-01","フィールドスタディ(韓国)","柳 朱燕","https://cssy.aasa.ac.jp/syllabusHtml/2026/1610/1610_267396-01_ja_JP.html"
"5080","前期","前期","他","267397-01","フィールドスタディ(歴史と文化)","二文字屋 脩","https://cssy.aasa.ac.jp/syllabusHtml/2026/1610/1610_267397-01_ja_JP.html"
"5081","前期","前期","木5","267400-01","研修フィールドスタディ入門","児玉 美由紀 杉本 一直 チョ スルソップ 馮 富榮 二村 慎一 林 大策 前島 訓子 大堀 一至 高 飛 信川 景子 柳 朱燕 野口 洋平 板垣 武尊","https://cssy.aasa.ac.jp/syllabusHtml/2026/1610/1610_267400-01_ja_JP.html"
"5082","後期","後期","木5","267400-02","研修フィールドスタディ入門","児玉 美由紀 杉本 一直 林 大策 前島 訓子 大堀 一至 二文字屋 脩 江嵜 那留穂 信川 景子 島津 侑希 野口 洋平 板垣 武尊","https://cssy.aasa.ac.jp/syllabusHtml/2026/1610/1610_267400-02_ja_JP.html"
"5083","後期","後期","他","267402-01","フィールドスタディ(観光産業)","板垣 武尊","https://cssy.aasa.ac.jp/syllabusHtml/2026/1610/1610_267402-01_ja_JP.html"
"5084","後期","後期","他","267406-01","フィールドスタディ(サスティナブルツーリズム)","前島 訓子","https://cssy.aasa.ac.jp/syllabusHtml/2026/1610/1610_267406-01_ja_JP.html"
"5085","後期","後期","他","267407-01","フィールドスタディ(観光政策)","野口 洋平","https://cssy.aasa.ac.jp/syllabusHtml/2026/1610/1610_267407-01_ja_JP.html"
"5086","後期","後期","他","267408-01","地域留学","林 大策 前島 訓子","https://cssy.aasa.ac.jp/syllabusHtml/2026/1610/1610_267408-01_ja_JP.html"
"5087","前期","前期","木2","151007-01","管理会計Ⅰ","原 慎之介","https://cssy.aasa.ac.jp/syllabusHtml/2026/1710/1710_151007-01_ja_JP.html"
"5088","後期","後期","木2","151008-01","管理会計Ⅱ","原 慎之介","https://cssy.aasa.ac.jp/syllabusHtml/2026/1710/1710_151008-01_ja_JP.html"
"5089","前期","前期","月4","151010-01","監査論Ⅰ","前田 篤","https://cssy.aasa.ac.jp/syllabusHtml/2026/1710/1710_151010-01_ja_JP.html"
"5090","後期","後期","月4","151011-01","監査論Ⅱ","前田 篤","https://cssy.aasa.ac.jp/syllabusHtml/2026/1710/1710_151011-01_ja_JP.html"
"5091","前期","前期","金2","151012-01","経営分析Ⅰ","西崎 賢治","https://cssy.aasa.ac.jp/syllabusHtml/2026/1710/1710_151012-01_ja_JP.html"
"5092","後期","後期","金2","151013-01","経営分析Ⅱ","西崎 賢治","https://cssy.aasa.ac.jp/syllabusHtml/2026/1710/1710_151013-01_ja_JP.html"
"5093","前期","前期","金3","151018-01","会計実務Ⅰ","前田 篤","https://cssy.aasa.ac.jp/syllabusHtml/2026/1710/1710_151018-01_ja_JP.html"
"5094","後期","後期","金3","151019-01","会計実務Ⅱ","前田 篤","https://cssy.aasa.ac.jp/syllabusHtml/2026/1710/1710_151019-01_ja_JP.html"
"5095","前期","前期","火4","151037-01","ファイナンシャルプランニングⅠ","外部講師(大原学園) ビジ","https://cssy.aasa.ac.jp/syllabusHtml/2026/1710/1710_151037-01_ja_JP.html"
"5096","後期","後期","火4","151038-01","ファイナンシャルプランニングⅡ","外部講師(大原学園) ビジ","https://cssy.aasa.ac.jp/syllabusHtml/2026/1710/1710_151038-01_ja_JP.html"
"5097","前期","前期","月3","151042-01","ビジネスプレゼンテーション","茂籠 英典","https://cssy.aasa.ac.jp/syllabusHtml/2026/1710/1710_151042-01_ja_JP.html"
"5098","前期","前期","火4","151042-02","ビジネスプレゼンテーション","今井 里香","https://cssy.aasa.ac.jp/syllabusHtml/2026/1710/1710_151042-02_ja_JP.html"
"5099","前期","前期","火5","151042-03","ビジネスプレゼンテーション","菅野 淑","https://cssy.aasa.ac.jp/syllabusHtml/2026/1710/1710_151042-03_ja_JP.html"
"5100","前期","前期","金3","151042-04","ビジネスプレゼンテーション","菅野 淑","https://cssy.aasa.ac.jp/syllabusHtml/2026/1710/1710_151042-04_ja_JP.html"
"5101","後期","後期","火2","151042-05","ビジネスプレゼンテーション","菅野 淑","https://cssy.aasa.ac.jp/syllabusHtml/2026/1710/1710_151042-05_ja_JP.html"
"5102","後期","後期","火4","151042-06","ビジネスプレゼンテーション","今井 里香","https://cssy.aasa.ac.jp/syllabusHtml/2026/1710/1710_151042-06_ja_JP.html"
"5103","後期","後期","火4","151042-07","ビジネスプレゼンテーション","菅野 淑","https://cssy.aasa.ac.jp/syllabusHtml/2026/1710/1710_151042-07_ja_JP.html"
"5104","後期","後期","月4","151051-01","経営情報システム論","林 誠","https://cssy.aasa.ac.jp/syllabusHtml/2026/1710/1710_151051-01_ja_JP.html"
"5105","前期","前期","水2","151084-01","国際ビジネストレンド","外部講師(Biz GMSK MASUDA)","https://cssy.aasa.ac.jp/syllabusHtml/2026/1710/1710_151084-01_ja_JP.html"
"5106","前期","前期","他","151089-01","マーケティングリサーチ","藤木 美江","https://cssy.aasa.ac.jp/syllabusHtml/2026/1710/1710_151089-01_ja_JP.html"
"5107","後期","後期","他","151089-02","マーケティングリサーチ","藤木 美江","https://cssy.aasa.ac.jp/syllabusHtml/2026/1710/1710_151089-02_ja_JP.html"
"5108","前期","前期","月4","151093-01","eビジネス","林 誠","https://cssy.aasa.ac.jp/syllabusHtml/2026/1710/1710_151093-01_ja_JP.html"
"5109","後期","後期","月1","151115-01","職業指導論","野田 隆洋","https://cssy.aasa.ac.jp/syllabusHtml/2026/1710/1710_151115-01_ja_JP.html"
"5110","前期","前期","月2","151118-01","財務会計Ⅰ","眞鍋 和弘","https://cssy.aasa.ac.jp/syllabusHtml/2026/1710/1710_151118-01_ja_JP.html"
"5111","前期","前期","月2","151118-02","財務会計Ⅰ","森 洵太","https://cssy.aasa.ac.jp/syllabusHtml/2026/1710/1710_151118-02_ja_JP.html"
"5112","後期","後期","月2","151119-01","財務会計Ⅱ","眞鍋 和弘","https://cssy.aasa.ac.jp/syllabusHtml/2026/1710/1710_151119-01_ja_JP.html"
"5113","後期","後期","月2","151119-02","財務会計Ⅱ","森 洵太","https://cssy.aasa.ac.jp/syllabusHtml/2026/1710/1710_151119-02_ja_JP.html"
"5114","前期","前期","月1","151120-01","法人税法Ⅰ","加藤 久也","https://cssy.aasa.ac.jp/syllabusHtml/2026/1710/1710_151120-01_ja_JP.html"
"5115","後期","後期","月1","151121-01","法人税法Ⅱ","加藤 久也","https://cssy.aasa.ac.jp/syllabusHtml/2026/1710/1710_151121-01_ja_JP.html"
"5116","前期","前期","木3","151143-01","租税法Ⅰ","糟谷 修","https://cssy.aasa.ac.jp/syllabusHtml/2026/1710/1710_151143-01_ja_JP.html"
"5117","後期","後期","木3","151144-01","租税法Ⅱ","糟谷 修","https://cssy.aasa.ac.jp/syllabusHtml/2026/1710/1710_151144-01_ja_JP.html"
"5118","後期","後期","木4","151203-01","日本経済事情","渡邉 聡","https://cssy.aasa.ac.jp/syllabusHtml/2026/1710/1710_151203-01_ja_JP.html"
"5119","後期","後期","火1","151207-01","ビジネス統計基礎","奥村 文徳","https://cssy.aasa.ac.jp/syllabusHtml/2026/1710/1710_151207-01_ja_JP.html"
"5120","後期","後期","他","151207-02","ビジネス統計基礎","藤木 美江","https://cssy.aasa.ac.jp/syllabusHtml/2026/1710/1710_151207-02_ja_JP.html"
"5121","後期","後期","月2","151210-01","国際政治経済事情","石坂 綾子","https://cssy.aasa.ac.jp/syllabusHtml/2026/1710/1710_151210-01_ja_JP.html"
"5122","前期","前期","月4","151212-01","原価計算Ⅰ","三浦 克人","https://cssy.aasa.ac.jp/syllabusHtml/2026/1710/1710_151212-01_ja_JP.html"
"5123","後期","後期","月4","151213-01","原価計算Ⅱ","三浦 克人","https://cssy.aasa.ac.jp/syllabusHtml/2026/1710/1710_151213-01_ja_JP.html"
"5124","後期","後期","木2","151231-01","クリティカルシンキング","宮崎 新","https://cssy.aasa.ac.jp/syllabusHtml/2026/1710/1710_151231-01_ja_JP.html"
"5125","前期","前期","他","151242-01","セキュリティとリスクマネジメント","上原 衛","https://cssy.aasa.ac.jp/syllabusHtml/2026/1710/1710_151242-01_ja_JP.html"
"5126","前期","前期","火2","151264-01","ファッションマーケティング","山本 奈央","https://cssy.aasa.ac.jp/syllabusHtml/2026/1710/1710_151264-01_ja_JP.html"
"5127","前期","前期","火3","151275-01","コンピュータ会計","木野 宏紀","https://cssy.aasa.ac.jp/syllabusHtml/2026/1710/1710_151275-01_ja_JP.html"
"5128","前期","前期","火4","151275-02","コンピュータ会計","木野 宏紀","https://cssy.aasa.ac.jp/syllabusHtml/2026/1710/1710_151275-02_ja_JP.html"
"5129","後期","後期","火3","151275-03","コンピュータ会計","木野 宏紀","https://cssy.aasa.ac.jp/syllabusHtml/2026/1710/1710_151275-03_ja_JP.html"
"5130","後期","後期","火4","151275-04","コンピュータ会計","木野 宏紀","https://cssy.aasa.ac.jp/syllabusHtml/2026/1710/1710_151275-04_ja_JP.html"
"5131","前期","前期","金2","151310-01","中小企業を学ぶ","浅井 敬一朗 外部講師(愛知同友会協同組合)","https://cssy.aasa.ac.jp/syllabusHtml/2026/1710/1710_151310-01_ja_JP.html"
"5132","前期","前期","火3","151323-01","PowerPointスキルアップ","茂籠 英典","https://cssy.aasa.ac.jp/syllabusHtml/2026/1710/1710_151323-01_ja_JP.html"
"5133","前期","前期","火4","151323-02","PowerPointスキルアップ","茂籠 英典","https://cssy.aasa.ac.jp/syllabusHtml/2026/1710/1710_151323-02_ja_JP.html"
"5134","後期","後期","月3","151323-03","PowerPointスキルアップ","茂籠 英典","https://cssy.aasa.ac.jp/syllabusHtml/2026/1710/1710_151323-03_ja_JP.html"
"5135","後期","後期","月4","151323-04","PowerPointスキルアップ","茂籠 英典","https://cssy.aasa.ac.jp/syllabusHtml/2026/1710/1710_151323-04_ja_JP.html"
"5136","前期","前期","火3","151324-01","グループワークⅠ(ビジネス学部入門)","眞鍋 和弘","https://cssy.aasa.ac.jp/syllabusHtml/2026/1710/1710_151324-01_ja_JP.html"
"5137","前期","前期","火3","151325-01","グループワークⅡ(問題解決)","眞鍋 和弘","https://cssy.aasa.ac.jp/syllabusHtml/2026/1710/1710_151325-01_ja_JP.html"
"5138","前期","前期","金1","151325-03","グループワークⅡ(問題解決)","西崎 賢治","https://cssy.aasa.ac.jp/syllabusHtml/2026/1710/1710_151325-03_ja_JP.html"
"5139","前期","前期","火2","151326-01","ビジネスとマナー","外部講師(マザーリーフ)","https://cssy.aasa.ac.jp/syllabusHtml/2026/1710/1710_151326-01_ja_JP.html"
"5140","前期","前期","水2","151326-02","ビジネスとマナー","外部講師(マザーリーフ)","https://cssy.aasa.ac.jp/syllabusHtml/2026/1710/1710_151326-02_ja_JP.html"
"5141","前期","前期","木3","151326-03","ビジネスとマナー","外部講師(マザーリーフ)","https://cssy.aasa.ac.jp/syllabusHtml/2026/1710/1710_151326-03_ja_JP.html"
"5142","前期","前期","木4","151326-04","ビジネスとマナー","外部講師(マザーリーフ)","https://cssy.aasa.ac.jp/syllabusHtml/2026/1710/1710_151326-04_ja_JP.html"
"5143","後期","後期","火2","151326-05","ビジネスとマナー","外部講師(マザーリーフ)","https://cssy.aasa.ac.jp/syllabusHtml/2026/1710/1710_151326-05_ja_JP.html"
"5144","後期","後期","火3","151326-06","ビジネスとマナー","外部講師(マザーリーフ)","https://cssy.aasa.ac.jp/syllabusHtml/2026/1710/1710_151326-06_ja_JP.html"
"5145","後期","後期","火4","151326-07","ビジネスとマナー","外部講師(マザーリーフ)","https://cssy.aasa.ac.jp/syllabusHtml/2026/1710/1710_151326-07_ja_JP.html"
"5146","後期","後期","水2","151326-08","ビジネスとマナー","外部講師(マザーリーフ)","https://cssy.aasa.ac.jp/syllabusHtml/2026/1710/1710_151326-08_ja_JP.html"
"5147","後期","後期","火5","151328-01","シゴト学入門","浅井 敬一朗","https://cssy.aasa.ac.jp/syllabusHtml/2026/1710/1710_151328-01_ja_JP.html"
"5148","後期","後期","水1","151330-01","製造業の基礎知識","浅井 敬一朗","https://cssy.aasa.ac.jp/syllabusHtml/2026/1710/1710_151330-01_ja_JP.html"
"5149","前期","前期","水3","151331-01","小売・流通の基礎知識","フ コウソウ","https://cssy.aasa.ac.jp/syllabusHtml/2026/1710/1710_151331-01_ja_JP.html"
"5150","後期","後期","木3","151331-02","小売・流通の基礎知識","藤井 英明","https://cssy.aasa.ac.jp/syllabusHtml/2026/1710/1710_151331-02_ja_JP.html"
"5151","前期","前期","木4","151333-01","ホスピタリティマネジメント","フ コウソウ","https://cssy.aasa.ac.jp/syllabusHtml/2026/1710/1710_151333-01_ja_JP.html"
"5152","前期","前期","水2","151334-01","会社学Ⅰ","浅井 敬一朗","https://cssy.aasa.ac.jp/syllabusHtml/2026/1710/1710_151334-01_ja_JP.html"
"5153","前期","前期","金1","151336-01","銀行ビジネスを学ぶ","奥田 真之","https://cssy.aasa.ac.jp/syllabusHtml/2026/1710/1710_151336-01_ja_JP.html"
"5154","後期","後期","金1","151336-02","銀行ビジネスを学ぶ","奥田 真之","https://cssy.aasa.ac.jp/syllabusHtml/2026/1710/1710_151336-02_ja_JP.html"
"5155","前期","前期","火3","151337-01","証券ビジネスを学ぶ","三矢 幹根","https://cssy.aasa.ac.jp/syllabusHtml/2026/1710/1710_151337-01_ja_JP.html"
"5156","後期","後期","金4","151337-02","証券ビジネスを学ぶ","三矢 幹根","https://cssy.aasa.ac.jp/syllabusHtml/2026/1710/1710_151337-02_ja_JP.html"
"5157","前期","前期","火4","151338-01","保険ビジネスを学ぶ","脇田 邦裕","https://cssy.aasa.ac.jp/syllabusHtml/2026/1710/1710_151338-01_ja_JP.html"
"5158","後期","後期","火4","151338-02","保険ビジネスを学ぶ","脇田 邦裕","https://cssy.aasa.ac.jp/syllabusHtml/2026/1710/1710_151338-02_ja_JP.html"
"5159","前期","前期","水1","151339-01","私のシゴト学","藤井 英明","https://cssy.aasa.ac.jp/syllabusHtml/2026/1710/1710_151339-01_ja_JP.html"
"5160","前期","前期","木1","151341-01","会社法を学ぶ","野田 幸宏","https://cssy.aasa.ac.jp/syllabusHtml/2026/1710/1710_151341-01_ja_JP.html"
"5161","前期","前期","水1","151342-01","データ分析とレポート作成","奥村 文徳","https://cssy.aasa.ac.jp/syllabusHtml/2026/1710/1710_151342-01_ja_JP.html"
"5162","前期","前期","水3","151342-02","データ分析とレポート作成","奥村 文徳","https://cssy.aasa.ac.jp/syllabusHtml/2026/1710/1710_151342-02_ja_JP.html"
"5163","前期","前期","他","151342-03","データ分析とレポート作成","藤木 美江","https://cssy.aasa.ac.jp/syllabusHtml/2026/1710/1710_151342-03_ja_JP.html"
"5164","後期","後期","火2","151342-04","データ分析とレポート作成","奥村 文徳","https://cssy.aasa.ac.jp/syllabusHtml/2026/1710/1710_151342-04_ja_JP.html"
"5165","前期","前期","月3","151343-01","ビジネスプロセスとICT","林 誠","https://cssy.aasa.ac.jp/syllabusHtml/2026/1710/1710_151343-01_ja_JP.html"
"5166","後期","後期","月3","151343-02","ビジネスプロセスとICT","林 誠","https://cssy.aasa.ac.jp/syllabusHtml/2026/1710/1710_151343-02_ja_JP.html"
"5167","前期","前期","月2","151344-01","IT産業の動向とビジネス","林 誠","https://cssy.aasa.ac.jp/syllabusHtml/2026/1710/1710_151344-01_ja_JP.html"
"5168","後期","後期","他","151345-01","ものづくりとICT","上原 衛","https://cssy.aasa.ac.jp/syllabusHtml/2026/1710/1710_151345-01_ja_JP.html"
"5169","前期","前期","木3","151348-01","戦略設計Ⅰ(ポジショニングビュー)","日野 恵美子","https://cssy.aasa.ac.jp/syllabusHtml/2026/1710/1710_151348-01_ja_JP.html"
"5170","前期","前期","木4","151348-02","戦略設計Ⅰ(ポジショニングビュー)","日野 恵美子","https://cssy.aasa.ac.jp/syllabusHtml/2026/1710/1710_151348-02_ja_JP.html"
"5171","後期","後期","木2","151349-01","戦略設計Ⅱ(リソースベースドビュー)","日野 恵美子","https://cssy.aasa.ac.jp/syllabusHtml/2026/1710/1710_151349-01_ja_JP.html"
"5172","後期","後期","木3","151349-02","戦略設計Ⅱ(リソースベースドビュー)","日野 恵美子","https://cssy.aasa.ac.jp/syllabusHtml/2026/1710/1710_151349-02_ja_JP.html"
"5173","前期","前期","水2","151350-01","クチコミとネットワーク","原田 穂高","https://cssy.aasa.ac.jp/syllabusHtml/2026/1710/1710_151350-01_ja_JP.html"
"5174","後期","後期","水1","151350-02","クチコミとネットワーク","原田 穂高","https://cssy.aasa.ac.jp/syllabusHtml/2026/1710/1710_151350-02_ja_JP.html"
"5175","後期","後期","木1","151350-03","クチコミとネットワーク","原田 穂高","https://cssy.aasa.ac.jp/syllabusHtml/2026/1710/1710_151350-03_ja_JP.html"
"5176","前期","前期","火1","151351-01","プロモーションストラテジー","新井 亨","https://cssy.aasa.ac.jp/syllabusHtml/2026/1710/1710_151351-01_ja_JP.html"
"5177","後期","後期","火1","151351-02","プロモーションストラテジー","新井 亨","https://cssy.aasa.ac.jp/syllabusHtml/2026/1710/1710_151351-02_ja_JP.html"
"5178","後期","後期","木4","151352-01","企業間関係のマネジメント","フ コウソウ","https://cssy.aasa.ac.jp/syllabusHtml/2026/1710/1710_151352-01_ja_JP.html"
"5179","前期","前期","月3","151353-01","戦略設計Ⅲ(全社戦略)","日野 恵美子","https://cssy.aasa.ac.jp/syllabusHtml/2026/1710/1710_151353-01_ja_JP.html"
"5180","前期","前期","火3","151354-01","ケーススタディA(競争戦略)","東野 礼","https://cssy.aasa.ac.jp/syllabusHtml/2026/1710/1710_151354-01_ja_JP.html"
"5181","後期","後期","火3","151354-02","ケーススタディA(競争戦略)","東野 礼","https://cssy.aasa.ac.jp/syllabusHtml/2026/1710/1710_151354-02_ja_JP.html"
"5182","後期","後期","金3","151355-01","ケーススタディB(ヒット商品)","フ コウソウ","https://cssy.aasa.ac.jp/syllabusHtml/2026/1710/1710_151355-01_ja_JP.html"
"5183","前期","前期","木2","151356-01","ICPベーシック","藤井 英明 外部講師(マザーリーフ) 宮崎 新","https://cssy.aasa.ac.jp/syllabusHtml/2026/1710/1710_151356-01_ja_JP.html"
"5184","前期","前期","木2","151356-02","ICPベーシック","藤井 英明 外部講師(マザーリーフ) 宮崎 新","https://cssy.aasa.ac.jp/syllabusHtml/2026/1710/1710_151356-02_ja_JP.html"
"5185","前期","前期","木2","151356-03","ICPベーシック","藤井 英明 外部講師(マザーリーフ) 宮崎 新","https://cssy.aasa.ac.jp/syllabusHtml/2026/1710/1710_151356-03_ja_JP.html"
"5186","後期","後期","金2","151358-01","イノベーションプログラムB(ものづくり)","浅井 敬一朗 外部講師(ファースト)","https://cssy.aasa.ac.jp/syllabusHtml/2026/1710/1710_151358-01_ja_JP.html"
"5187","後期","後期","木4","151359-01","イノベーションプログラムC(まちづくり)","藤井 英明","https://cssy.aasa.ac.jp/syllabusHtml/2026/1710/1710_151359-01_ja_JP.html"
"5188","後期","後期","金3","151360-01","イノベーションプログラムD(プロモーション)","藤木 美江 茂籠 英典 柵木 志","https://cssy.aasa.ac.jp/syllabusHtml/2026/1710/1710_151360-01_ja_JP.html"
"5189","後期","後期","金2","151361-01","イノベーションプログラムE(ホスピタリティ)","フ コウソウ","https://cssy.aasa.ac.jp/syllabusHtml/2026/1710/1710_151361-01_ja_JP.html"
"5190","前期","前期","金4","151363-01","チャレンジプログラムB(ものづくり)","浅井 敬一朗 外部講師(鶴田工業所)","https://cssy.aasa.ac.jp/syllabusHtml/2026/1710/1710_151363-01_ja_JP.html"
"5191","前期","前期","水2","151364-01","チャレンジプログラムC(まちづくり)","稲葉 久之 大西 未来","https://cssy.aasa.ac.jp/syllabusHtml/2026/1710/1710_151364-01_ja_JP.html"
"5192","前期","前期","月5","151365-01","チャレンジプログラムD(プロモーション)","藤木 美江 茂籠 英典 外部講師(廣告社) 柵木 志","https://cssy.aasa.ac.jp/syllabusHtml/2026/1710/1710_151365-01_ja_JP.html"
"5193","前期","前期","金4","151366-01","チャレンジプログラムE(ホスピタリティ)","外部講師(ベネッセ) ビジ","https://cssy.aasa.ac.jp/syllabusHtml/2026/1710/1710_151366-01_ja_JP.html"
"5194","前期","前期","火4","151369-01","日本の会計制度","中山 重穂","https://cssy.aasa.ac.jp/syllabusHtml/2026/1710/1710_151369-01_ja_JP.html"
"5195","前期","前期","金1","151370-01","国際会計論","田代 樹彦","https://cssy.aasa.ac.jp/syllabusHtml/2026/1710/1710_151370-01_ja_JP.html"
"5196","後期","後期","水2","151371-01","会計学入門","西崎 賢治","https://cssy.aasa.ac.jp/syllabusHtml/2026/1710/1710_151371-01_ja_JP.html"
"5197","後期","後期","水2","151371-02","会計学入門","前田 篤","https://cssy.aasa.ac.jp/syllabusHtml/2026/1710/1710_151371-02_ja_JP.html"
"5198","後期","後期","水2","151371-03","会計学入門","眞鍋 和弘","https://cssy.aasa.ac.jp/syllabusHtml/2026/1710/1710_151371-03_ja_JP.html"
"5199","後期","後期","金1","151373-01","企業分析プロジェクトA","三浦 克人","https://cssy.aasa.ac.jp/syllabusHtml/2026/1710/1710_151373-01_ja_JP.html"
"5200","後期","後期","金1","151374-01","企業分析プロジェクトB","森 洵太","https://cssy.aasa.ac.jp/syllabusHtml/2026/1710/1710_151374-01_ja_JP.html"
"5201","前期","前期","水2","151376-01","金融システム","石坂 綾子","https://cssy.aasa.ac.jp/syllabusHtml/2026/1710/1710_151376-01_ja_JP.html"
"5202","前期","前期","金4","151377-01","外国為替","三矢 幹根","https://cssy.aasa.ac.jp/syllabusHtml/2026/1710/1710_151377-01_ja_JP.html"
"5203","後期","後期","水2","151378-01","アジアビジネス","潘 卉","https://cssy.aasa.ac.jp/syllabusHtml/2026/1710/1710_151378-01_ja_JP.html"
"5204","前期","前期","火3","151379-01","アメリカビジネス","真田 幸光","https://cssy.aasa.ac.jp/syllabusHtml/2026/1710/1710_151379-01_ja_JP.html"
"5205","後期","後期","木2","151380-01","ヨーロッパビジネス","石坂 綾子","https://cssy.aasa.ac.jp/syllabusHtml/2026/1710/1710_151380-01_ja_JP.html"
"5206","後期","後期","木4","151381-01","国際金融","三矢 幹根","https://cssy.aasa.ac.jp/syllabusHtml/2026/1710/1710_151381-01_ja_JP.html"
"5207","前期","前期","月2","151382-01","ビジネス英語Ⅰ","宮崎 尚一","https://cssy.aasa.ac.jp/syllabusHtml/2026/1710/1710_151382-01_ja_JP.html"
"5208","前期","前期","火4","151382-02","ビジネス英語Ⅰ","MOORE Douglas","https://cssy.aasa.ac.jp/syllabusHtml/2026/1710/1710_151382-02_ja_JP.html"
"5209","前期","前期","金1","151382-03","ビジネス英語Ⅰ","宮崎 尚一","https://cssy.aasa.ac.jp/syllabusHtml/2026/1710/1710_151382-03_ja_JP.html"
"5210","前期","前期","金3","151382-04","ビジネス英語Ⅰ","宮崎 尚一","https://cssy.aasa.ac.jp/syllabusHtml/2026/1710/1710_151382-04_ja_JP.html"
"5211","後期","後期","月3","151382-05","ビジネス英語Ⅰ","宮崎 尚一","https://cssy.aasa.ac.jp/syllabusHtml/2026/1710/1710_151382-05_ja_JP.html"
"5212","前期","前期","月3","151383-01","ビジネス英語Ⅱ","宮崎 尚一","https://cssy.aasa.ac.jp/syllabusHtml/2026/1710/1710_151383-01_ja_JP.html"
"5213","前期","前期","火5","151383-02","ビジネス英語Ⅱ","MOORE Douglas","https://cssy.aasa.ac.jp/syllabusHtml/2026/1710/1710_151383-02_ja_JP.html"
"5214","前期","前期","金2","151383-03","ビジネス英語Ⅱ","宮崎 尚一","https://cssy.aasa.ac.jp/syllabusHtml/2026/1710/1710_151383-03_ja_JP.html"
"5215","前期","前期","金4","151383-04","ビジネス英語Ⅱ","宮崎 尚一","https://cssy.aasa.ac.jp/syllabusHtml/2026/1710/1710_151383-04_ja_JP.html"
"5216","後期","後期","月4","151383-05","ビジネス英語Ⅱ","宮崎 尚一","https://cssy.aasa.ac.jp/syllabusHtml/2026/1710/1710_151383-05_ja_JP.html"
"5217","後期","後期","火4","151384-01","ビジネス英語Ⅲ","MOORE Douglas","https://cssy.aasa.ac.jp/syllabusHtml/2026/1710/1710_151384-01_ja_JP.html"
"5218","後期","後期","金1","151384-02","ビジネス英語Ⅲ","宮崎 尚一","https://cssy.aasa.ac.jp/syllabusHtml/2026/1710/1710_151384-02_ja_JP.html"
"5219","後期","後期","金3","151384-03","ビジネス英語Ⅲ","宮崎 尚一","https://cssy.aasa.ac.jp/syllabusHtml/2026/1710/1710_151384-03_ja_JP.html"
"5220","後期","後期","火5","151385-01","ビジネス英語Ⅳ","MOORE Douglas","https://cssy.aasa.ac.jp/syllabusHtml/2026/1710/1710_151385-01_ja_JP.html"
"5221","後期","後期","金2","151385-02","ビジネス英語Ⅳ","宮崎 尚一","https://cssy.aasa.ac.jp/syllabusHtml/2026/1710/1710_151385-02_ja_JP.html"
"5222","後期","後期","金4","151385-03","ビジネス英語Ⅳ","宮崎 尚一","https://cssy.aasa.ac.jp/syllabusHtml/2026/1710/1710_151385-03_ja_JP.html"
"5223","後期","後期","木2","151386-01","Global Business Elementary","潘 卉","https://cssy.aasa.ac.jp/syllabusHtml/2026/1710/1710_151386-01_ja_JP.html"
"5224","後期","後期","木2","151386-02","Global Business Elementary","渡邉 聡","https://cssy.aasa.ac.jp/syllabusHtml/2026/1710/1710_151386-02_ja_JP.html"
"5225","後期","後期","木4","151387-01","Global Economy Elementary","鈴木 崇文","https://cssy.aasa.ac.jp/syllabusHtml/2026/1710/1710_151387-01_ja_JP.html"
"5226","前期","前期","火3","151388-01","Business Communication Elementary","THOMAS Gareth","https://cssy.aasa.ac.jp/syllabusHtml/2026/1710/1710_151388-01_ja_JP.html"
"5227","前期","前期","火4","151388-02","Business Communication Elementary","THOMAS Gareth","https://cssy.aasa.ac.jp/syllabusHtml/2026/1710/1710_151388-02_ja_JP.html"
"5228","前期","前期","火5","151388-03","Business Communication Elementary","FLORES Ana Maria","https://cssy.aasa.ac.jp/syllabusHtml/2026/1710/1710_151388-03_ja_JP.html"
"5229","前期","前期","木5","151388-04","Business Communication Elementary","FLORES Ana Maria","https://cssy.aasa.ac.jp/syllabusHtml/2026/1710/1710_151388-04_ja_JP.html"
"5230","前期","前期","火3","151389-01","ビジネス文書英語Ⅰ","NICKSICK Thomas","https://cssy.aasa.ac.jp/syllabusHtml/2026/1710/1710_151389-01_ja_JP.html"
"5231","前期","前期","火3","151389-02","ビジネス文書英語Ⅰ","MOORE Douglas","https://cssy.aasa.ac.jp/syllabusHtml/2026/1710/1710_151389-02_ja_JP.html"
"5232","前期","前期","火5","151389-03","ビジネス文書英語Ⅰ","NICKSICK Thomas","https://cssy.aasa.ac.jp/syllabusHtml/2026/1710/1710_151389-03_ja_JP.html"
"5233","前期","前期","木3","151389-04","ビジネス文書英語Ⅰ","THOMAS Gareth","https://cssy.aasa.ac.jp/syllabusHtml/2026/1710/1710_151389-04_ja_JP.html"
"5234","後期","後期","火3","151390-01","ビジネス文書英語Ⅱ","NICKSICK Thomas","https://cssy.aasa.ac.jp/syllabusHtml/2026/1710/1710_151390-01_ja_JP.html"
"5235","後期","後期","火3","151390-02","ビジネス文書英語Ⅱ","MOORE Douglas","https://cssy.aasa.ac.jp/syllabusHtml/2026/1710/1710_151390-02_ja_JP.html"
"5236","後期","後期","火4","151390-03","ビジネス文書英語Ⅱ","NICKSICK Thomas","https://cssy.aasa.ac.jp/syllabusHtml/2026/1710/1710_151390-03_ja_JP.html"
"5237","後期","後期","木3","151390-04","ビジネス文書英語Ⅱ","THOMAS Gareth","https://cssy.aasa.ac.jp/syllabusHtml/2026/1710/1710_151390-04_ja_JP.html"
"5238","前期","前期","火1","151391-01","英語プレゼンテーションⅠ","福田 薫","https://cssy.aasa.ac.jp/syllabusHtml/2026/1710/1710_151391-01_ja_JP.html"
"5239","前期","前期","火2","151391-02","英語プレゼンテーションⅠ","福田 薫","https://cssy.aasa.ac.jp/syllabusHtml/2026/1710/1710_151391-02_ja_JP.html"
"5240","前期","前期","水4","151391-03","英語プレゼンテーションⅠ","FLORES Ana Maria","https://cssy.aasa.ac.jp/syllabusHtml/2026/1710/1710_151391-03_ja_JP.html"
"5241","前期","前期","木4","151391-04","英語プレゼンテーションⅠ","THOMAS Gareth","https://cssy.aasa.ac.jp/syllabusHtml/2026/1710/1710_151391-04_ja_JP.html"
"5242","後期","後期","火1","151392-01","英語プレゼンテーションⅡ","福田 薫","https://cssy.aasa.ac.jp/syllabusHtml/2026/1710/1710_151392-01_ja_JP.html"
"5243","後期","後期","火2","151392-02","英語プレゼンテーションⅡ","福田 薫","https://cssy.aasa.ac.jp/syllabusHtml/2026/1710/1710_151392-02_ja_JP.html"
"5244","後期","後期","木4","151392-03","英語プレゼンテーションⅡ","THOMAS Gareth","https://cssy.aasa.ac.jp/syllabusHtml/2026/1710/1710_151392-03_ja_JP.html"
"5245","後期","後期","木4","151392-04","英語プレゼンテーションⅡ","FLORES Ana Maria","https://cssy.aasa.ac.jp/syllabusHtml/2026/1710/1710_151392-04_ja_JP.html"
"5246","前期","前期","木2","151393-01","Global Business Ⅰ","石坂 綾子","https://cssy.aasa.ac.jp/syllabusHtml/2026/1710/1710_151393-01_ja_JP.html"
"5247","前期","前期","木2","151393-02","Global Business Ⅰ","潘 卉","https://cssy.aasa.ac.jp/syllabusHtml/2026/1710/1710_151393-02_ja_JP.html"
"5248","後期","後期","火5","151394-01","Global Economy Ⅰ","鈴木 崇文","https://cssy.aasa.ac.jp/syllabusHtml/2026/1710/1710_151394-01_ja_JP.html"
"5249","後期","後期","月3","151395-01","Business Communication Ⅰ","FLORES Ana Maria","https://cssy.aasa.ac.jp/syllabusHtml/2026/1710/1710_151395-01_ja_JP.html"
"5250","後期","後期","月4","151395-02","Business Communication Ⅰ","FLORES Ana Maria","https://cssy.aasa.ac.jp/syllabusHtml/2026/1710/1710_151395-02_ja_JP.html"
"5251","後期","後期","水4","151395-03","Business Communication Ⅰ","FLORES Ana Maria","https://cssy.aasa.ac.jp/syllabusHtml/2026/1710/1710_151395-03_ja_JP.html"
"5252","後期","後期","木3","151395-04","Business Communication Ⅰ","FLORES Ana Maria","https://cssy.aasa.ac.jp/syllabusHtml/2026/1710/1710_151395-04_ja_JP.html"
"5253","後期","後期","火3","151396-01","Global Business Ⅱ","三矢 幹根","https://cssy.aasa.ac.jp/syllabusHtml/2026/1710/1710_151396-01_ja_JP.html"
"5254","前期","前期","木4","151397-01","Global Economy Ⅱ","三矢 幹根","https://cssy.aasa.ac.jp/syllabusHtml/2026/1710/1710_151397-01_ja_JP.html"
"5255","後期","後期","火4","151398-01","Business Communication Ⅱ","THOMAS Gareth","https://cssy.aasa.ac.jp/syllabusHtml/2026/1710/1710_151398-01_ja_JP.html"
"5256","前期","前期","月2","151404-01","ゼミナールⅠ(グローバルビジネス)","渡邉 聡","https://cssy.aasa.ac.jp/syllabusHtml/2026/1710/1710_151404-01_ja_JP.html"
"5257","前期","前期","水3","151404-02","ゼミナールⅠ(グローバルビジネス)","石坂 綾子","https://cssy.aasa.ac.jp/syllabusHtml/2026/1710/1710_151404-02_ja_JP.html"
"5258","前期","前期","水3","151404-03","ゼミナールⅠ(グローバルビジネス)","鈴木 崇文","https://cssy.aasa.ac.jp/syllabusHtml/2026/1710/1710_151404-03_ja_JP.html"
"5259","前期","前期","水3","151404-04","ゼミナールⅠ(グローバルビジネス)","潘 卉","https://cssy.aasa.ac.jp/syllabusHtml/2026/1710/1710_151404-04_ja_JP.html"
"5260","前期","前期","水5","151404-05","ゼミナールⅠ(グローバルビジネス)","三矢 幹根","https://cssy.aasa.ac.jp/syllabusHtml/2026/1710/1710_151404-05_ja_JP.html"
"5261","後期","後期","月2","151405-01","ゼミナールⅡ(グローバルビジネス)","渡邉 聡","https://cssy.aasa.ac.jp/syllabusHtml/2026/1710/1710_151405-01_ja_JP.html"
"5262","後期","後期","水3","151405-02","ゼミナールⅡ(グローバルビジネス)","石坂 綾子","https://cssy.aasa.ac.jp/syllabusHtml/2026/1710/1710_151405-02_ja_JP.html"
"5263","後期","後期","水3","151405-03","ゼミナールⅡ(グローバルビジネス)","鈴木 崇文","https://cssy.aasa.ac.jp/syllabusHtml/2026/1710/1710_151405-03_ja_JP.html"
"5264","後期","後期","水4","151405-04","ゼミナールⅡ(グローバルビジネス)","潘 卉","https://cssy.aasa.ac.jp/syllabusHtml/2026/1710/1710_151405-04_ja_JP.html"
"5265","後期","後期","水5","151405-05","ゼミナールⅡ(グローバルビジネス)","三矢 幹根","https://cssy.aasa.ac.jp/syllabusHtml/2026/1710/1710_151405-05_ja_JP.html"
"5266","前期","前期","月3","151406-01","ゼミナールⅢ(グローバルビジネス)","渡邉 聡","https://cssy.aasa.ac.jp/syllabusHtml/2026/1710/1710_151406-01_ja_JP.html"
"5267","前期","前期","火5","151406-02","ゼミナールⅢ(グローバルビジネス)","三矢 幹根","https://cssy.aasa.ac.jp/syllabusHtml/2026/1710/1710_151406-02_ja_JP.html"
"5268","前期","前期","水4","151406-03","ゼミナールⅢ(グローバルビジネス)","鈴木 崇文","https://cssy.aasa.ac.jp/syllabusHtml/2026/1710/1710_151406-03_ja_JP.html"
"5269","前期","前期","水4","151406-04","ゼミナールⅢ(グローバルビジネス)","潘 卉","https://cssy.aasa.ac.jp/syllabusHtml/2026/1710/1710_151406-04_ja_JP.html"
"5270","前期","前期","木3","151406-05","ゼミナールⅢ(グローバルビジネス)","石坂 綾子","https://cssy.aasa.ac.jp/syllabusHtml/2026/1710/1710_151406-05_ja_JP.html"
"5271","後期","後期","月3","151407-01","ゼミナールⅣ(グローバルビジネス)","渡邉 聡","https://cssy.aasa.ac.jp/syllabusHtml/2026/1710/1710_151407-01_ja_JP.html"
"5272","後期","後期","火5","151407-02","ゼミナールⅣ(グローバルビジネス)","三矢 幹根","https://cssy.aasa.ac.jp/syllabusHtml/2026/1710/1710_151407-02_ja_JP.html"
"5273","後期","後期","水4","151407-03","ゼミナールⅣ(グローバルビジネス)","鈴木 崇文","https://cssy.aasa.ac.jp/syllabusHtml/2026/1710/1710_151407-03_ja_JP.html"
"5274","後期","後期","木3","151407-04","ゼミナールⅣ(グローバルビジネス)","石坂 綾子","https://cssy.aasa.ac.jp/syllabusHtml/2026/1710/1710_151407-04_ja_JP.html"
"5275","後期","後期","木3","151407-05","ゼミナールⅣ(グローバルビジネス)","潘 卉","https://cssy.aasa.ac.jp/syllabusHtml/2026/1710/1710_151407-05_ja_JP.html"
"5276","前期","前期","他","151408-01","Bilingual Internship Overseas","渡邉 聡 石坂 綾子","https://cssy.aasa.ac.jp/syllabusHtml/2026/1710/1710_151408-01_ja_JP.html"
"5277","前期","前期","他","151409-01","Bilingual Internship Domestic","渡邉 聡 石坂 綾子","https://cssy.aasa.ac.jp/syllabusHtml/2026/1710/1710_151409-01_ja_JP.html"
"5278","前期","前期","月3","151411-01","ゼミナールⅤ(グローバルビジネス)","石坂 綾子","https://cssy.aasa.ac.jp/syllabusHtml/2026/1710/1710_151411-01_ja_JP.html"
"5279","前期","前期","月4","151411-02","ゼミナールⅤ(グローバルビジネス)","渡邉 聡","https://cssy.aasa.ac.jp/syllabusHtml/2026/1710/1710_151411-02_ja_JP.html"
"5280","前期","前期","火4","151411-03","ゼミナールⅤ(グローバルビジネス)","真田 幸光","https://cssy.aasa.ac.jp/syllabusHtml/2026/1710/1710_151411-03_ja_JP.html"
"5281","前期","前期","火5","151411-04","ゼミナールⅤ(グローバルビジネス)","潘 卉","https://cssy.aasa.ac.jp/syllabusHtml/2026/1710/1710_151411-04_ja_JP.html"
"5282","前期","前期","水2","151411-05","ゼミナールⅤ(グローバルビジネス)","鈴木 崇文","https://cssy.aasa.ac.jp/syllabusHtml/2026/1710/1710_151411-05_ja_JP.html"
"5283","前期","前期","木5","151411-06","ゼミナールⅤ(グローバルビジネス)","三矢 幹根","https://cssy.aasa.ac.jp/syllabusHtml/2026/1710/1710_151411-06_ja_JP.html"
"5284","後期","後期","月3","151412-01","ゼミナールⅥ(グローバルビジネス)","石坂 綾子","https://cssy.aasa.ac.jp/syllabusHtml/2026/1710/1710_151412-01_ja_JP.html"
"5285","後期","後期","月4","151412-02","ゼミナールⅥ(グローバルビジネス)","渡邉 聡","https://cssy.aasa.ac.jp/syllabusHtml/2026/1710/1710_151412-02_ja_JP.html"
"5286","後期","後期","火4","151412-03","ゼミナールⅥ(グローバルビジネス)","真田 幸光","https://cssy.aasa.ac.jp/syllabusHtml/2026/1710/1710_151412-03_ja_JP.html"
"5287","後期","後期","火5","151412-04","ゼミナールⅥ(グローバルビジネス)","潘 卉","https://cssy.aasa.ac.jp/syllabusHtml/2026/1710/1710_151412-04_ja_JP.html"
"5288","後期","後期","水2","151412-05","ゼミナールⅥ(グローバルビジネス)","鈴木 崇文","https://cssy.aasa.ac.jp/syllabusHtml/2026/1710/1710_151412-05_ja_JP.html"
"5289","後期","後期","木5","151412-06","ゼミナールⅥ(グローバルビジネス)","三矢 幹根","https://cssy.aasa.ac.jp/syllabusHtml/2026/1710/1710_151412-06_ja_JP.html"
"5290","前期","前期","月2","151415-01","ゼミナールⅠ(ビジネスイノベーション)","フ コウソウ","https://cssy.aasa.ac.jp/syllabusHtml/2026/1710/1710_151415-01_ja_JP.html"
"5291","前期","前期","水4","151415-02","ゼミナールⅠ(ビジネスイノベーション)","浅井 敬一朗","https://cssy.aasa.ac.jp/syllabusHtml/2026/1710/1710_151415-02_ja_JP.html"
"5292","前期","前期","月3","151415-03","ゼミナールⅠ(ビジネスイノベーション)","藤木 美江","https://cssy.aasa.ac.jp/syllabusHtml/2026/1710/1710_151415-03_ja_JP.html"
"5293","前期","前期","月4","151415-04","ゼミナールⅠ(ビジネスイノベーション)","日野 恵美子","https://cssy.aasa.ac.jp/syllabusHtml/2026/1710/1710_151415-04_ja_JP.html"
"5294","前期","前期","火1","151415-05","ゼミナールⅠ(ビジネスイノベーション)","林 誠","https://cssy.aasa.ac.jp/syllabusHtml/2026/1710/1710_151415-05_ja_JP.html"
"5295","前期","前期","水4","151415-06","ゼミナールⅠ(ビジネスイノベーション)","原田 穂高","https://cssy.aasa.ac.jp/syllabusHtml/2026/1710/1710_151415-06_ja_JP.html"
"5296","前期","前期","水4","151415-07","ゼミナールⅠ(ビジネスイノベーション)","藤井 英明","https://cssy.aasa.ac.jp/syllabusHtml/2026/1710/1710_151415-07_ja_JP.html"
"5297","前期","前期","水5","151415-08","ゼミナールⅠ(ビジネスイノベーション)","新井 亨","https://cssy.aasa.ac.jp/syllabusHtml/2026/1710/1710_151415-08_ja_JP.html"
"5298","前期","前期","金5","151415-09","ゼミナールⅠ(ビジネスイノベーション)","大塚 英揮","https://cssy.aasa.ac.jp/syllabusHtml/2026/1710/1710_151415-09_ja_JP.html"
"5299","後期","後期","月2","151416-01","ゼミナールⅡ(ビジネスイノベーション)","フ コウソウ","https://cssy.aasa.ac.jp/syllabusHtml/2026/1710/1710_151416-01_ja_JP.html"
"5300","後期","後期","月4","151416-02","ゼミナールⅡ(ビジネスイノベーション)","日野 恵美子","https://cssy.aasa.ac.jp/syllabusHtml/2026/1710/1710_151416-02_ja_JP.html"
"5301","後期","後期","月4","151416-03","ゼミナールⅡ(ビジネスイノベーション)","藤木 美江","https://cssy.aasa.ac.jp/syllabusHtml/2026/1710/1710_151416-03_ja_JP.html"
"5302","後期","後期","火1","151416-04","ゼミナールⅡ(ビジネスイノベーション)","林 誠","https://cssy.aasa.ac.jp/syllabusHtml/2026/1710/1710_151416-04_ja_JP.html"
"5303","後期","後期","水2","151416-05","ゼミナールⅡ(ビジネスイノベーション)","浅井 敬一朗","https://cssy.aasa.ac.jp/syllabusHtml/2026/1710/1710_151416-05_ja_JP.html"
"5304","後期","後期","水4","151416-06","ゼミナールⅡ(ビジネスイノベーション)","原田 穂高","https://cssy.aasa.ac.jp/syllabusHtml/2026/1710/1710_151416-06_ja_JP.html"
"5305","後期","後期","水5","151416-07","ゼミナールⅡ(ビジネスイノベーション)","新井 亨","https://cssy.aasa.ac.jp/syllabusHtml/2026/1710/1710_151416-07_ja_JP.html"
"5306","後期","後期","水5","151416-08","ゼミナールⅡ(ビジネスイノベーション)","藤井 英明","https://cssy.aasa.ac.jp/syllabusHtml/2026/1710/1710_151416-08_ja_JP.html"
"5307","後期","後期","金5","151416-09","ゼミナールⅡ(ビジネスイノベーション)","大塚 英揮","https://cssy.aasa.ac.jp/syllabusHtml/2026/1710/1710_151416-09_ja_JP.html"
"5308","前期","前期","月4","151417-01","ゼミナールⅢ(ビジネスイノベーション)","大塚 英揮","https://cssy.aasa.ac.jp/syllabusHtml/2026/1710/1710_151417-01_ja_JP.html"
"5309","前期","前期","月4","151417-02","ゼミナールⅢ(ビジネスイノベーション)","フ コウソウ","https://cssy.aasa.ac.jp/syllabusHtml/2026/1710/1710_151417-02_ja_JP.html"
"5310","前期","前期","火2","151417-03","ゼミナールⅢ(ビジネスイノベーション)","林 誠","https://cssy.aasa.ac.jp/syllabusHtml/2026/1710/1710_151417-03_ja_JP.html"
"5311","前期","前期","水3","151417-04","ゼミナールⅢ(ビジネスイノベーション)","原田 穂高","https://cssy.aasa.ac.jp/syllabusHtml/2026/1710/1710_151417-04_ja_JP.html"
"5312","前期","前期","金3","151417-05","ゼミナールⅢ(ビジネスイノベーション)","浅井 敬一朗","https://cssy.aasa.ac.jp/syllabusHtml/2026/1710/1710_151417-05_ja_JP.html"
"5313","前期","前期","水4","151417-06","ゼミナールⅢ(ビジネスイノベーション)","新井 亨","https://cssy.aasa.ac.jp/syllabusHtml/2026/1710/1710_151417-06_ja_JP.html"
"5314","前期","前期","水4","151417-07","ゼミナールⅢ(ビジネスイノベーション)","日野 恵美子","https://cssy.aasa.ac.jp/syllabusHtml/2026/1710/1710_151417-07_ja_JP.html"
"5315","前期","前期","水4","151417-08","ゼミナールⅢ(ビジネスイノベーション)","藤木 美江","https://cssy.aasa.ac.jp/syllabusHtml/2026/1710/1710_151417-08_ja_JP.html"
"5316","前期","前期","木3","151417-09","ゼミナールⅢ(ビジネスイノベーション)","藤井 英明","https://cssy.aasa.ac.jp/syllabusHtml/2026/1710/1710_151417-09_ja_JP.html"
"5317","後期","後期","月4","151418-01","ゼミナールⅣ(ビジネスイノベーション)","大塚 英揮","https://cssy.aasa.ac.jp/syllabusHtml/2026/1710/1710_151418-01_ja_JP.html"
"5318","後期","後期","月4","151418-02","ゼミナールⅣ(ビジネスイノベーション)","フ コウソウ","https://cssy.aasa.ac.jp/syllabusHtml/2026/1710/1710_151418-02_ja_JP.html"
"5319","後期","後期","火2","151418-03","ゼミナールⅣ(ビジネスイノベーション)","林 誠","https://cssy.aasa.ac.jp/syllabusHtml/2026/1710/1710_151418-03_ja_JP.html"
"5320","後期","後期","水3","151418-04","ゼミナールⅣ(ビジネスイノベーション)","原田 穂高","https://cssy.aasa.ac.jp/syllabusHtml/2026/1710/1710_151418-04_ja_JP.html"
"5321","後期","後期","水3","151418-05","ゼミナールⅣ(ビジネスイノベーション)","藤木 美江","https://cssy.aasa.ac.jp/syllabusHtml/2026/1710/1710_151418-05_ja_JP.html"
"5322","後期","後期","水4","151418-06","ゼミナールⅣ(ビジネスイノベーション)","新井 亨","https://cssy.aasa.ac.jp/syllabusHtml/2026/1710/1710_151418-06_ja_JP.html"
"5323","後期","後期","木2","151418-07","ゼミナールⅣ(ビジネスイノベーション)","藤井 英明","https://cssy.aasa.ac.jp/syllabusHtml/2026/1710/1710_151418-07_ja_JP.html"
"5324","後期","後期","木5","151418-08","ゼミナールⅣ(ビジネスイノベーション)","日野 恵美子","https://cssy.aasa.ac.jp/syllabusHtml/2026/1710/1710_151418-08_ja_JP.html"
"5325","後期","後期","金4","151418-09","ゼミナールⅣ(ビジネスイノベーション)","浅井 敬一朗","https://cssy.aasa.ac.jp/syllabusHtml/2026/1710/1710_151418-09_ja_JP.html"
"5326","前期","前期","月2","151419-01","卒業プロジェクトⅠ(ビジネスイノベーション)","浅井 敬一朗","https://cssy.aasa.ac.jp/syllabusHtml/2026/1710/1710_151419-01_ja_JP.html"
"5327","前期","前期","火2","151419-02","卒業プロジェクトⅠ(ビジネスイノベーション)","新井 亨","https://cssy.aasa.ac.jp/syllabusHtml/2026/1710/1710_151419-02_ja_JP.html"
"5328","前期","前期","火5","151419-03","卒業プロジェクトⅠ(ビジネスイノベーション)","林 誠","https://cssy.aasa.ac.jp/syllabusHtml/2026/1710/1710_151419-03_ja_JP.html"
"5329","前期","前期","水1","151419-04","卒業プロジェクトⅠ(ビジネスイノベーション)","上原 衛","https://cssy.aasa.ac.jp/syllabusHtml/2026/1710/1710_151419-04_ja_JP.html"
"5330","前期","前期","木3","151419-05","卒業プロジェクトⅠ(ビジネスイノベーション)","藤木 美江","https://cssy.aasa.ac.jp/syllabusHtml/2026/1710/1710_151419-05_ja_JP.html"
"5331","前期","前期","水4","151419-06","卒業プロジェクトⅠ(ビジネスイノベーション)","大塚 英揮","https://cssy.aasa.ac.jp/syllabusHtml/2026/1710/1710_151419-06_ja_JP.html"
"5332","前期","前期","木2","151419-07","卒業プロジェクトⅠ(ビジネスイノベーション)","原田 穂高","https://cssy.aasa.ac.jp/syllabusHtml/2026/1710/1710_151419-07_ja_JP.html"
"5333","前期","前期","木3","151419-08","卒業プロジェクトⅠ(ビジネスイノベーション)","フ コウソウ","https://cssy.aasa.ac.jp/syllabusHtml/2026/1710/1710_151419-08_ja_JP.html"
"5334","前期","前期","木5","151419-09","卒業プロジェクトⅠ(ビジネスイノベーション)","日野 恵美子","https://cssy.aasa.ac.jp/syllabusHtml/2026/1710/1710_151419-09_ja_JP.html"
"5335","後期","後期","月2","151420-01","卒業プロジェクトⅡ(ビジネスイノベーション)","浅井 敬一朗","https://cssy.aasa.ac.jp/syllabusHtml/2026/1710/1710_151420-01_ja_JP.html"
"5336","後期","後期","火2","151420-02","卒業プロジェクトⅡ(ビジネスイノベーション)","新井 亨","https://cssy.aasa.ac.jp/syllabusHtml/2026/1710/1710_151420-02_ja_JP.html"
"5337","後期","後期","火5","151420-03","卒業プロジェクトⅡ(ビジネスイノベーション)","林 誠","https://cssy.aasa.ac.jp/syllabusHtml/2026/1710/1710_151420-03_ja_JP.html"
"5338","後期","後期","水2","151420-04","卒業プロジェクトⅡ(ビジネスイノベーション)","上原 衛","https://cssy.aasa.ac.jp/syllabusHtml/2026/1710/1710_151420-04_ja_JP.html"
"5339","後期","後期","木3","151420-05","卒業プロジェクトⅡ(ビジネスイノベーション)","藤木 美江","https://cssy.aasa.ac.jp/syllabusHtml/2026/1710/1710_151420-05_ja_JP.html"
"5340","後期","後期","水4","151420-06","卒業プロジェクトⅡ(ビジネスイノベーション)","日野 恵美子","https://cssy.aasa.ac.jp/syllabusHtml/2026/1710/1710_151420-06_ja_JP.html"
"5341","後期","後期","木2","151420-07","卒業プロジェクトⅡ(ビジネスイノベーション)","原田 穂高","https://cssy.aasa.ac.jp/syllabusHtml/2026/1710/1710_151420-07_ja_JP.html"
"5342","後期","後期","木3","151420-08","卒業プロジェクトⅡ(ビジネスイノベーション)","フ コウソウ","https://cssy.aasa.ac.jp/syllabusHtml/2026/1710/1710_151420-08_ja_JP.html"
"5343","後期","後期","金4","151420-09","卒業プロジェクトⅡ(ビジネスイノベーション)","大塚 英揮","https://cssy.aasa.ac.jp/syllabusHtml/2026/1710/1710_151420-09_ja_JP.html"
"5344","前期","前期","月3","151425-01","ゼミナールⅠ(ビジネスアカウンティング)","三浦 克人","https://cssy.aasa.ac.jp/syllabusHtml/2026/1710/1710_151425-01_ja_JP.html"
"5345","前期","前期","月3","151425-02","ゼミナールⅠ(ビジネスアカウンティング)","森 洵太","https://cssy.aasa.ac.jp/syllabusHtml/2026/1710/1710_151425-02_ja_JP.html"
"5346","前期","前期","木2","151425-03","ゼミナールⅠ(ビジネスアカウンティング)","前田 篤","https://cssy.aasa.ac.jp/syllabusHtml/2026/1710/1710_151425-03_ja_JP.html"
"5347","前期","前期","金1","151425-04","ゼミナールⅠ(ビジネスアカウンティング)","眞鍋 和弘","https://cssy.aasa.ac.jp/syllabusHtml/2026/1710/1710_151425-04_ja_JP.html"
"5348","前期","前期","金3","151425-05","ゼミナールⅠ(ビジネスアカウンティング)","西崎 賢治","https://cssy.aasa.ac.jp/syllabusHtml/2026/1710/1710_151425-05_ja_JP.html"
"5349","後期","後期","月3","151426-01","ゼミナールⅡ(ビジネスアカウンティング)","三浦 克人","https://cssy.aasa.ac.jp/syllabusHtml/2026/1710/1710_151426-01_ja_JP.html"
"5350","後期","後期","月3","151426-02","ゼミナールⅡ(ビジネスアカウンティング)","森 洵太","https://cssy.aasa.ac.jp/syllabusHtml/2026/1710/1710_151426-02_ja_JP.html"
"5351","後期","後期","木2","151426-03","ゼミナールⅡ(ビジネスアカウンティング)","前田 篤","https://cssy.aasa.ac.jp/syllabusHtml/2026/1710/1710_151426-03_ja_JP.html"
"5352","後期","後期","金1","151426-04","ゼミナールⅡ(ビジネスアカウンティング)","眞鍋 和弘","https://cssy.aasa.ac.jp/syllabusHtml/2026/1710/1710_151426-04_ja_JP.html"
"5353","後期","後期","金3","151426-05","ゼミナールⅡ(ビジネスアカウンティング)","西崎 賢治","https://cssy.aasa.ac.jp/syllabusHtml/2026/1710/1710_151426-05_ja_JP.html"
"5354","前期","前期","月1","151427-01","ゼミナールⅢ(ビジネスアカウンティング)","眞鍋 和弘","https://cssy.aasa.ac.jp/syllabusHtml/2026/1710/1710_151427-01_ja_JP.html"
"5355","前期","前期","火5","151427-02","ゼミナールⅢ(ビジネスアカウンティング)","三浦 克人","https://cssy.aasa.ac.jp/syllabusHtml/2026/1710/1710_151427-02_ja_JP.html"
"5356","前期","前期","水2","151427-03","ゼミナールⅢ(ビジネスアカウンティング)","森 洵太","https://cssy.aasa.ac.jp/syllabusHtml/2026/1710/1710_151427-03_ja_JP.html"
"5357","前期","前期","木3","151427-04","ゼミナールⅢ(ビジネスアカウンティング)","前田 篤","https://cssy.aasa.ac.jp/syllabusHtml/2026/1710/1710_151427-04_ja_JP.html"
"5358","前期","前期","金4","151427-05","ゼミナールⅢ(ビジネスアカウンティング)","西崎 賢治","https://cssy.aasa.ac.jp/syllabusHtml/2026/1710/1710_151427-05_ja_JP.html"
"5359","後期","後期","月1","151428-01","ゼミナールⅣ(ビジネスアカウンティング)","眞鍋 和弘","https://cssy.aasa.ac.jp/syllabusHtml/2026/1710/1710_151428-01_ja_JP.html"
"5360","後期","後期","火5","151428-02","ゼミナールⅣ(ビジネスアカウンティング)","三浦 克人","https://cssy.aasa.ac.jp/syllabusHtml/2026/1710/1710_151428-02_ja_JP.html"
"5361","後期","後期","水2","151428-03","ゼミナールⅣ(ビジネスアカウンティング)","森 洵太","https://cssy.aasa.ac.jp/syllabusHtml/2026/1710/1710_151428-03_ja_JP.html"
"5362","後期","後期","木3","151428-04","ゼミナールⅣ(ビジネスアカウンティング)","前田 篤","https://cssy.aasa.ac.jp/syllabusHtml/2026/1710/1710_151428-04_ja_JP.html"
"5363","後期","後期","金4","151428-05","ゼミナールⅣ(ビジネスアカウンティング)","西崎 賢治","https://cssy.aasa.ac.jp/syllabusHtml/2026/1710/1710_151428-05_ja_JP.html"
"5364","前期","前期","火3","151429-01","卒業プロジェクトⅠ(ビジネスアカウンティング)","三浦 克人","https://cssy.aasa.ac.jp/syllabusHtml/2026/1710/1710_151429-01_ja_JP.html"
"5365","前期","前期","金2","151429-02","卒業プロジェクトⅠ(ビジネスアカウンティング)","前田 篤","https://cssy.aasa.ac.jp/syllabusHtml/2026/1710/1710_151429-02_ja_JP.html"
"5366","前期","前期","金3","151429-03","卒業プロジェクトⅠ(ビジネスアカウンティング)","森 洵太","https://cssy.aasa.ac.jp/syllabusHtml/2026/1710/1710_151429-03_ja_JP.html"
"5367","前期","前期","金5","151429-04","卒業プロジェクトⅠ(ビジネスアカウンティング)","西崎 賢治","https://cssy.aasa.ac.jp/syllabusHtml/2026/1710/1710_151429-04_ja_JP.html"
"5368","後期","後期","火3","151430-01","卒業プロジェクトⅡ(ビジネスアカウンティング)","三浦 克人","https://cssy.aasa.ac.jp/syllabusHtml/2026/1710/1710_151430-01_ja_JP.html"
"5369","後期","後期","金2","151430-02","卒業プロジェクトⅡ(ビジネスアカウンティング)","前田 篤","https://cssy.aasa.ac.jp/syllabusHtml/2026/1710/1710_151430-02_ja_JP.html"
"5370","後期","後期","金2","151430-03","卒業プロジェクトⅡ(ビジネスアカウンティング)","森 洵太","https://cssy.aasa.ac.jp/syllabusHtml/2026/1710/1710_151430-03_ja_JP.html"
"5371","後期","後期","金5","151430-04","卒業プロジェクトⅡ(ビジネスアカウンティング)","西崎 賢治","https://cssy.aasa.ac.jp/syllabusHtml/2026/1710/1710_151430-04_ja_JP.html"
"5372","前期","前期","木3","151431-01","リーダーシップ","丹羽 幸美","https://cssy.aasa.ac.jp/syllabusHtml/2026/1710/1710_151431-01_ja_JP.html"
"5373","前期","前期","木4","151431-02","リーダーシップ","丹羽 幸美","https://cssy.aasa.ac.jp/syllabusHtml/2026/1710/1710_151431-02_ja_JP.html"
"5374","後期","後期","水3","151431-03","リーダーシップ","丹羽 幸美","https://cssy.aasa.ac.jp/syllabusHtml/2026/1710/1710_151431-03_ja_JP.html"
"5375","前期","前期","水5","151432-01","Bilingual Internship 事前研修","渡邉 聡 石坂 綾子 鈴木 崇文 潘 卉","https://cssy.aasa.ac.jp/syllabusHtml/2026/1710/1710_151432-01_ja_JP.html"
"5376","後期","後期","金1","151433-01","企業分析プロジェクトC","西崎 賢治","https://cssy.aasa.ac.jp/syllabusHtml/2026/1710/1710_151433-01_ja_JP.html"
"5377","前期","前期","木3","151435-01","グローバル・マーケティング","潘 卉","https://cssy.aasa.ac.jp/syllabusHtml/2026/1710/1710_151435-01_ja_JP.html"
"5378","前期","前期","水1","151436-01","業界を学ぶ","外部講師(Biz GMSK MASUDA)","https://cssy.aasa.ac.jp/syllabusHtml/2026/1710/1710_151436-01_ja_JP.html"
"5379","前期","前期","木4","151437-01","サステイナブル・ビジネス","渡邉 聡","https://cssy.aasa.ac.jp/syllabusHtml/2026/1710/1710_151437-01_ja_JP.html"
"5380","後期","後期","水3","151440-01","広告制作","新井 亨","https://cssy.aasa.ac.jp/syllabusHtml/2026/1710/1710_151440-01_ja_JP.html"
"5381","前期","前期","火3","151441-01","プロダクトデザイン","脇田 邦裕","https://cssy.aasa.ac.jp/syllabusHtml/2026/1710/1710_151441-01_ja_JP.html"
"5382","後期","後期","火3","151441-02","プロダクトデザイン","脇田 邦裕","https://cssy.aasa.ac.jp/syllabusHtml/2026/1710/1710_151441-02_ja_JP.html"
"5383","前期","前期","火2","151442-01","英文会計Ⅰ","外部講師(大原学園) ビジ","https://cssy.aasa.ac.jp/syllabusHtml/2026/1710/1710_151442-01_ja_JP.html"
"5384","後期","後期","火2","151443-01","英文会計Ⅱ","外部講師(大原学園) ビジ","https://cssy.aasa.ac.jp/syllabusHtml/2026/1710/1710_151443-01_ja_JP.html"
"5385","後期","後期","水2","151444-01","ファシリテーション実習","丹羽 幸美","https://cssy.aasa.ac.jp/syllabusHtml/2026/1710/1710_151444-01_ja_JP.html"
"5386","前期","前期","金2","151445-01","ファシリテーター入門","菅野 淑","https://cssy.aasa.ac.jp/syllabusHtml/2026/1710/1710_151445-01_ja_JP.html"
"5387","後期","後期","火5","151445-02","ファシリテーター入門","菅野 淑","https://cssy.aasa.ac.jp/syllabusHtml/2026/1710/1710_151445-02_ja_JP.html"
"5388","前期","前期","木2","151448-01","経済学入門","渡邉 聡","https://cssy.aasa.ac.jp/syllabusHtml/2026/1710/1710_151448-01_ja_JP.html"
"5389","前期","前期","木3","151448-02","経済学入門","鈴木 崇文","https://cssy.aasa.ac.jp/syllabusHtml/2026/1710/1710_151448-02_ja_JP.html"
"5390","前期","前期","木1","151449-01","経営学入門","藤井 英明","https://cssy.aasa.ac.jp/syllabusHtml/2026/1710/1710_151449-01_ja_JP.html"
"5391","後期","後期","火5","151449-02","経営学入門","藤井 英明","https://cssy.aasa.ac.jp/syllabusHtml/2026/1710/1710_151449-02_ja_JP.html"
"5392","後期","後期","水3","151449-03","経営学入門","藤井 英明","https://cssy.aasa.ac.jp/syllabusHtml/2026/1710/1710_151449-03_ja_JP.html"
"5393","後期","後期","水3","151449-04","経営学入門","潘 卉","https://cssy.aasa.ac.jp/syllabusHtml/2026/1710/1710_151449-04_ja_JP.html"
"5394","前期","前期","月1","151450-01","マーケティング入門","大塚 英揮","https://cssy.aasa.ac.jp/syllabusHtml/2026/1710/1710_151450-01_ja_JP.html"
"5395","前期","前期","月2,金2","151451-01","簿記の基礎","三浦 克人","https://cssy.aasa.ac.jp/syllabusHtml/2026/1710/1710_151451-01_ja_JP.html"
"5396","前期","前期","月3,木1","151451-02","簿記の基礎","前田 篤","https://cssy.aasa.ac.jp/syllabusHtml/2026/1710/1710_151451-02_ja_JP.html"
"5397","前期","前期","月4,水4","151451-03","簿記の基礎","森 洵太","https://cssy.aasa.ac.jp/syllabusHtml/2026/1710/1710_151451-03_ja_JP.html"
"5398","前期","前期","水2,金2","151451-04","簿記の基礎","眞鍋 和弘","https://cssy.aasa.ac.jp/syllabusHtml/2026/1710/1710_151451-04_ja_JP.html"
"5399","後期","後期","他","151451-05","簿記の基礎","森 洵太","https://cssy.aasa.ac.jp/syllabusHtml/2026/1710/1710_151451-05_ja_JP.html"
"5400","前期","前期","火3","151453-01","グループワーク","新井 亨","https://cssy.aasa.ac.jp/syllabusHtml/2026/1710/1710_151453-01_ja_JP.html"
"5401","前期","前期","火3","151453-02","グループワーク","石坂 綾子","https://cssy.aasa.ac.jp/syllabusHtml/2026/1710/1710_151453-02_ja_JP.html"
"5402","前期","前期","火3","151453-03","グループワーク","鈴木 崇文","https://cssy.aasa.ac.jp/syllabusHtml/2026/1710/1710_151453-03_ja_JP.html"
"5403","前期","前期","火3","151453-04","グループワーク","林 誠","https://cssy.aasa.ac.jp/syllabusHtml/2026/1710/1710_151453-04_ja_JP.html"
"5404","前期","前期","火3","151453-05","グループワーク","潘 卉","https://cssy.aasa.ac.jp/syllabusHtml/2026/1710/1710_151453-05_ja_JP.html"
"5405","前期","前期","火3","151453-06","グループワーク","日野 恵美子","https://cssy.aasa.ac.jp/syllabusHtml/2026/1710/1710_151453-06_ja_JP.html"
"5406","前期","前期","火3","151453-07","グループワーク","フ コウソウ","https://cssy.aasa.ac.jp/syllabusHtml/2026/1710/1710_151453-07_ja_JP.html"
"5407","前期","前期","火3","151453-08","グループワーク","眞鍋 和弘","https://cssy.aasa.ac.jp/syllabusHtml/2026/1710/1710_151453-08_ja_JP.html"
"5408","前期","前期","火3","151453-09","グループワーク","渡邉 聡","https://cssy.aasa.ac.jp/syllabusHtml/2026/1710/1710_151453-09_ja_JP.html"
"5409","前期","前期","水3","151453-10","グループワーク","浅井 敬一朗","https://cssy.aasa.ac.jp/syllabusHtml/2026/1710/1710_151453-10_ja_JP.html"
"5410","前期","前期","水3","151453-11","グループワーク","大塚 英揮","https://cssy.aasa.ac.jp/syllabusHtml/2026/1710/1710_151453-11_ja_JP.html"
"5411","前期","前期","水3","151453-12","グループワーク","藤井 英明","https://cssy.aasa.ac.jp/syllabusHtml/2026/1710/1710_151453-12_ja_JP.html"
"5412","前期","前期","水3","151453-13","グループワーク","藤木 美江","https://cssy.aasa.ac.jp/syllabusHtml/2026/1710/1710_151453-13_ja_JP.html"
"5413","前期","前期","水3","151453-14","グループワーク","三矢 幹根","https://cssy.aasa.ac.jp/syllabusHtml/2026/1710/1710_151453-14_ja_JP.html"
"5414","前期","前期","金1","151453-15","グループワーク","西崎 賢治","https://cssy.aasa.ac.jp/syllabusHtml/2026/1710/1710_151453-15_ja_JP.html"
"5415","前期","前期","金1","151453-16","グループワーク","前田 篤","https://cssy.aasa.ac.jp/syllabusHtml/2026/1710/1710_151453-16_ja_JP.html"
"5416","前期","前期","金1","151453-17","グループワーク","三浦 克人","https://cssy.aasa.ac.jp/syllabusHtml/2026/1710/1710_151453-17_ja_JP.html"
"5417","前期","前期","金1","151453-18","グループワーク","森 洵太","https://cssy.aasa.ac.jp/syllabusHtml/2026/1710/1710_151453-18_ja_JP.html"
"5418","後期","後期","水4","151464-01","ビジネスプランニング","浅井 怜衣","https://cssy.aasa.ac.jp/syllabusHtml/2026/1710/1710_151464-01_ja_JP.html"
"5419","後期","後期","水4","151464-02","ビジネスプランニング","菅野 淑","https://cssy.aasa.ac.jp/syllabusHtml/2026/1710/1710_151464-02_ja_JP.html"
"5420","後期","後期","水4","151464-03","ビジネスプランニング","丹羽 幸美","https://cssy.aasa.ac.jp/syllabusHtml/2026/1710/1710_151464-03_ja_JP.html"
"5421","後期","後期","水4","151464-04","ビジネスプランニング","藤井 英明","https://cssy.aasa.ac.jp/syllabusHtml/2026/1710/1710_151464-04_ja_JP.html"
"5422","後期","後期","水3","151466-01","マーケティングの応用","フ コウソウ","https://cssy.aasa.ac.jp/syllabusHtml/2026/1710/1710_151466-01_ja_JP.html"
"5423","後期","後期","木2","151487-01","マクロ経済学","鈴木 崇文","https://cssy.aasa.ac.jp/syllabusHtml/2026/1710/1710_151487-01_ja_JP.html"
"5424","後期","後期","他","151490-01","ビジネスデータサイエンス入門","藤木 美江","https://cssy.aasa.ac.jp/syllabusHtml/2026/1710/1710_151490-01_ja_JP.html"
"5425","後期","後期","月3,木1","151499-01","発展簿記","前田 篤","https://cssy.aasa.ac.jp/syllabusHtml/2026/1710/1710_151499-01_ja_JP.html"
"5426","後期","後期","火3,金2","151499-02","発展簿記","眞鍋 和弘","https://cssy.aasa.ac.jp/syllabusHtml/2026/1710/1710_151499-02_ja_JP.html"
"5427","後期","後期","火3","151521-01","入門ゼミナール","日野 恵美子 石坂 綾子 浅井 敬一朗 林 誠 西崎 賢治 フ コウソウ 渡邉 聡 森 洵太 新井 亨 前田 篤 藤木 美江 鈴木 崇文 潘 卉","https://cssy.aasa.ac.jp/syllabusHtml/2026/1710/1710_151521-01_ja_JP.html"
"5428","後期","後期","火3","151521-02","入門ゼミナール","日野 恵美子 石坂 綾子 浅井 敬一朗 林 誠 西崎 賢治 フ コウソウ 渡邉 聡 森 洵太 新井 亨 前田 篤 藤木 美江 鈴木 崇文 潘 卉","https://cssy.aasa.ac.jp/syllabusHtml/2026/1710/1710_151521-02_ja_JP.html"
"5429","後期","後期","火3","151521-03","入門ゼミナール","日野 恵美子 石坂 綾子 浅井 敬一朗 林 誠 西崎 賢治 フ コウソウ 渡邉 聡 森 洵太 新井 亨 前田 篤 藤木 美江 鈴木 崇文 潘 卉","https://cssy.aasa.ac.jp/syllabusHtml/2026/1710/1710_151521-03_ja_JP.html"
"5430","後期","後期","水1","151521-04","入門ゼミナール","日野 恵美子 石坂 綾子 三浦 克人 林 誠 三矢 幹根 西崎 賢治 フ コウソウ 渡邉 聡 森 洵太 新井 亨 前田 篤 藤木 美江 鈴木 崇文 潘 卉 眞鍋 和弘","https://cssy.aasa.ac.jp/syllabusHtml/2026/1710/1710_151521-04_ja_JP.html"
"5431","後期","後期","水1","151521-05","入門ゼミナール","日野 恵美子 石坂 綾子 三浦 克人 林 誠 三矢 幹根 西崎 賢治 フ コウソウ 渡邉 聡 森 洵太 新井 亨 前田 篤 藤木 美江 鈴木 崇文 潘 卉 眞鍋 和弘","https://cssy.aasa.ac.jp/syllabusHtml/2026/1710/1710_151521-05_ja_JP.html"
"5432","後期","後期","水1","151521-06","入門ゼミナール","日野 恵美子 石坂 綾子 三浦 克人 林 誠 三矢 幹根 西崎 賢治 フ コウソウ 渡邉 聡 森 洵太 新井 亨 前田 篤 藤木 美江 鈴木 崇文 潘 卉 眞鍋 和弘","https://cssy.aasa.ac.jp/syllabusHtml/2026/1710/1710_151521-06_ja_JP.html"
"5433","後期","後期","木1","281102-01","Interpersonal Communication","太田 浩司","https://cssy.aasa.ac.jp/syllabusHtml/2026/2310/2310_281102-01_ja_JP.html"
"5434","後期","後期","木2","281104-01","Nonverbal Communication","野口 朋香","https://cssy.aasa.ac.jp/syllabusHtml/2026/2310/2310_281104-01_ja_JP.html"
"5435","後期","後期","月2","281107-01","Morphology","二村 慎一","https://cssy.aasa.ac.jp/syllabusHtml/2026/2310/2310_281107-01_ja_JP.html"
"5436","後期","後期","木2","281108-01","Persuasion","MOLDEN Danny T.","https://cssy.aasa.ac.jp/syllabusHtml/2026/2310/2310_281108-01_ja_JP.html"
"5437","前期","前期","木4","281112-01","Syntax","樗木 勇作","https://cssy.aasa.ac.jp/syllabusHtml/2026/2310/2310_281112-01_ja_JP.html"
"5438","前期","前期","金1","281113-01","Semantics","若山 真幸","https://cssy.aasa.ac.jp/syllabusHtml/2026/2310/2310_281113-01_ja_JP.html"
"5439","後期","後期","水5","281114-01","Language Acquisition","吉岡 明子","https://cssy.aasa.ac.jp/syllabusHtml/2026/2310/2310_281114-01_ja_JP.html"
"5440","後期","後期","水4","281116-01","Sociolinguistics","吉岡 明子","https://cssy.aasa.ac.jp/syllabusHtml/2026/2310/2310_281116-01_ja_JP.html"
"5441","前期","前期","火3","281117-01","Special Topics in Language and Communication Ⅰ","檞 茉佑保","https://cssy.aasa.ac.jp/syllabusHtml/2026/2310/2310_281117-01_ja_JP.html"
"5442","前期","前期","水2","281118-01","Special Topics in Language and Communication Ⅱ","BILODEAU Isabelle","https://cssy.aasa.ac.jp/syllabusHtml/2026/2310/2310_281118-01_ja_JP.html"
"5443","前期","前期","火4,木2","281201-01","Japanese Popular Culture","McGEE Jennifer J.","https://cssy.aasa.ac.jp/syllabusHtml/2026/2310/2310_281201-01_ja_JP.html"
"5444","後期","後期","火3","281201-02","Japanese Popular Culture","McGEE Jennifer J.","https://cssy.aasa.ac.jp/syllabusHtml/2026/2310/2310_281201-02_ja_JP.html"
"5445","後期","後期","木1","281203-01","Japanese Performing Arts","西川 千雅","https://cssy.aasa.ac.jp/syllabusHtml/2026/2310/2310_281203-01_ja_JP.html"
"5446","後期","後期","水2","281205-01","Gender and Communication","McGEE Jennifer J.","https://cssy.aasa.ac.jp/syllabusHtml/2026/2310/2310_281205-01_ja_JP.html"
"5447","前期","前期","金4","281206-01","Comparative Education","渡辺 かよ子","https://cssy.aasa.ac.jp/syllabusHtml/2026/2310/2310_281206-01_ja_JP.html"
"5448","後期","後期","水2","281206-02","Comparative Education","藤掛 千絵","https://cssy.aasa.ac.jp/syllabusHtml/2026/2310/2310_281206-02_ja_JP.html"
"5449","後期","後期","月1","281209-01","Multiculturalism in Japan","李 承珉","https://cssy.aasa.ac.jp/syllabusHtml/2026/2310/2310_281209-01_ja_JP.html"
"5450","後期","後期","木3","281210-01","Special Topics in Global Japan Studies Ⅰ","中村 文人","https://cssy.aasa.ac.jp/syllabusHtml/2026/2310/2310_281210-01_ja_JP.html"
"5451","後期","後期","火4","281211-01","Special Topics in Global Japan Studies Ⅱ","李 承珉","https://cssy.aasa.ac.jp/syllabusHtml/2026/2310/2310_281211-01_ja_JP.html"
"5452","前期","前期","火4","281212-01","Special Topics in Global Japan Studies Ⅲ","熊澤 友紀子","https://cssy.aasa.ac.jp/syllabusHtml/2026/2310/2310_281212-01_ja_JP.html"
"5453","後期","後期","火1","281303-01","American Studies","KABARA Thomas","https://cssy.aasa.ac.jp/syllabusHtml/2026/2310/2310_281303-01_ja_JP.html"
"5454","前期","前期","金3","281304-01","Asian Studies","POTTER David M.","https://cssy.aasa.ac.jp/syllabusHtml/2026/2310/2310_281304-01_ja_JP.html"
"5455","前期","前期","火3","281305-01","Australian Studies","GROVES Alison","https://cssy.aasa.ac.jp/syllabusHtml/2026/2310/2310_281305-01_ja_JP.html"
"5456","前期","前期","水1","281306-01","British Studies","大門ゴーフ 裕子","https://cssy.aasa.ac.jp/syllabusHtml/2026/2310/2310_281306-01_ja_JP.html"
"5457","後期","後期","木1","281308-01","American Literature","大石 瑶子","https://cssy.aasa.ac.jp/syllabusHtml/2026/2310/2310_281308-01_ja_JP.html"
"5458","後期","後期","木1","281309-01","British Literature","大石 瑶子","https://cssy.aasa.ac.jp/syllabusHtml/2026/2310/2310_281309-01_ja_JP.html"
"5459","後期","後期","火4","281310-01","Careers in the Global Age","篠原 さやか 中郷 慶 MOLDEN Danny T. McGEE Jennifer J. 福本 明子","https://cssy.aasa.ac.jp/syllabusHtml/2026/2310/2310_281310-01_ja_JP.html"
"5460","後期","後期","水4","281311-01","Global Economy","三矢 幹根","https://cssy.aasa.ac.jp/syllabusHtml/2026/2310/2310_281311-01_ja_JP.html"
"5461","前期","前期","水4","281312-01","Global Business","三矢 幹根","https://cssy.aasa.ac.jp/syllabusHtml/2026/2310/2310_281312-01_ja_JP.html"
"5462","後期","後期","金3","281312-02","Global Business","渡辺 直登","https://cssy.aasa.ac.jp/syllabusHtml/2026/2310/2310_281312-02_ja_JP.html"
"5463","前期","前期","水2","281313-01","Gender and Society","篠原 さやか","https://cssy.aasa.ac.jp/syllabusHtml/2026/2310/2310_281313-01_ja_JP.html"
"5464","後期","後期","金4","281315-01","Business Simulation","渡辺 直登","https://cssy.aasa.ac.jp/syllabusHtml/2026/2310/2310_281315-01_ja_JP.html"
"5465","前期","前期","他","281317-01","Intercultural Communication","高井 次郎","https://cssy.aasa.ac.jp/syllabusHtml/2026/2310/2310_281317-01_ja_JP.html"
"5466","前期","前期","月4","281318-01","Media and Society","中村 文人","https://cssy.aasa.ac.jp/syllabusHtml/2026/2310/2310_281318-01_ja_JP.html"
"5467","前期","前期","月G1,水G1,金G1","282101-01","English Skills Ⅰ (Grammar)","LELEITO Lois C.","https://cssy.aasa.ac.jp/syllabusHtml/2026/2310/2310_282101-01_ja_JP.html"
"5468","前期","前期","月G2,水G2,金G2","282101-02","English Skills Ⅰ (Grammar)","LELEITO Lois C.","https://cssy.aasa.ac.jp/syllabusHtml/2026/2310/2310_282101-02_ja_JP.html"
"5469","前期","前期","月G2,水G2,金G2","282101-03","English Skills Ⅰ (Grammar)","FLOOD Cillian Boulian","https://cssy.aasa.ac.jp/syllabusHtml/2026/2310/2310_282101-03_ja_JP.html"
"5470","前期","前期","月G3,水G3,金G3","282101-04","English Skills Ⅰ (Grammar)","LELEITO Lois C.","https://cssy.aasa.ac.jp/syllabusHtml/2026/2310/2310_282101-04_ja_JP.html"
"5471","前期","前期","月G3,水G3,金G3","282101-05","English Skills Ⅰ (Grammar)","FLOOD Cillian Boulian","https://cssy.aasa.ac.jp/syllabusHtml/2026/2310/2310_282101-05_ja_JP.html"
"5472","前期","前期","月G4,水G4,金G4","282101-06","English Skills Ⅰ (Grammar)","LELEITO Lois C.","https://cssy.aasa.ac.jp/syllabusHtml/2026/2310/2310_282101-06_ja_JP.html"
"5473","前期","前期","月G1,水G1,金G1","282102-01","English Skills Ⅱ (Reading)","LELEITO Lois C.","https://cssy.aasa.ac.jp/syllabusHtml/2026/2310/2310_282102-01_ja_JP.html"
"5474","前期","前期","月G2,水G2,金G2","282102-02","English Skills Ⅱ (Reading)","LELEITO Lois C.","https://cssy.aasa.ac.jp/syllabusHtml/2026/2310/2310_282102-02_ja_JP.html"
"5475","前期","前期","月G2,水G2,金G2","282102-03","English Skills Ⅱ (Reading)","FLOOD Cillian Boulian","https://cssy.aasa.ac.jp/syllabusHtml/2026/2310/2310_282102-03_ja_JP.html"
"5476","前期","前期","月G3,水G3,金G3","282102-04","English Skills Ⅱ (Reading)","LELEITO Lois C.","https://cssy.aasa.ac.jp/syllabusHtml/2026/2310/2310_282102-04_ja_JP.html"
"5477","前期","前期","月G3,水G3,金G3","282102-05","English Skills Ⅱ (Reading)","FLOOD Cillian Boulian","https://cssy.aasa.ac.jp/syllabusHtml/2026/2310/2310_282102-05_ja_JP.html"
"5478","前期","前期","月G4,水G4,金G4","282102-06","English Skills Ⅱ (Reading)","LELEITO Lois C.","https://cssy.aasa.ac.jp/syllabusHtml/2026/2310/2310_282102-06_ja_JP.html"
"5479","後期","後期","月G1,水G1,金G1","282103-01","English Skills Ⅲ (Paragraph Writing)","LELEITO Lois C.","https://cssy.aasa.ac.jp/syllabusHtml/2026/2310/2310_282103-01_ja_JP.html"
"5480","後期","後期","月G2,水G2,金G2","282103-02","English Skills Ⅲ (Paragraph Writing)","LELEITO Lois C.","https://cssy.aasa.ac.jp/syllabusHtml/2026/2310/2310_282103-02_ja_JP.html"
"5481","後期","後期","月G2,水G2,金G2","282103-03","English Skills Ⅲ (Paragraph Writing)","FLOOD Cillian Boulian","https://cssy.aasa.ac.jp/syllabusHtml/2026/2310/2310_282103-03_ja_JP.html"
"5482","後期","後期","月G3,水G3,金G3","282103-04","English Skills Ⅲ (Paragraph Writing)","LELEITO Lois C.","https://cssy.aasa.ac.jp/syllabusHtml/2026/2310/2310_282103-04_ja_JP.html"
"5483","後期","後期","月G3,水G3,金G3","282103-05","English Skills Ⅲ (Paragraph Writing)","FLOOD Cillian Boulian","https://cssy.aasa.ac.jp/syllabusHtml/2026/2310/2310_282103-05_ja_JP.html"
"5484","後期","後期","月G4,水G4,金G4","282103-06","English Skills Ⅲ (Paragraph Writing)","LELEITO Lois C.","https://cssy.aasa.ac.jp/syllabusHtml/2026/2310/2310_282103-06_ja_JP.html"
"5485","後期","後期","月G1,水G1,金G1","282104-01","English Skills Ⅳ (Academic Writing)","LELEITO Lois C.","https://cssy.aasa.ac.jp/syllabusHtml/2026/2310/2310_282104-01_ja_JP.html"
"5486","後期","後期","月G2,水G2,金G2","282104-02","English Skills Ⅳ (Academic Writing)","LELEITO Lois C.","https://cssy.aasa.ac.jp/syllabusHtml/2026/2310/2310_282104-02_ja_JP.html"
"5487","後期","後期","月G2,水G2,金G2","282104-03","English Skills Ⅳ (Academic Writing)","FLOOD Cillian Boulian","https://cssy.aasa.ac.jp/syllabusHtml/2026/2310/2310_282104-03_ja_JP.html"
"5488","後期","後期","月G3,水G3,金G3","282104-04","English Skills Ⅳ (Academic Writing)","LELEITO Lois C.","https://cssy.aasa.ac.jp/syllabusHtml/2026/2310/2310_282104-04_ja_JP.html"
"5489","後期","後期","月G3,水G3,金G3","282104-05","English Skills Ⅳ (Academic Writing)","FLOOD Cillian Boulian","https://cssy.aasa.ac.jp/syllabusHtml/2026/2310/2310_282104-05_ja_JP.html"
"5490","後期","後期","月G4,水G4,金G4","282104-06","English Skills Ⅳ (Academic Writing)","LELEITO Lois C.","https://cssy.aasa.ac.jp/syllabusHtml/2026/2310/2310_282104-06_ja_JP.html"
"5491","前期","前期","月3,水3","282105-01","Readings in Global Communication","李 承珉","https://cssy.aasa.ac.jp/syllabusHtml/2026/2310/2310_282105-01_ja_JP.html"
"5492","前期","前期","月3,水3","282105-02","Readings in Global Communication","檞 茉佑保","https://cssy.aasa.ac.jp/syllabusHtml/2026/2310/2310_282105-02_ja_JP.html"
"5493","前期","前期","月3,水3","282105-03","Readings in Global Communication","中村 文人","https://cssy.aasa.ac.jp/syllabusHtml/2026/2310/2310_282105-03_ja_JP.html"
"5494","前期","前期","水3,金1","282105-04","Readings in Global Communication","篠原 さやか","https://cssy.aasa.ac.jp/syllabusHtml/2026/2310/2310_282105-04_ja_JP.html"
"5495","前期","前期","月4,金4","282112-01","Journal Writing","CAMPBELL Rob","https://cssy.aasa.ac.jp/syllabusHtml/2026/2310/2310_282112-01_ja_JP.html"
"5496","前期","前期","月4,金4","282112-02","Journal Writing","GROVES Alison","https://cssy.aasa.ac.jp/syllabusHtml/2026/2310/2310_282112-02_ja_JP.html"
"5497","前期","前期","月4,金4","282112-03","Journal Writing","TAKEUCHI Beccee","https://cssy.aasa.ac.jp/syllabusHtml/2026/2310/2310_282112-03_ja_JP.html"
"5498","前期","前期","月4,金4","282112-04","Journal Writing","LELEITO Lois C.","https://cssy.aasa.ac.jp/syllabusHtml/2026/2310/2310_282112-04_ja_JP.html"
"5499","前期","前期","月5,金5","282112-05","Journal Writing","TAKEUCHI Beccee","https://cssy.aasa.ac.jp/syllabusHtml/2026/2310/2310_282112-05_ja_JP.html"
"5500","後期","後期","水3","282113-01","Descriptive Writing","李 承珉","https://cssy.aasa.ac.jp/syllabusHtml/2026/2310/2310_282113-01_ja_JP.html"
"5501","後期","後期","木3","282116-01","Business Writing","藤掛 千絵","https://cssy.aasa.ac.jp/syllabusHtml/2026/2310/2310_282116-01_ja_JP.html"
"5502","後期","後期","月4","282117-01","Academic Writing","TAKEUCHI Beccee","https://cssy.aasa.ac.jp/syllabusHtml/2026/2310/2310_282117-01_ja_JP.html"
"5503","後期","後期","水1","282117-02","Academic Writing","ADRIANOWICZ Zbigniew","https://cssy.aasa.ac.jp/syllabusHtml/2026/2310/2310_282117-02_ja_JP.html"
"5504","後期","後期","水1","282117-03","Academic Writing","檞 茉佑保","https://cssy.aasa.ac.jp/syllabusHtml/2026/2310/2310_282117-03_ja_JP.html"
"5505","後期","後期","水2","282117-04","Academic Writing","ADRIANOWICZ Zbigniew","https://cssy.aasa.ac.jp/syllabusHtml/2026/2310/2310_282117-04_ja_JP.html"
"5506","後期","後期","水2","282117-05","Academic Writing","檞 茉佑保","https://cssy.aasa.ac.jp/syllabusHtml/2026/2310/2310_282117-05_ja_JP.html"
"5507","後期","後期","金4","282117-06","Academic Writing","TAKEUCHI Beccee","https://cssy.aasa.ac.jp/syllabusHtml/2026/2310/2310_282117-06_ja_JP.html"
"5508","前期","前期","火2","282118-01","Writing Lab Ⅰ","GROVES Alison","https://cssy.aasa.ac.jp/syllabusHtml/2026/2310/2310_282118-01_ja_JP.html"
"5509","前期","前期","火3","282118-02","Writing Lab Ⅰ","CAPITIN－PRINCIPE Abigail B.","https://cssy.aasa.ac.jp/syllabusHtml/2026/2310/2310_282118-02_ja_JP.html"
"5510","前期","前期","火4","282118-03","Writing Lab Ⅰ","SAYENKO Tetyana","https://cssy.aasa.ac.jp/syllabusHtml/2026/2310/2310_282118-03_ja_JP.html"
"5511","前期","前期","火5","282118-04","Writing Lab Ⅰ","SAYENKO Tetyana","https://cssy.aasa.ac.jp/syllabusHtml/2026/2310/2310_282118-04_ja_JP.html"
"5512","前期","前期","水3","282118-05","Writing Lab Ⅰ","TAKEUCHI Beccee","https://cssy.aasa.ac.jp/syllabusHtml/2026/2310/2310_282118-05_ja_JP.html"
"5513","前期","前期","木4","282118-06","Writing Lab Ⅰ","CAMPBELL Rob","https://cssy.aasa.ac.jp/syllabusHtml/2026/2310/2310_282118-06_ja_JP.html"
"5514","後期","後期","火2","282119-01","Writing Lab Ⅱ","GROVES Alison","https://cssy.aasa.ac.jp/syllabusHtml/2026/2310/2310_282119-01_ja_JP.html"
"5515","後期","後期","火3","282119-02","Writing Lab Ⅱ","CAPITIN－PRINCIPE Abigail B.","https://cssy.aasa.ac.jp/syllabusHtml/2026/2310/2310_282119-02_ja_JP.html"
"5516","後期","後期","火4","282119-03","Writing Lab Ⅱ","SAYENKO Tetyana","https://cssy.aasa.ac.jp/syllabusHtml/2026/2310/2310_282119-03_ja_JP.html"
"5517","後期","後期","火5","282119-04","Writing Lab Ⅱ","SAYENKO Tetyana","https://cssy.aasa.ac.jp/syllabusHtml/2026/2310/2310_282119-04_ja_JP.html"
"5518","後期","後期","水3","282119-05","Writing Lab Ⅱ","TAKEUCHI Beccee","https://cssy.aasa.ac.jp/syllabusHtml/2026/2310/2310_282119-05_ja_JP.html"
"5519","後期","後期","木4","282119-06","Writing Lab Ⅱ","CAMPBELL Rob","https://cssy.aasa.ac.jp/syllabusHtml/2026/2310/2310_282119-06_ja_JP.html"
"5520","前期","前期","火3","282121-01","Destination 500","藤掛 千絵","https://cssy.aasa.ac.jp/syllabusHtml/2026/2310/2310_282121-01_ja_JP.html"
"5521","前期","前期","火3,金2","282121-02","Destination 500","福本 明子","https://cssy.aasa.ac.jp/syllabusHtml/2026/2310/2310_282121-02_ja_JP.html"
"5522","前期","前期","木3","282121-03","Destination 500","李 承珉","https://cssy.aasa.ac.jp/syllabusHtml/2026/2310/2310_282121-03_ja_JP.html"
"5523","後期","後期","火4","282121-04","Destination 500","中村 文人","https://cssy.aasa.ac.jp/syllabusHtml/2026/2310/2310_282121-04_ja_JP.html"
"5524","後期","後期","金4","282121-05","Destination 500","篠原 さやか","https://cssy.aasa.ac.jp/syllabusHtml/2026/2310/2310_282121-05_ja_JP.html"
"5525","前期","前期","木1","282201-01","Basic Pronunciation Training","中郷 慶","https://cssy.aasa.ac.jp/syllabusHtml/2026/2310/2310_282201-01_ja_JP.html"
"5526","前期","前期","木2","282201-02","Basic Pronunciation Training","中郷 慶","https://cssy.aasa.ac.jp/syllabusHtml/2026/2310/2310_282201-02_ja_JP.html"
"5527","前期","前期","月G1,水G1,金G1","282202-01","Communication Skills Ⅰ (Interaction)","GROVES Alison","https://cssy.aasa.ac.jp/syllabusHtml/2026/2310/2310_282202-01_ja_JP.html"
"5528","前期","前期","月G1,水G1,金G1","282202-02","Communication Skills Ⅰ (Interaction)","ANG Donna","https://cssy.aasa.ac.jp/syllabusHtml/2026/2310/2310_282202-02_ja_JP.html"
"5529","前期","前期","月G2,水G2,金G2","282202-03","Communication Skills Ⅰ (Interaction)","GROVES Alison","https://cssy.aasa.ac.jp/syllabusHtml/2026/2310/2310_282202-03_ja_JP.html"
"5530","前期","前期","月G2,水G2,金G2","282202-04","Communication Skills Ⅰ (Interaction)","ANG Donna","https://cssy.aasa.ac.jp/syllabusHtml/2026/2310/2310_282202-04_ja_JP.html"
"5531","前期","前期","月G3,水G3,金G3","282202-05","Communication Skills Ⅰ (Interaction)","GROVES Alison","https://cssy.aasa.ac.jp/syllabusHtml/2026/2310/2310_282202-05_ja_JP.html"
"5532","前期","前期","月G4,水G4,金G4","282202-06","Communication Skills Ⅰ (Interaction)","GROVES Alison","https://cssy.aasa.ac.jp/syllabusHtml/2026/2310/2310_282202-06_ja_JP.html"
"5533","前期","前期","月G1,水G1,金G1","282203-01","Communication Skills Ⅱ (Listening)","GROVES Alison","https://cssy.aasa.ac.jp/syllabusHtml/2026/2310/2310_282203-01_ja_JP.html"
"5534","前期","前期","月G1,水G1,金G1","282203-02","Communication Skills Ⅱ (Listening)","ANG Donna","https://cssy.aasa.ac.jp/syllabusHtml/2026/2310/2310_282203-02_ja_JP.html"
"5535","前期","前期","月G2,水G2,金G2","282203-03","Communication Skills Ⅱ (Listening)","GROVES Alison","https://cssy.aasa.ac.jp/syllabusHtml/2026/2310/2310_282203-03_ja_JP.html"
"5536","前期","前期","月G2,水G2,金G2","282203-04","Communication Skills Ⅱ (Listening)","ANG Donna","https://cssy.aasa.ac.jp/syllabusHtml/2026/2310/2310_282203-04_ja_JP.html"
"5537","前期","前期","月G3,水G3,金G3","282203-05","Communication Skills Ⅱ (Listening)","GROVES Alison","https://cssy.aasa.ac.jp/syllabusHtml/2026/2310/2310_282203-05_ja_JP.html"
"5538","前期","前期","月G4,水G4,金G4","282203-06","Communication Skills Ⅱ (Listening)","GROVES Alison","https://cssy.aasa.ac.jp/syllabusHtml/2026/2310/2310_282203-06_ja_JP.html"
"5539","後期","後期","月G1,水G1,金G1","282204-01","Communication Skills Ⅲ (Presentation)","GROVES Alison","https://cssy.aasa.ac.jp/syllabusHtml/2026/2310/2310_282204-01_ja_JP.html"
"5540","後期","後期","月G1,水G1,金G1","282204-02","Communication Skills Ⅲ (Presentation)","SWEETLOVE Eric","https://cssy.aasa.ac.jp/syllabusHtml/2026/2310/2310_282204-02_ja_JP.html"
"5541","後期","後期","月G2,水G2,金G2","282204-03","Communication Skills Ⅲ (Presentation)","GROVES Alison","https://cssy.aasa.ac.jp/syllabusHtml/2026/2310/2310_282204-03_ja_JP.html"
"5542","後期","後期","月G2,水G2,金G2","282204-04","Communication Skills Ⅲ (Presentation)","SWEETLOVE Eric","https://cssy.aasa.ac.jp/syllabusHtml/2026/2310/2310_282204-04_ja_JP.html"
"5543","後期","後期","月G3,水G3,金G3","282204-05","Communication Skills Ⅲ (Presentation)","GROVES Alison","https://cssy.aasa.ac.jp/syllabusHtml/2026/2310/2310_282204-05_ja_JP.html"
"5544","後期","後期","月G4,水G4,金G4","282204-06","Communication Skills Ⅲ (Presentation)","GROVES Alison","https://cssy.aasa.ac.jp/syllabusHtml/2026/2310/2310_282204-06_ja_JP.html"
"5545","後期","後期","月G1,水G1,金G1","282205-01","Communication Skills Ⅳ (Debate)","GROVES Alison","https://cssy.aasa.ac.jp/syllabusHtml/2026/2310/2310_282205-01_ja_JP.html"
"5546","後期","後期","月G1,水G1,金G1","282205-02","Communication Skills Ⅳ (Debate)","SWEETLOVE Eric","https://cssy.aasa.ac.jp/syllabusHtml/2026/2310/2310_282205-02_ja_JP.html"
"5547","後期","後期","月G2,水G2,金G2","282205-03","Communication Skills Ⅳ (Debate)","GROVES Alison","https://cssy.aasa.ac.jp/syllabusHtml/2026/2310/2310_282205-03_ja_JP.html"
"5548","後期","後期","月G2,水G2,金G2","282205-04","Communication Skills Ⅳ (Debate)","SWEETLOVE Eric","https://cssy.aasa.ac.jp/syllabusHtml/2026/2310/2310_282205-04_ja_JP.html"
"5549","後期","後期","月G3,水G3,金G3","282205-05","Communication Skills Ⅳ (Debate)","GROVES Alison","https://cssy.aasa.ac.jp/syllabusHtml/2026/2310/2310_282205-05_ja_JP.html"
"5550","後期","後期","月G4,水G4,金G4","282205-06","Communication Skills Ⅳ (Debate)","GROVES Alison","https://cssy.aasa.ac.jp/syllabusHtml/2026/2310/2310_282205-06_ja_JP.html"
"5551","前期","前期","火3,4","282206-01","Introduction to Translation and Interpretation","大庭 彩子","https://cssy.aasa.ac.jp/syllabusHtml/2026/2310/2310_282206-01_ja_JP.html"
"5552","後期","後期","火3","282206-02","Introduction to Translation and Interpretation","大庭 彩子","https://cssy.aasa.ac.jp/syllabusHtml/2026/2310/2310_282206-02_ja_JP.html"
"5553","後期","後期","木1","282207-01","Advanced Pronunciation Training","中郷 慶","https://cssy.aasa.ac.jp/syllabusHtml/2026/2310/2310_282207-01_ja_JP.html"
"5554","前期","前期","火4","282301-01","New Student Seminar","李 承珉","https://cssy.aasa.ac.jp/syllabusHtml/2026/2310/2310_282301-01_ja_JP.html"
"5555","前期","前期","火4","282301-02","New Student Seminar","檞 茉佑保","https://cssy.aasa.ac.jp/syllabusHtml/2026/2310/2310_282301-02_ja_JP.html"
"5556","前期","前期","火4","282301-03","New Student Seminar","篠原 さやか","https://cssy.aasa.ac.jp/syllabusHtml/2026/2310/2310_282301-03_ja_JP.html"
"5557","前期","前期","火4","282301-04","New Student Seminar","中村 文人","https://cssy.aasa.ac.jp/syllabusHtml/2026/2310/2310_282301-04_ja_JP.html"
"5558","前期","前期","火4","282301-05","New Student Seminar","BILODEAU Isabelle","https://cssy.aasa.ac.jp/syllabusHtml/2026/2310/2310_282301-05_ja_JP.html"
"5559","前期","前期","火4","282301-06","New Student Seminar","福本 明子","https://cssy.aasa.ac.jp/syllabusHtml/2026/2310/2310_282301-06_ja_JP.html"
"5560","前期","前期","火4","282301-07","New Student Seminar","藤掛 千絵","https://cssy.aasa.ac.jp/syllabusHtml/2026/2310/2310_282301-07_ja_JP.html"
"5561","前期","前期","月G1,水G1,金G1","282302-01","Academic Skills Ⅰ (Basic)","CAMPBELL Rob","https://cssy.aasa.ac.jp/syllabusHtml/2026/2310/2310_282302-01_ja_JP.html"
"5562","前期","前期","月G1,水G1,金G1","282302-02","Academic Skills Ⅰ (Basic)","TAKEUCHI Beccee","https://cssy.aasa.ac.jp/syllabusHtml/2026/2310/2310_282302-02_ja_JP.html"
"5563","前期","前期","月G2,水G2,金G2","282302-03","Academic Skills Ⅰ (Basic)","CAMPBELL Rob","https://cssy.aasa.ac.jp/syllabusHtml/2026/2310/2310_282302-03_ja_JP.html"
"5564","前期","前期","月G3,水G3,金G3","282302-04","Academic Skills Ⅰ (Basic)","CAMPBELL Rob","https://cssy.aasa.ac.jp/syllabusHtml/2026/2310/2310_282302-04_ja_JP.html"
"5565","前期","前期","月G3,水G3,金G3","282302-05","Academic Skills Ⅰ (Basic)","TAKEUCHI Beccee","https://cssy.aasa.ac.jp/syllabusHtml/2026/2310/2310_282302-05_ja_JP.html"
"5566","前期","前期","月G4,水G4,金G4","282302-06","Academic Skills Ⅰ (Basic)","CAMPBELL Rob","https://cssy.aasa.ac.jp/syllabusHtml/2026/2310/2310_282302-06_ja_JP.html"
"5567","前期","前期","月G1,水G1,金G1","282303-01","Academic Skills Ⅱ (Research)","CAMPBELL Rob","https://cssy.aasa.ac.jp/syllabusHtml/2026/2310/2310_282303-01_ja_JP.html"
"5568","前期","前期","月G1,水G1,金G1","282303-02","Academic Skills Ⅱ (Research)","TAKEUCHI Beccee","https://cssy.aasa.ac.jp/syllabusHtml/2026/2310/2310_282303-02_ja_JP.html"
"5569","前期","前期","月G2,水G2,金G2","282303-03","Academic Skills Ⅱ (Research)","CAMPBELL Rob","https://cssy.aasa.ac.jp/syllabusHtml/2026/2310/2310_282303-03_ja_JP.html"
"5570","前期","前期","月G3,水G3,金G3","282303-04","Academic Skills Ⅱ (Research)","CAMPBELL Rob","https://cssy.aasa.ac.jp/syllabusHtml/2026/2310/2310_282303-04_ja_JP.html"
"5571","前期","前期","月G3,水G3,金G3","282303-05","Academic Skills Ⅱ (Research)","TAKEUCHI Beccee","https://cssy.aasa.ac.jp/syllabusHtml/2026/2310/2310_282303-05_ja_JP.html"
"5572","前期","前期","月G4,水G4,金G4","282303-06","Academic Skills Ⅱ (Research)","CAMPBELL Rob","https://cssy.aasa.ac.jp/syllabusHtml/2026/2310/2310_282303-06_ja_JP.html"
"5573","後期","後期","月G1,水G1,金G1","282304-01","Academic Skills Ⅲ (Thinking)","CAMPBELL Rob","https://cssy.aasa.ac.jp/syllabusHtml/2026/2310/2310_282304-01_ja_JP.html"
"5574","後期","後期","月G1,水G1,金G1","282304-02","Academic Skills Ⅲ (Thinking)","TAKEUCHI Beccee","https://cssy.aasa.ac.jp/syllabusHtml/2026/2310/2310_282304-02_ja_JP.html"
"5575","後期","後期","月G2,水G2,金G2","282304-03","Academic Skills Ⅲ (Thinking)","CAMPBELL Rob","https://cssy.aasa.ac.jp/syllabusHtml/2026/2310/2310_282304-03_ja_JP.html"
"5576","後期","後期","月G3,水G3,金G3","282304-04","Academic Skills Ⅲ (Thinking)","CAMPBELL Rob","https://cssy.aasa.ac.jp/syllabusHtml/2026/2310/2310_282304-04_ja_JP.html"
"5577","後期","後期","月G3,水G3,金G3","282304-05","Academic Skills Ⅲ (Thinking)","TAKEUCHI Beccee","https://cssy.aasa.ac.jp/syllabusHtml/2026/2310/2310_282304-05_ja_JP.html"
"5578","後期","後期","月G4,水G4,金G4","282304-06","Academic Skills Ⅲ (Thinking)","CAMPBELL Rob","https://cssy.aasa.ac.jp/syllabusHtml/2026/2310/2310_282304-06_ja_JP.html"
"5579","後期","後期","月G1,水G1,金G1","282305-01","Academic Skills Ⅳ (Reporting)","CAMPBELL Rob","https://cssy.aasa.ac.jp/syllabusHtml/2026/2310/2310_282305-01_ja_JP.html"
"5580","後期","後期","月G1,水G1,金G1","282305-02","Academic Skills Ⅳ (Reporting)","TAKEUCHI Beccee","https://cssy.aasa.ac.jp/syllabusHtml/2026/2310/2310_282305-02_ja_JP.html"
"5581","後期","後期","月G2,水G2,金G2","282305-03","Academic Skills Ⅳ (Reporting)","CAMPBELL Rob","https://cssy.aasa.ac.jp/syllabusHtml/2026/2310/2310_282305-03_ja_JP.html"
"5582","後期","後期","月G3,水G3,金G3","282305-04","Academic Skills Ⅳ (Reporting)","CAMPBELL Rob","https://cssy.aasa.ac.jp/syllabusHtml/2026/2310/2310_282305-04_ja_JP.html"
"5583","後期","後期","月G3,水G3,金G3","282305-05","Academic Skills Ⅳ (Reporting)","TAKEUCHI Beccee","https://cssy.aasa.ac.jp/syllabusHtml/2026/2310/2310_282305-05_ja_JP.html"
"5584","後期","後期","月G4,水G4,金G4","282305-06","Academic Skills Ⅳ (Reporting)","CAMPBELL Rob","https://cssy.aasa.ac.jp/syllabusHtml/2026/2310/2310_282305-06_ja_JP.html"
"5585","前期","前期","月1","282306-01","Seminar 1","中郷 慶","https://cssy.aasa.ac.jp/syllabusHtml/2026/2310/2310_282306-01_ja_JP.html"
"5586","前期","前期","月1","282306-02","Seminar 1","福本 明子","https://cssy.aasa.ac.jp/syllabusHtml/2026/2310/2310_282306-02_ja_JP.html"
"5587","前期","前期","月1","282306-03","Seminar 1","McGEE Jennifer J.","https://cssy.aasa.ac.jp/syllabusHtml/2026/2310/2310_282306-03_ja_JP.html"
"5588","前期","前期","月1","282306-04","Seminar 1","MOLDEN Danny T.","https://cssy.aasa.ac.jp/syllabusHtml/2026/2310/2310_282306-04_ja_JP.html"
"5589","前期","前期","水1","282306-05","Seminar 1","李 承珉","https://cssy.aasa.ac.jp/syllabusHtml/2026/2310/2310_282306-05_ja_JP.html"
"5590","前期","前期","金3","282306-06","Seminar 1","篠原 さやか","https://cssy.aasa.ac.jp/syllabusHtml/2026/2310/2310_282306-06_ja_JP.html"
"5591","前期","前期","金3","282306-07","Seminar 1","TAKEUCHI Beccee","https://cssy.aasa.ac.jp/syllabusHtml/2026/2310/2310_282306-07_ja_JP.html"
"5592","前期","前期","金3","282306-08","Seminar 1","BILODEAU Isabelle","https://cssy.aasa.ac.jp/syllabusHtml/2026/2310/2310_282306-08_ja_JP.html"
"5593","前期","前期","金3","282306-09","Seminar 1","藤掛 千絵","https://cssy.aasa.ac.jp/syllabusHtml/2026/2310/2310_282306-09_ja_JP.html"
"5594","後期","後期","火3","282307-01","Seminar 2","李 承珉","https://cssy.aasa.ac.jp/syllabusHtml/2026/2310/2310_282307-01_ja_JP.html"
"5595","後期","後期","木1","282307-02","Seminar 2","MOLDEN Danny T.","https://cssy.aasa.ac.jp/syllabusHtml/2026/2310/2310_282307-02_ja_JP.html"
"5596","後期","後期","木2","282307-03","Seminar 2","篠原 さやか","https://cssy.aasa.ac.jp/syllabusHtml/2026/2310/2310_282307-03_ja_JP.html"
"5597","後期","後期","木2","282307-04","Seminar 2","藤掛 千絵","https://cssy.aasa.ac.jp/syllabusHtml/2026/2310/2310_282307-04_ja_JP.html"
"5598","後期","後期","木2","282307-05","Seminar 2","McGEE Jennifer J.","https://cssy.aasa.ac.jp/syllabusHtml/2026/2310/2310_282307-05_ja_JP.html"
"5599","後期","後期","木3","282307-06","Seminar 2","中郷 慶","https://cssy.aasa.ac.jp/syllabusHtml/2026/2310/2310_282307-06_ja_JP.html"
"5600","後期","後期","金2","282307-07","Seminar 2","BILODEAU Isabelle","https://cssy.aasa.ac.jp/syllabusHtml/2026/2310/2310_282307-07_ja_JP.html"
"5601","後期","後期","金3","282307-08","Seminar 2","福本 明子","https://cssy.aasa.ac.jp/syllabusHtml/2026/2310/2310_282307-08_ja_JP.html"
"5602","後期","後期","金3","282307-09","Seminar 2","TAKEUCHI Beccee","https://cssy.aasa.ac.jp/syllabusHtml/2026/2310/2310_282307-09_ja_JP.html"
"5603","後期","後期","火3","282308-01","Seminar 3","李 承珉","https://cssy.aasa.ac.jp/syllabusHtml/2026/2310/2310_282308-01_ja_JP.html"
"5604","後期","後期","木1","282308-02","Seminar 3","MOLDEN Danny T.","https://cssy.aasa.ac.jp/syllabusHtml/2026/2310/2310_282308-02_ja_JP.html"
"5605","後期","後期","木2","282308-03","Seminar 3","篠原 さやか","https://cssy.aasa.ac.jp/syllabusHtml/2026/2310/2310_282308-03_ja_JP.html"
"5606","後期","後期","木2","282308-04","Seminar 3","藤掛 千絵","https://cssy.aasa.ac.jp/syllabusHtml/2026/2310/2310_282308-04_ja_JP.html"
"5607","後期","後期","木2","282308-05","Seminar 3","McGEE Jennifer J.","https://cssy.aasa.ac.jp/syllabusHtml/2026/2310/2310_282308-05_ja_JP.html"
"5608","後期","後期","木3","282308-06","Seminar 3","中郷 慶","https://cssy.aasa.ac.jp/syllabusHtml/2026/2310/2310_282308-06_ja_JP.html"
"5609","後期","後期","金2","282308-07","Seminar 3","BILODEAU Isabelle","https://cssy.aasa.ac.jp/syllabusHtml/2026/2310/2310_282308-07_ja_JP.html"
"5610","後期","後期","金3","282308-08","Seminar 3","福本 明子","https://cssy.aasa.ac.jp/syllabusHtml/2026/2310/2310_282308-08_ja_JP.html"
"5611","後期","後期","金3","282308-09","Seminar 3","TAKEUCHI Beccee","https://cssy.aasa.ac.jp/syllabusHtml/2026/2310/2310_282308-09_ja_JP.html"
"5612","前期","前期","月2","282309-01","Seminar 4","檞 茉佑保","https://cssy.aasa.ac.jp/syllabusHtml/2026/2310/2310_282309-01_ja_JP.html"
"5613","前期","前期","月2","282309-02","Seminar 4","BILODEAU Isabelle","https://cssy.aasa.ac.jp/syllabusHtml/2026/2310/2310_282309-02_ja_JP.html"
"5614","前期","前期","月3","282309-03","Seminar 4","中郷 慶","https://cssy.aasa.ac.jp/syllabusHtml/2026/2310/2310_282309-03_ja_JP.html"
"5615","前期","前期","水3","282309-04","Seminar 4","MOLDEN Danny T.","https://cssy.aasa.ac.jp/syllabusHtml/2026/2310/2310_282309-04_ja_JP.html"
"5616","前期","前期","木1","282309-05","Seminar 4","McGEE Jennifer J.","https://cssy.aasa.ac.jp/syllabusHtml/2026/2310/2310_282309-05_ja_JP.html"
"5617","前期","前期","木2","282309-06","Seminar 4","篠原 さやか","https://cssy.aasa.ac.jp/syllabusHtml/2026/2310/2310_282309-06_ja_JP.html"
"5618","前期","前期","木2","282309-07","Seminar 4","福本 明子","https://cssy.aasa.ac.jp/syllabusHtml/2026/2310/2310_282309-07_ja_JP.html"
"5619","前期","前期","月2","282310-01","Seminar 5","檞 茉佑保","https://cssy.aasa.ac.jp/syllabusHtml/2026/2310/2310_282310-01_ja_JP.html"
"5620","前期","前期","月2","282310-02","Seminar 5","BILODEAU Isabelle","https://cssy.aasa.ac.jp/syllabusHtml/2026/2310/2310_282310-02_ja_JP.html"
"5621","前期","前期","月3","282310-03","Seminar 5","中郷 慶","https://cssy.aasa.ac.jp/syllabusHtml/2026/2310/2310_282310-03_ja_JP.html"
"5622","前期","前期","水3","282310-04","Seminar 5","MOLDEN Danny T.","https://cssy.aasa.ac.jp/syllabusHtml/2026/2310/2310_282310-04_ja_JP.html"
"5623","前期","前期","木1","282310-05","Seminar 5","McGEE Jennifer J.","https://cssy.aasa.ac.jp/syllabusHtml/2026/2310/2310_282310-05_ja_JP.html"
"5624","前期","前期","木2","282310-06","Seminar 5","篠原 さやか","https://cssy.aasa.ac.jp/syllabusHtml/2026/2310/2310_282310-06_ja_JP.html"
"5625","前期","前期","木2","282310-07","Seminar 5","福本 明子","https://cssy.aasa.ac.jp/syllabusHtml/2026/2310/2310_282310-07_ja_JP.html"
"5626","後期","後期","月2","282311-01","Seminar 6","BILODEAU Isabelle","https://cssy.aasa.ac.jp/syllabusHtml/2026/2310/2310_282311-01_ja_JP.html"
"5627","後期","後期","月3","282311-02","Seminar 6","檞 茉佑保","https://cssy.aasa.ac.jp/syllabusHtml/2026/2310/2310_282311-02_ja_JP.html"
"5628","後期","後期","月3","282311-03","Seminar 6","中郷 慶","https://cssy.aasa.ac.jp/syllabusHtml/2026/2310/2310_282311-03_ja_JP.html"
"5629","後期","後期","月3","282311-04","Seminar 6","福本 明子","https://cssy.aasa.ac.jp/syllabusHtml/2026/2310/2310_282311-04_ja_JP.html"
"5630","後期","後期","火3","282311-05","Seminar 6","MOLDEN Danny T.","https://cssy.aasa.ac.jp/syllabusHtml/2026/2310/2310_282311-05_ja_JP.html"
"5631","後期","後期","木1","282311-06","Seminar 6","McGEE Jennifer J.","https://cssy.aasa.ac.jp/syllabusHtml/2026/2310/2310_282311-06_ja_JP.html"
"5632","後期","後期","木3","282311-07","Seminar 6","篠原 さやか","https://cssy.aasa.ac.jp/syllabusHtml/2026/2310/2310_282311-07_ja_JP.html"
"5633","後期","後期","月2","282312-01","Seminar 7","BILODEAU Isabelle","https://cssy.aasa.ac.jp/syllabusHtml/2026/2310/2310_282312-01_ja_JP.html"
"5634","後期","後期","月3","282312-02","Seminar 7","檞 茉佑保","https://cssy.aasa.ac.jp/syllabusHtml/2026/2310/2310_282312-02_ja_JP.html"
"5635","後期","後期","月3","282312-03","Seminar 7","中郷 慶","https://cssy.aasa.ac.jp/syllabusHtml/2026/2310/2310_282312-03_ja_JP.html"
"5636","後期","後期","月3","282312-04","Seminar 7","福本 明子","https://cssy.aasa.ac.jp/syllabusHtml/2026/2310/2310_282312-04_ja_JP.html"
"5637","後期","後期","火3","282312-05","Seminar 7","MOLDEN Danny T.","https://cssy.aasa.ac.jp/syllabusHtml/2026/2310/2310_282312-05_ja_JP.html"
"5638","後期","後期","木1","282312-06","Seminar 7","McGEE Jennifer J.","https://cssy.aasa.ac.jp/syllabusHtml/2026/2310/2310_282312-06_ja_JP.html"
"5639","後期","後期","木3","282312-07","Seminar 7","篠原 さやか","https://cssy.aasa.ac.jp/syllabusHtml/2026/2310/2310_282312-07_ja_JP.html"
"5640","後期","後期","金3","282314-01","Data Analysis","篠原 さやか","https://cssy.aasa.ac.jp/syllabusHtml/2026/2310/2310_282314-01_ja_JP.html"
"5641","後期","後期","木4","282315-01","Text Analysis","MOLDEN Danny T.","https://cssy.aasa.ac.jp/syllabusHtml/2026/2310/2310_282315-01_ja_JP.html"
"5642","前期","前期","月4","282316-01","Seminar 8","中郷 慶","https://cssy.aasa.ac.jp/syllabusHtml/2026/2310/2310_282316-01_ja_JP.html"
"5643","前期","前期","水1","282316-02","Seminar 8","MOLDEN Danny T.","https://cssy.aasa.ac.jp/syllabusHtml/2026/2310/2310_282316-02_ja_JP.html"
"5644","前期","前期","木2","282316-03","Seminar 8","檞 茉佑保","https://cssy.aasa.ac.jp/syllabusHtml/2026/2310/2310_282316-03_ja_JP.html"
"5645","前期","前期","木2","282316-04","Seminar 8","中村 文人","https://cssy.aasa.ac.jp/syllabusHtml/2026/2310/2310_282316-04_ja_JP.html"
"5646","前期","前期","木3","282316-05","Seminar 8","篠原 さやか","https://cssy.aasa.ac.jp/syllabusHtml/2026/2310/2310_282316-05_ja_JP.html"
"5647","前期","前期","木3","282316-06","Seminar 8","福本 明子","https://cssy.aasa.ac.jp/syllabusHtml/2026/2310/2310_282316-06_ja_JP.html"
"5648","前期","前期","木4","282316-07","Seminar 8","McGEE Jennifer J.","https://cssy.aasa.ac.jp/syllabusHtml/2026/2310/2310_282316-07_ja_JP.html"
"5649","前期","前期","月4","282317-01","Seminar 9","中郷 慶","https://cssy.aasa.ac.jp/syllabusHtml/2026/2310/2310_282317-01_ja_JP.html"
"5650","前期","前期","水1","282317-02","Seminar 9","MOLDEN Danny T.","https://cssy.aasa.ac.jp/syllabusHtml/2026/2310/2310_282317-02_ja_JP.html"
"5651","前期","前期","木2","282317-03","Seminar 9","檞 茉佑保","https://cssy.aasa.ac.jp/syllabusHtml/2026/2310/2310_282317-03_ja_JP.html"
"5652","前期","前期","木2","282317-04","Seminar 9","中村 文人","https://cssy.aasa.ac.jp/syllabusHtml/2026/2310/2310_282317-04_ja_JP.html"
"5653","前期","前期","木3","282317-05","Seminar 9","篠原 さやか","https://cssy.aasa.ac.jp/syllabusHtml/2026/2310/2310_282317-05_ja_JP.html"
"5654","前期","前期","木3","282317-06","Seminar 9","福本 明子","https://cssy.aasa.ac.jp/syllabusHtml/2026/2310/2310_282317-06_ja_JP.html"
"5655","前期","前期","木4","282317-07","Seminar 9","McGEE Jennifer J.","https://cssy.aasa.ac.jp/syllabusHtml/2026/2310/2310_282317-07_ja_JP.html"
"5656","後期","後期","月2","282318-01","Seminar 10","檞 茉佑保","https://cssy.aasa.ac.jp/syllabusHtml/2026/2310/2310_282318-01_ja_JP.html"
"5657","後期","後期","月4","282318-02","Seminar 10","中郷 慶","https://cssy.aasa.ac.jp/syllabusHtml/2026/2310/2310_282318-02_ja_JP.html"
"5658","後期","後期","水1","282318-03","Seminar 10","MOLDEN Danny T.","https://cssy.aasa.ac.jp/syllabusHtml/2026/2310/2310_282318-03_ja_JP.html"
"5659","後期","後期","水3","282318-04","Seminar 10","中村 文人","https://cssy.aasa.ac.jp/syllabusHtml/2026/2310/2310_282318-04_ja_JP.html"
"5660","後期","後期","木4","282318-05","Seminar 10","篠原 さやか","https://cssy.aasa.ac.jp/syllabusHtml/2026/2310/2310_282318-05_ja_JP.html"
"5661","後期","後期","木4","282318-06","Seminar 10","McGEE Jennifer J.","https://cssy.aasa.ac.jp/syllabusHtml/2026/2310/2310_282318-06_ja_JP.html"
"5662","後期","後期","金2","282318-07","Seminar 10","福本 明子","https://cssy.aasa.ac.jp/syllabusHtml/2026/2310/2310_282318-07_ja_JP.html"
"5663","後期","後期","月2","282319-01","Seminar 11","檞 茉佑保","https://cssy.aasa.ac.jp/syllabusHtml/2026/2310/2310_282319-01_ja_JP.html"
"5664","後期","後期","月4","282319-02","Seminar 11","中郷 慶","https://cssy.aasa.ac.jp/syllabusHtml/2026/2310/2310_282319-02_ja_JP.html"
"5665","後期","後期","水1","282319-03","Seminar 11","MOLDEN Danny T.","https://cssy.aasa.ac.jp/syllabusHtml/2026/2310/2310_282319-03_ja_JP.html"
"5666","後期","後期","水3","282319-04","Seminar 11","中村 文人","https://cssy.aasa.ac.jp/syllabusHtml/2026/2310/2310_282319-04_ja_JP.html"
"5667","後期","後期","木4","282319-05","Seminar 11","篠原 さやか","https://cssy.aasa.ac.jp/syllabusHtml/2026/2310/2310_282319-05_ja_JP.html"
"5668","後期","後期","木4","282319-06","Seminar 11","McGEE Jennifer J.","https://cssy.aasa.ac.jp/syllabusHtml/2026/2310/2310_282319-06_ja_JP.html"
"5669","後期","後期","金2","282319-07","Seminar 11","福本 明子","https://cssy.aasa.ac.jp/syllabusHtml/2026/2310/2310_282319-07_ja_JP.html"
"5670","前期","前期","木4,5","283101-01","Intercultural Training","藤掛 千絵","https://cssy.aasa.ac.jp/syllabusHtml/2026/2310/2310_283101-01_ja_JP.html"
"5671","前期","前期","木4,5","283101-02","Intercultural Training","藤掛 千絵","https://cssy.aasa.ac.jp/syllabusHtml/2026/2310/2310_283101-02_ja_JP.html"
"5672","前期","前期","他","283102-01","Study Abroad","MOLDEN Danny T. 李 承珉","https://cssy.aasa.ac.jp/syllabusHtml/2026/2310/2310_283102-01_ja_JP.html"
"5673","前期","前期","他","283102-02","Study Abroad","MOLDEN Danny T. 李 承珉","https://cssy.aasa.ac.jp/syllabusHtml/2026/2310/2310_283102-02_ja_JP.html"
"5674","前期","前期","他","283102-03","Study Abroad","MOLDEN Danny T. 中村 文人","https://cssy.aasa.ac.jp/syllabusHtml/2026/2310/2310_283102-03_ja_JP.html"
"5675","前期","前期","他","283102-04","Study Abroad","McGEE Jennifer J. 檞 茉佑保","https://cssy.aasa.ac.jp/syllabusHtml/2026/2310/2310_283102-04_ja_JP.html"
"5676","前期","前期","他","283102-05","Study Abroad","McGEE Jennifer J. 中村 文人","https://cssy.aasa.ac.jp/syllabusHtml/2026/2310/2310_283102-05_ja_JP.html"
"5677","前期","前期","他","283102-06","Study Abroad","McGEE Jennifer J. 檞 茉佑保","https://cssy.aasa.ac.jp/syllabusHtml/2026/2310/2310_283102-06_ja_JP.html"
"5678","後期","後期","月4","284001-01","Introduction to Communication Studies","福本 明子","https://cssy.aasa.ac.jp/syllabusHtml/2026/2310/2310_284001-01_ja_JP.html"
"5679","後期","後期","木2","284002-01","Introduction to Language Studies","中郷 慶","https://cssy.aasa.ac.jp/syllabusHtml/2026/2310/2310_284002-01_ja_JP.html"
"5680","前期","前期","水1","284003-01","Readings in Language and Communication","赤星 泰子","https://cssy.aasa.ac.jp/syllabusHtml/2026/2310/2310_284003-01_ja_JP.html"
"5681","後期","後期","水1","284003-02","Readings in Language and Communication","赤星 泰子","https://cssy.aasa.ac.jp/syllabusHtml/2026/2310/2310_284003-02_ja_JP.html"
"5682","後期","後期","火3","284004-01","Negotiation","福本 明子","https://cssy.aasa.ac.jp/syllabusHtml/2026/2310/2310_284004-01_ja_JP.html"
"5683","後期","後期","水2","284005-01","Organizational Communication","篠原 さやか","https://cssy.aasa.ac.jp/syllabusHtml/2026/2310/2310_284005-01_ja_JP.html"
"5684","前期","前期","火3","284006-01","Introduction to Global Japan Studies","中村 文人","https://cssy.aasa.ac.jp/syllabusHtml/2026/2310/2310_284006-01_ja_JP.html"
"5685","前期","前期","水2","284007-01","Readings in Global Japan Studies","赤星 泰子","https://cssy.aasa.ac.jp/syllabusHtml/2026/2310/2310_284007-01_ja_JP.html"
"5686","後期","後期","水2","284007-02","Readings in Global Japan Studies","赤星 泰子","https://cssy.aasa.ac.jp/syllabusHtml/2026/2310/2310_284007-02_ja_JP.html"
"5687","後期","後期","月2","284008-01","Modern Japan","中村 文人","https://cssy.aasa.ac.jp/syllabusHtml/2026/2310/2310_284008-01_ja_JP.html"
"5688","前期","前期","他","284009-01","Internship in the Global Age","福本 明子 藤掛 千絵","https://cssy.aasa.ac.jp/syllabusHtml/2026/2310/2310_284009-01_ja_JP.html"
"5689","後期","後期","他","284009-02","Internship in the Global Age","福本 明子 藤掛 千絵","https://cssy.aasa.ac.jp/syllabusHtml/2026/2310/2310_284009-02_ja_JP.html"
"5690","後期","後期","火3","284010-01","World Englishes","藤掛 千絵","https://cssy.aasa.ac.jp/syllabusHtml/2026/2310/2310_284010-01_ja_JP.html"
"5691","前期","前期","水3","284011-01","Advertising","McGEE Jennifer J.","https://cssy.aasa.ac.jp/syllabusHtml/2026/2310/2310_284011-01_ja_JP.html"
"5692","後期","後期","水3","284012-01","Social Media","McGEE Jennifer J.","https://cssy.aasa.ac.jp/syllabusHtml/2026/2310/2310_284012-01_ja_JP.html"
"5693","前期","前期","火3","284013-01","Basic English Proficiency Testing","李 承珉","https://cssy.aasa.ac.jp/syllabusHtml/2026/2310/2310_284013-01_ja_JP.html"
"5694","後期","後期","火3","284014-01","Intermediate English Proficiency Testing","中村 文人","https://cssy.aasa.ac.jp/syllabusHtml/2026/2310/2310_284014-01_ja_JP.html"
"5695","後期","後期","月4","284015-01","Advanced English Proficiency Testing","藤掛 千絵","https://cssy.aasa.ac.jp/syllabusHtml/2026/2310/2310_284015-01_ja_JP.html"
"5696","後期","後期","火4","284016-01","Translation Practice","大庭 彩子","https://cssy.aasa.ac.jp/syllabusHtml/2026/2310/2310_284016-01_ja_JP.html"
"5697","前期","前期","金3","284017-01","Interpretation Practice","村田 久美子","https://cssy.aasa.ac.jp/syllabusHtml/2026/2310/2310_284017-01_ja_JP.html"
"5698","後期","後期","水2","284018-01","Discussion and Debate","MOLDEN Danny T.","https://cssy.aasa.ac.jp/syllabusHtml/2026/2310/2310_284018-01_ja_JP.html"
"5699","前期","前期","木2","284019-01","Academic Debate","MOLDEN Danny T.","https://cssy.aasa.ac.jp/syllabusHtml/2026/2310/2310_284019-01_ja_JP.html"
"5700","前期","前期","水1","284020-01","Digital Presentation","ADRIANOWICZ Zbigniew","https://cssy.aasa.ac.jp/syllabusHtml/2026/2310/2310_284020-01_ja_JP.html"
"5701","前期","前期","水2","284021-01","Business Presentation","ADRIANOWICZ Zbigniew","https://cssy.aasa.ac.jp/syllabusHtml/2026/2310/2310_284021-01_ja_JP.html"
"5702","前期","前期","月2,水2","284022-01","Critical Thinking","MOLDEN Danny T.","https://cssy.aasa.ac.jp/syllabusHtml/2026/2310/2310_284022-01_ja_JP.html"
"5703","前期","前期","月4","284023-01","Research in Global Communication","福本 明子","https://cssy.aasa.ac.jp/syllabusHtml/2026/2310/2310_284023-01_ja_JP.html"
"5704","後期","後期","木3","284024-01","GLOCOM Practicum 1","MOLDEN Danny T. McGEE Jennifer J.","https://cssy.aasa.ac.jp/syllabusHtml/2026/2310/2310_284024-01_ja_JP.html"
"5705","前期","前期","木3","284025-01","GLOCOM Practicum 2","MOLDEN Danny T. McGEE Jennifer J.","https://cssy.aasa.ac.jp/syllabusHtml/2026/2310/2310_284025-01_ja_JP.html"
"5706","後期","後期","月4","284026-01","Canadian Studies","BILODEAU Isabelle","https://cssy.aasa.ac.jp/syllabusHtml/2026/2310/2310_284026-01_ja_JP.html"
"5707","前期","前期","月4","321001-01","国文学特殊講義Ⅱa","外山 敦子","https://cssy.aasa.ac.jp/syllabusHtml/2026/5012/5012_321001-01_ja_JP.html"
"5708","後期","後期","月4","321002-01","国文学特殊講義Ⅱb","外山 敦子","https://cssy.aasa.ac.jp/syllabusHtml/2026/5012/5012_321002-01_ja_JP.html"
"5709","前期","前期","金2","321005-01","国文学特殊講義Ⅳa","早川 由美","https://cssy.aasa.ac.jp/syllabusHtml/2026/5012/5012_321005-01_ja_JP.html"
"5710","後期","後期","金2","321006-01","国文学特殊講義Ⅳb","早川 由美","https://cssy.aasa.ac.jp/syllabusHtml/2026/5012/5012_321006-01_ja_JP.html"
"5711","前期","前期","月5","321007-01","国文学特殊講義Ⅴa","橋本 あゆみ","https://cssy.aasa.ac.jp/syllabusHtml/2026/5012/5012_321007-01_ja_JP.html"
"5712","後期","後期","月5","321008-01","国文学特殊講義Ⅴb","橋本 あゆみ","https://cssy.aasa.ac.jp/syllabusHtml/2026/5012/5012_321008-01_ja_JP.html"
"5713","前期","前期","火5","321013-01","国文学特殊講義Ⅰa","中野 謙一","https://cssy.aasa.ac.jp/syllabusHtml/2026/5012/5012_321013-01_ja_JP.html"
"5714","後期","後期","火5","321014-01","国文学特殊講義Ⅰb","中野 謙一","https://cssy.aasa.ac.jp/syllabusHtml/2026/5012/5012_321014-01_ja_JP.html"
"5715","前期","前期","水3","321015-01","国文学特殊講義Ⅵa","竹内 瑞穂","https://cssy.aasa.ac.jp/syllabusHtml/2026/5012/5012_321015-01_ja_JP.html"
"5716","後期","後期","水3","321016-01","国文学特殊講義Ⅵb","竹内 瑞穂","https://cssy.aasa.ac.jp/syllabusHtml/2026/5012/5012_321016-01_ja_JP.html"
"5717","前期","前期","水2","321101-01","日本文化論特殊講義Ⅰ","久保田 一充","https://cssy.aasa.ac.jp/syllabusHtml/2026/5012/5012_321101-01_ja_JP.html"
"5718","後期","後期","火2","321102-01","日本文化論特殊講義Ⅱ","松原 久子","https://cssy.aasa.ac.jp/syllabusHtml/2026/5012/5012_321102-01_ja_JP.html"
"5719","前期","前期","木2","321103-01","日本文化論特殊講義Ⅲ","小倉 斉","https://cssy.aasa.ac.jp/syllabusHtml/2026/5012/5012_321103-01_ja_JP.html"
"5720","前期","前期","月3","321104-01","日本文化論特殊講義Ⅳ","藤井 奈都子","https://cssy.aasa.ac.jp/syllabusHtml/2026/5012/5012_321104-01_ja_JP.html"
"5721","後期","後期","木5","321105-01","日本文化論特殊講義Ⅴ","篗田 将樹","https://cssy.aasa.ac.jp/syllabusHtml/2026/5012/5012_321105-01_ja_JP.html"
"5722","後期","後期","月3","321106-01","日本文化論特殊講義Ⅵ","藤井 奈都子","https://cssy.aasa.ac.jp/syllabusHtml/2026/5012/5012_321106-01_ja_JP.html"
"5723","後期","後期","水2","321204-01","国文学特殊演習Ⅲb","森田 貴之","https://cssy.aasa.ac.jp/syllabusHtml/2026/5012/5012_321204-01_ja_JP.html"
"5724","後期","後期","金4","321206-01","国文学特殊演習Ⅳb","寺島 徹","https://cssy.aasa.ac.jp/syllabusHtml/2026/5012/5012_321206-01_ja_JP.html"
"5725","前期","前期","金4","321207-01","国文学特殊演習Ⅴa","水川 敬章","https://cssy.aasa.ac.jp/syllabusHtml/2026/5012/5012_321207-01_ja_JP.html"
"5726","後期","後期","金5","321208-01","国文学特殊演習Ⅴb","水川 敬章","https://cssy.aasa.ac.jp/syllabusHtml/2026/5012/5012_321208-01_ja_JP.html"
"5727","後期","後期","金3","321212-01","国語学特殊演習b","増井 典夫","https://cssy.aasa.ac.jp/syllabusHtml/2026/5012/5012_321212-01_ja_JP.html"
"5728","前期","前期","火4","321217-01","国文学特殊演習Ⅶa","吉田 竜也","https://cssy.aasa.ac.jp/syllabusHtml/2026/5012/5012_321217-01_ja_JP.html"
"5729","後期","後期","火4","321218-01","国文学特殊演習Ⅶb","吉田 竜也","https://cssy.aasa.ac.jp/syllabusHtml/2026/5012/5012_321218-01_ja_JP.html"
"5730","前期","前期","火3","321313-01","国文学特殊研究MⅥa","竹内 瑞穂","https://cssy.aasa.ac.jp/syllabusHtml/2026/5012/5012_321313-01_ja_JP.html"
"5731","後期","後期","火3","321314-01","国文学特殊研究MⅥb","竹内 瑞穂","https://cssy.aasa.ac.jp/syllabusHtml/2026/5012/5012_321314-01_ja_JP.html"
"5732","前期","前期","火3","322013-01","創作表現特殊講義Ⅱa","酒井 晶代","https://cssy.aasa.ac.jp/syllabusHtml/2026/5012/5012_322013-01_ja_JP.html"
"5733","後期","後期","火3","322014-01","創作表現特殊講義Ⅱb","酒井 晶代","https://cssy.aasa.ac.jp/syllabusHtml/2026/5012/5012_322014-01_ja_JP.html"
"5734","前期","前期","月4","322017-01","創作表現特殊講義Ⅳa","永井 聖剛","https://cssy.aasa.ac.jp/syllabusHtml/2026/5012/5012_322017-01_ja_JP.html"
"5735","後期","後期","月4","322018-01","創作表現特殊講義Ⅳb","永井 聖剛","https://cssy.aasa.ac.jp/syllabusHtml/2026/5012/5012_322018-01_ja_JP.html"
"5736","前期","前期","木4","322019-01","創作表現特殊講義Ⅴa","小倉 史","https://cssy.aasa.ac.jp/syllabusHtml/2026/5012/5012_322019-01_ja_JP.html"
"5737","後期","後期","木4","322020-01","創作表現特殊講義Ⅴb","小倉 史","https://cssy.aasa.ac.jp/syllabusHtml/2026/5012/5012_322020-01_ja_JP.html"
"5738","前期","前期","月5","322021-01","創作表現特殊講義Ⅵa","柳井 貴士","https://cssy.aasa.ac.jp/syllabusHtml/2026/5012/5012_322021-01_ja_JP.html"
"5739","後期","後期","月5","322022-01","創作表現特殊講義Ⅵb","柳井 貴士","https://cssy.aasa.ac.jp/syllabusHtml/2026/5012/5012_322022-01_ja_JP.html"
"5740","前期","前期","月3","322115-01","創作表現特殊演習Ⅲa","角田 達朗","https://cssy.aasa.ac.jp/syllabusHtml/2026/5012/5012_322115-01_ja_JP.html"
"5741","後期","後期","月3","322116-01","創作表現特殊演習Ⅲb","角田 達朗","https://cssy.aasa.ac.jp/syllabusHtml/2026/5012/5012_322116-01_ja_JP.html"
"5742","後期","後期","火5","322218-01","創作表現特殊研究MⅣb","永井 聖剛","https://cssy.aasa.ac.jp/syllabusHtml/2026/5012/5012_322218-01_ja_JP.html"
"5743","前期","前期","木5","322219-01","創作表現特殊研究MⅤa","小倉 史","https://cssy.aasa.ac.jp/syllabusHtml/2026/5012/5012_322219-01_ja_JP.html"
"5744","後期","後期","木5","322220-01","創作表現特殊研究MⅤb","小倉 史","https://cssy.aasa.ac.jp/syllabusHtml/2026/5012/5012_322220-01_ja_JP.html"
"5745","前期","前期","月6","322221-01","創作表現特殊研究MⅥa","柳井 貴士","https://cssy.aasa.ac.jp/syllabusHtml/2026/5012/5012_322221-01_ja_JP.html"
"5746","後期","後期","月6","322222-01","創作表現特殊研究MⅥb","柳井 貴士","https://cssy.aasa.ac.jp/syllabusHtml/2026/5012/5012_322222-01_ja_JP.html"
"5747","前期","前期","月5","323025-01","図書館情報学特殊講義Ⅲa","三和 義秀","https://cssy.aasa.ac.jp/syllabusHtml/2026/5012/5012_323025-01_ja_JP.html"
"5748","後期","後期","月5","323026-01","図書館情報学特殊講義Ⅲb","三和 義秀","https://cssy.aasa.ac.jp/syllabusHtml/2026/5012/5012_323026-01_ja_JP.html"
"5749","前期","前期","他","323027-01","図書館情報学特殊講義Ⅳa","野口 武悟","https://cssy.aasa.ac.jp/syllabusHtml/2026/5012/5012_323027-01_ja_JP.html"
"5750","後期","後期","他","323028-01","図書館情報学特殊講義Ⅳb","野口 武悟","https://cssy.aasa.ac.jp/syllabusHtml/2026/5012/5012_323028-01_ja_JP.html"
"5751","前期","前期","火5","323029-01","図書館情報学特殊講義Ⅴa","伊藤 真理","https://cssy.aasa.ac.jp/syllabusHtml/2026/5012/5012_323029-01_ja_JP.html"
"5752","後期","後期","火5","323030-01","図書館情報学特殊講義Ⅴb","伊藤 真理","https://cssy.aasa.ac.jp/syllabusHtml/2026/5012/5012_323030-01_ja_JP.html"
"5753","後期","後期","水3","323052-01","情報デザイン・システム特殊講義Ⅰb","親松 和浩","https://cssy.aasa.ac.jp/syllabusHtml/2026/5012/5012_323052-01_ja_JP.html"
"5754","後期","後期","火4","323054-01","情報デザイン・システム特殊講義Ⅱb","國分 三輝","https://cssy.aasa.ac.jp/syllabusHtml/2026/5012/5012_323054-01_ja_JP.html"
"5755","後期","後期","火5","323056-01","情報デザイン・システム特殊講義Ⅲb","森 博子","https://cssy.aasa.ac.jp/syllabusHtml/2026/5012/5012_323056-01_ja_JP.html"
"5756","後期","後期","火6","323158-01","情報デザイン・システム特殊演習Ⅳb","佐藤 朝美","https://cssy.aasa.ac.jp/syllabusHtml/2026/5012/5012_323158-01_ja_JP.html"
"5757","後期","後期","金3","323160-01","情報デザイン・システム特殊演習Ⅴb","高原 美和","https://cssy.aasa.ac.jp/syllabusHtml/2026/5012/5012_323160-01_ja_JP.html"
"5758","後期","後期","月2","323162-01","情報デザイン・システム特殊演習Ⅵb","浦尾 彰","https://cssy.aasa.ac.jp/syllabusHtml/2026/5012/5012_323162-01_ja_JP.html"
"5759","前期","前期","水6","324015-01","メディアプロデュース特殊講義Ⅰa","宮田 雅子","https://cssy.aasa.ac.jp/syllabusHtml/2026/5012/5012_324015-01_ja_JP.html"
"5760","後期","後期","木3","324016-01","メディアプロデュース特殊講義Ⅰb","宮田 雅子","https://cssy.aasa.ac.jp/syllabusHtml/2026/5012/5012_324016-01_ja_JP.html"
"5761","前期","前期","水6","324019-01","メディアプロデュース特殊講義Ⅲa","村上 泰介","https://cssy.aasa.ac.jp/syllabusHtml/2026/5012/5012_324019-01_ja_JP.html"
"5762","後期","後期","水6","324020-01","メディアプロデュース特殊講義Ⅲb","村上 泰介","https://cssy.aasa.ac.jp/syllabusHtml/2026/5012/5012_324020-01_ja_JP.html"
"5763","前期","前期","木5","324021-01","メディアプロデュース特殊講義Ⅳa","阿部 卓也","https://cssy.aasa.ac.jp/syllabusHtml/2026/5012/5012_324021-01_ja_JP.html"
"5764","後期","後期","木5","324022-01","メディアプロデュース特殊講義Ⅳb","阿部 卓也","https://cssy.aasa.ac.jp/syllabusHtml/2026/5012/5012_324022-01_ja_JP.html"
"5765","前期","前期","火5","324023-01","メディアプロデュース特殊講義Ⅴa","政倉 祐子","https://cssy.aasa.ac.jp/syllabusHtml/2026/5012/5012_324023-01_ja_JP.html"
"5766","後期","後期","火5","324024-01","メディアプロデュース特殊講義Ⅴb","政倉 祐子","https://cssy.aasa.ac.jp/syllabusHtml/2026/5012/5012_324024-01_ja_JP.html"
"5767","前期","前期","木2","325013-01","建築・インテリアデザイン特殊講義Ⅰa","溝口 正人","https://cssy.aasa.ac.jp/syllabusHtml/2026/5012/5012_325013-01_ja_JP.html"
"5768","後期","後期","木1","325014-01","建築・インテリアデザイン特殊講義Ⅰb","溝口 正人","https://cssy.aasa.ac.jp/syllabusHtml/2026/5012/5012_325014-01_ja_JP.html"
"5769","前期","前期","月6","325015-01","建築・インテリアデザイン特殊講義Ⅱa","田島 祐之","https://cssy.aasa.ac.jp/syllabusHtml/2026/5012/5012_325015-01_ja_JP.html"
"5770","後期","後期","月6","325016-01","建築・インテリアデザイン特殊講義Ⅱb","田島 祐之","https://cssy.aasa.ac.jp/syllabusHtml/2026/5012/5012_325016-01_ja_JP.html"
"5771","前期","前期","月5","325017-01","建築・インテリアデザイン特殊講義Ⅲa","清水 裕二","https://cssy.aasa.ac.jp/syllabusHtml/2026/5012/5012_325017-01_ja_JP.html"
"5772","後期","後期","月2","325018-01","建築・インテリアデザイン特殊講義Ⅲb","清水 裕二","https://cssy.aasa.ac.jp/syllabusHtml/2026/5012/5012_325018-01_ja_JP.html"
"5773","前期","前期","金5","325021-01","建築・インテリアデザイン特殊講義Ⅴa","淺田 秀男","https://cssy.aasa.ac.jp/syllabusHtml/2026/5012/5012_325021-01_ja_JP.html"
"5774","後期","後期","金2","325022-01","建築・インテリアデザイン特殊講義Ⅴb","淺田 秀男","https://cssy.aasa.ac.jp/syllabusHtml/2026/5012/5012_325022-01_ja_JP.html"
"5775","前期","前期","月5","325023-01","建築・インテリアデザイン特殊講義Ⅵa","諸江 一紀","https://cssy.aasa.ac.jp/syllabusHtml/2026/5012/5012_325023-01_ja_JP.html"
"5776","後期","後期","木1","325024-01","建築・インテリアデザイン特殊講義Ⅵb","諸江 一紀","https://cssy.aasa.ac.jp/syllabusHtml/2026/5012/5012_325024-01_ja_JP.html"
"5777","前期","前期","月5","325025-01","建築・インテリアデザイン特殊講義Ⅶa","古田 智基","https://cssy.aasa.ac.jp/syllabusHtml/2026/5012/5012_325025-01_ja_JP.html"
"5778","後期","後期","月5","325026-01","建築・インテリアデザイン特殊講義Ⅶb","古田 智基","https://cssy.aasa.ac.jp/syllabusHtml/2026/5012/5012_325026-01_ja_JP.html"
"5779","前期","前期","月3","325027-01","建築・インテリアデザイン特殊講義Ⅷa","廣谷 純子","https://cssy.aasa.ac.jp/syllabusHtml/2026/5012/5012_325027-01_ja_JP.html"
"5780","後期","後期","月3","325028-01","建築・インテリアデザイン特殊講義Ⅷb","廣谷 純子","https://cssy.aasa.ac.jp/syllabusHtml/2026/5012/5012_325028-01_ja_JP.html"
"5781","前期","前期","木5","325221-01","建築・インテリアデザイン特殊研究MⅤa","淺田 秀男","https://cssy.aasa.ac.jp/syllabusHtml/2026/5012/5012_325221-01_ja_JP.html"
"5782","後期","後期","木5","325222-01","建築・インテリアデザイン特殊研究MⅤb","淺田 秀男","https://cssy.aasa.ac.jp/syllabusHtml/2026/5012/5012_325222-01_ja_JP.html"
"5783","後期","後期","月6","321502-01","国文学特殊研究DⅠ(1)b","外山 敦子","https://cssy.aasa.ac.jp/syllabusHtml/2026/5013/5013_321502-01_ja_JP.html"
"5784","後期","後期","月6","321504-01","国文学特殊研究DⅠ(2)b","外山 敦子","https://cssy.aasa.ac.jp/syllabusHtml/2026/5013/5013_321504-01_ja_JP.html"
"5785","後期","後期","月6","321512-01","国文学特殊研究DⅡ(1)b","中野 謙一","https://cssy.aasa.ac.jp/syllabusHtml/2026/5013/5013_321512-01_ja_JP.html"
"5786","後期","後期","月6","321514-01","国文学特殊研究DⅡ(2)b","中野 謙一","https://cssy.aasa.ac.jp/syllabusHtml/2026/5013/5013_321514-01_ja_JP.html"
"5787","後期","後期","月6","321516-01","国文学特殊研究DⅡ(3)b","中野 謙一","https://cssy.aasa.ac.jp/syllabusHtml/2026/5013/5013_321516-01_ja_JP.html"
"5788","後期","後期","木6","321522-01","国文学特殊研究DⅢ(1)b","吉田 竜也","https://cssy.aasa.ac.jp/syllabusHtml/2026/5013/5013_321522-01_ja_JP.html"
"5789","後期","後期","木6","321524-01","国文学特殊研究DⅢ(2)b","吉田 竜也","https://cssy.aasa.ac.jp/syllabusHtml/2026/5013/5013_321524-01_ja_JP.html"
"5790","後期","後期","木6","321526-01","国文学特殊研究DⅢ(3)b","吉田 竜也","https://cssy.aasa.ac.jp/syllabusHtml/2026/5013/5013_321526-01_ja_JP.html"
"5791","後期","後期","金6","321532-01","国語学特殊研究D(1)b","増井 典夫","https://cssy.aasa.ac.jp/syllabusHtml/2026/5013/5013_321532-01_ja_JP.html"
"5792","後期","後期","金6","321534-01","国語学特殊研究D(2)b","増井 典夫","https://cssy.aasa.ac.jp/syllabusHtml/2026/5013/5013_321534-01_ja_JP.html"
"5793","後期","後期","金6","321536-01","国語学特殊研究D(3)b","増井 典夫","https://cssy.aasa.ac.jp/syllabusHtml/2026/5013/5013_321536-01_ja_JP.html"
"5794","後期","後期","金4","321542-01","国文学特殊研究DⅣ(1)b","竹内 瑞穂","https://cssy.aasa.ac.jp/syllabusHtml/2026/5013/5013_321542-01_ja_JP.html"
"5795","後期","後期","金4","321544-01","国文学特殊研究DⅣ(2)b","竹内 瑞穂","https://cssy.aasa.ac.jp/syllabusHtml/2026/5013/5013_321544-01_ja_JP.html"
"5796","前期","前期","金4","321545-01","国文学特殊研究DⅣ(3)a","竹内 瑞穂","https://cssy.aasa.ac.jp/syllabusHtml/2026/5013/5013_321545-01_ja_JP.html"
"5797","後期","後期","金4","321546-01","国文学特殊研究DⅣ(3)b","竹内 瑞穂","https://cssy.aasa.ac.jp/syllabusHtml/2026/5013/5013_321546-01_ja_JP.html"
"5798","後期","後期","木7","322562-01","創作表現特殊研究DⅡ(1)b","酒井 晶代","https://cssy.aasa.ac.jp/syllabusHtml/2026/5013/5013_322562-01_ja_JP.html"
"5799","後期","後期","木7","322564-01","創作表現特殊研究DⅡ(2)b","酒井 晶代","https://cssy.aasa.ac.jp/syllabusHtml/2026/5013/5013_322564-01_ja_JP.html"
"5800","後期","後期","木7","322566-01","創作表現特殊研究DⅡ(3)b","酒井 晶代","https://cssy.aasa.ac.jp/syllabusHtml/2026/5013/5013_322566-01_ja_JP.html"
"5801","後期","後期","木7","322572-01","創作表現特殊研究DⅢ(1)b","角田 達朗","https://cssy.aasa.ac.jp/syllabusHtml/2026/5013/5013_322572-01_ja_JP.html"
"5802","後期","後期","木7","322574-01","創作表現特殊研究DⅢ(2)b","角田 達朗","https://cssy.aasa.ac.jp/syllabusHtml/2026/5013/5013_322574-01_ja_JP.html"
"5803","後期","後期","木7","322576-01","創作表現特殊研究DⅢ(3)b","角田 達朗","https://cssy.aasa.ac.jp/syllabusHtml/2026/5013/5013_322576-01_ja_JP.html"
"5804","後期","後期","月5","322582-01","創作表現特殊研究DⅣ(1)b","永井 聖剛","https://cssy.aasa.ac.jp/syllabusHtml/2026/5013/5013_322582-01_ja_JP.html"
"5805","後期","後期","月5","322584-01","創作表現特殊研究DⅣ(2)b","永井 聖剛","https://cssy.aasa.ac.jp/syllabusHtml/2026/5013/5013_322584-01_ja_JP.html"
"5806","後期","後期","月5","322586-01","創作表現特殊研究DⅣ(3)b","永井 聖剛","https://cssy.aasa.ac.jp/syllabusHtml/2026/5013/5013_322586-01_ja_JP.html"
"5807","後期","後期","火6","322592-01","創作表現特殊研究DⅤ(1)b","小倉 史","https://cssy.aasa.ac.jp/syllabusHtml/2026/5013/5013_322592-01_ja_JP.html"
"5808","後期","後期","火6","322594-01","創作表現特殊研究DⅤ(2)b","小倉 史","https://cssy.aasa.ac.jp/syllabusHtml/2026/5013/5013_322594-01_ja_JP.html"
"5809","後期","後期","火6","322596-01","創作表現特殊研究DⅤ(3)b","小倉 史","https://cssy.aasa.ac.jp/syllabusHtml/2026/5013/5013_322596-01_ja_JP.html"
"5810","後期","後期","水7","324542-01","メディアプロデュース特殊研究DⅡ(1)b","宮田 雅子","https://cssy.aasa.ac.jp/syllabusHtml/2026/5013/5013_324542-01_ja_JP.html"
"5811","後期","後期","水7","324544-01","メディアプロデュース特殊研究DⅡ(2)b","宮田 雅子","https://cssy.aasa.ac.jp/syllabusHtml/2026/5013/5013_324544-01_ja_JP.html"
"5812","後期","後期","水7","324546-01","メディアプロデュース特殊研究DⅡ(3)b","宮田 雅子","https://cssy.aasa.ac.jp/syllabusHtml/2026/5013/5013_324546-01_ja_JP.html"
"5813","後期","後期","水7","324552-01","メディアプロデュース特殊研究DⅢ(1)b","村上 泰介","https://cssy.aasa.ac.jp/syllabusHtml/2026/5013/5013_324552-01_ja_JP.html"
"5814","後期","後期","水7","324554-01","メディアプロデュース特殊研究DⅢ(2)b","村上 泰介","https://cssy.aasa.ac.jp/syllabusHtml/2026/5013/5013_324554-01_ja_JP.html"
"5815","後期","後期","水7","324556-01","メディアプロデュース特殊研究DⅢ(3)b","村上 泰介","https://cssy.aasa.ac.jp/syllabusHtml/2026/5013/5013_324556-01_ja_JP.html"
"5816","後期","後期","木7","324562-01","メディアプロデュース特殊研究DⅣ(1)b","阿部 卓也","https://cssy.aasa.ac.jp/syllabusHtml/2026/5013/5013_324562-01_ja_JP.html"
"5817","後期","後期","木7","324564-01","メディアプロデュース特殊研究DⅣ(2)b","阿部 卓也","https://cssy.aasa.ac.jp/syllabusHtml/2026/5013/5013_324564-01_ja_JP.html"
"5818","後期","後期","木7","324566-01","メディアプロデュース特殊研究DⅣ(3)b","阿部 卓也","https://cssy.aasa.ac.jp/syllabusHtml/2026/5013/5013_324566-01_ja_JP.html"
"5819","後期","後期","水7","324572-01","メディアプロデュース特殊研究DⅤ(1)b","政倉 祐子","https://cssy.aasa.ac.jp/syllabusHtml/2026/5013/5013_324572-01_ja_JP.html"
"5820","後期","後期","水7","324574-01","メディアプロデュース特殊研究DⅤ(2)b","政倉 祐子","https://cssy.aasa.ac.jp/syllabusHtml/2026/5013/5013_324574-01_ja_JP.html"
"5821","後期","後期","水7","324576-01","メディアプロデュース特殊研究DⅤ(3)b","政倉 祐子","https://cssy.aasa.ac.jp/syllabusHtml/2026/5013/5013_324576-01_ja_JP.html"
"5822","後期","後期","月6","325532-01","建築・インテリアデザイン特殊研究DⅠ(1)b","溝口 正人","https://cssy.aasa.ac.jp/syllabusHtml/2026/5013/5013_325532-01_ja_JP.html"
"5823","後期","後期","金5","325552-01","建築・インテリアデザイン特殊研究DⅢ(1)b","清水 裕二","https://cssy.aasa.ac.jp/syllabusHtml/2026/5013/5013_325552-01_ja_JP.html"
"5824","後期","後期","金5","325554-01","建築・インテリアデザイン特殊研究DⅢ(2)b","清水 裕二","https://cssy.aasa.ac.jp/syllabusHtml/2026/5013/5013_325554-01_ja_JP.html"
"5825","後期","後期","金5","325556-01","建築・インテリアデザイン特殊研究DⅢ(3)b","清水 裕二","https://cssy.aasa.ac.jp/syllabusHtml/2026/5013/5013_325556-01_ja_JP.html"
"5826","後期","後期","金7","325562-01","建築・インテリアデザイン特殊研究DⅣ(1)b","淺田 秀男","https://cssy.aasa.ac.jp/syllabusHtml/2026/5013/5013_325562-01_ja_JP.html"
"5827","後期","後期","金7","325564-01","建築・インテリアデザイン特殊研究DⅣ(2)b","淺田 秀男","https://cssy.aasa.ac.jp/syllabusHtml/2026/5013/5013_325564-01_ja_JP.html"
"5828","後期","後期","金7","325566-01","建築・インテリアデザイン特殊研究DⅣ(3)b","淺田 秀男","https://cssy.aasa.ac.jp/syllabusHtml/2026/5013/5013_325566-01_ja_JP.html"
"5829","後期","後期","火6","325572-01","建築・インテリアデザイン特殊研究DⅤ(1)b","田島 祐之","https://cssy.aasa.ac.jp/syllabusHtml/2026/5013/5013_325572-01_ja_JP.html"
"5830","後期","後期","火6","325574-01","建築・インテリアデザイン特殊研究DⅤ(2)b","田島 祐之","https://cssy.aasa.ac.jp/syllabusHtml/2026/5013/5013_325574-01_ja_JP.html"
"5831","後期","後期","火6","325576-01","建築・インテリアデザイン特殊研究DⅤ(3)b","田島 祐之","https://cssy.aasa.ac.jp/syllabusHtml/2026/5013/5013_325576-01_ja_JP.html"
"5832","後期","後期","木5","326522-01","図書館情報学特殊研究DⅢ(1)b","三和 義秀","https://cssy.aasa.ac.jp/syllabusHtml/2026/5013/5013_326522-01_ja_JP.html"
"5833","後期","後期","木5","326524-01","図書館情報学特殊研究DⅢ(2)b","三和 義秀","https://cssy.aasa.ac.jp/syllabusHtml/2026/5013/5013_326524-01_ja_JP.html"
"5834","後期","後期","木5","326526-01","図書館情報学特殊研究DⅢ(3)b","三和 義秀","https://cssy.aasa.ac.jp/syllabusHtml/2026/5013/5013_326526-01_ja_JP.html"
"5835","後期","後期","木6","326542-01","図書館情報学特殊研究DⅤ(1)b","伊藤 真理","https://cssy.aasa.ac.jp/syllabusHtml/2026/5013/5013_326542-01_ja_JP.html"
"5836","前期","前期","木6","326543-01","図書館情報学特殊研究DⅤ(2)a","伊藤 真理","https://cssy.aasa.ac.jp/syllabusHtml/2026/5013/5013_326543-01_ja_JP.html"
"5837","後期","後期","木6","326544-01","図書館情報学特殊研究DⅤ(2)b","伊藤 真理","https://cssy.aasa.ac.jp/syllabusHtml/2026/5013/5013_326544-01_ja_JP.html"
"5838","後期","後期","木6","326546-01","図書館情報学特殊研究DⅤ(3)b","伊藤 真理","https://cssy.aasa.ac.jp/syllabusHtml/2026/5013/5013_326546-01_ja_JP.html"
"5839","後期","後期","水6","327502-01","情報デザイン・システム特殊研究DⅠ(1)b","親松 和浩","https://cssy.aasa.ac.jp/syllabusHtml/2026/5013/5013_327502-01_ja_JP.html"
"5840","後期","後期","水6","327504-01","情報デザイン・システム特殊研究DⅠ(2)b","親松 和浩","https://cssy.aasa.ac.jp/syllabusHtml/2026/5013/5013_327504-01_ja_JP.html"
"5841","後期","後期","水6","327506-01","情報デザイン・システム特殊研究DⅠ(3)b","親松 和浩","https://cssy.aasa.ac.jp/syllabusHtml/2026/5013/5013_327506-01_ja_JP.html"
"5842","後期","後期","木6","327512-01","情報デザイン・システム特殊研究DⅡ(1)b","國分 三輝","https://cssy.aasa.ac.jp/syllabusHtml/2026/5013/5013_327512-01_ja_JP.html"
"5843","後期","後期","木6","327514-01","情報デザイン・システム特殊研究DⅡ(2)b","國分 三輝","https://cssy.aasa.ac.jp/syllabusHtml/2026/5013/5013_327514-01_ja_JP.html"
"5844","後期","後期","木6","327516-01","情報デザイン・システム特殊研究DⅡ(3)b","國分 三輝","https://cssy.aasa.ac.jp/syllabusHtml/2026/5013/5013_327516-01_ja_JP.html"
"5845","後期","後期","火6","327522-01","情報デザイン・システム特殊研究DⅢ(1)b","森 博子","https://cssy.aasa.ac.jp/syllabusHtml/2026/5013/5013_327522-01_ja_JP.html"
"5846","後期","後期","火6","327524-01","情報デザイン・システム特殊研究DⅢ(2)b","森 博子","https://cssy.aasa.ac.jp/syllabusHtml/2026/5013/5013_327524-01_ja_JP.html"
"5847","後期","後期","火6","327526-01","情報デザイン・システム特殊研究DⅢ(3)b","森 博子","https://cssy.aasa.ac.jp/syllabusHtml/2026/5013/5013_327526-01_ja_JP.html"
"5848","後期","後期","水6","327532-01","情報デザイン・システム特殊研究DⅣ(1)b","佐藤 朝美","https://cssy.aasa.ac.jp/syllabusHtml/2026/5013/5013_327532-01_ja_JP.html"
"5849","後期","後期","水6","327534-01","情報デザイン・システム特殊研究DⅣ(2)b","佐藤 朝美","https://cssy.aasa.ac.jp/syllabusHtml/2026/5013/5013_327534-01_ja_JP.html"
"5850","後期","後期","水6","327536-01","情報デザイン・システム特殊研究DⅣ(3)b","佐藤 朝美","https://cssy.aasa.ac.jp/syllabusHtml/2026/5013/5013_327536-01_ja_JP.html"
"5851","後期","後期","木5","327542-01","情報デザイン・システム特殊研究DⅤ(1)b","高原 美和","https://cssy.aasa.ac.jp/syllabusHtml/2026/5013/5013_327542-01_ja_JP.html"
"5852","後期","後期","木5","327544-01","情報デザイン・システム特殊研究DⅤ(2)b","高原 美和","https://cssy.aasa.ac.jp/syllabusHtml/2026/5013/5013_327544-01_ja_JP.html"
"5853","後期","後期","木5","327546-01","情報デザイン・システム特殊研究DⅤ(3)b","高原 美和","https://cssy.aasa.ac.jp/syllabusHtml/2026/5013/5013_327546-01_ja_JP.html"
"5854","前期","前期","木6","311001-01","教育研究法特講a","中嶋 真弓 松田 秀子 渡辺 かよ子 星野 将直","https://cssy.aasa.ac.jp/syllabusHtml/2026/5111/5111_311001-01_ja_JP.html"
"5855","後期","後期","木6","311002-01","教育研究法特講b","佐藤 実芳 山本 周史 野井 未加","https://cssy.aasa.ac.jp/syllabusHtml/2026/5111/5111_311002-01_ja_JP.html"
"5856","前期","通年","金7","311003-03","教育研究演習","佐藤 実芳","https://cssy.aasa.ac.jp/syllabusHtml/2026/5111/5111_311003-03_ja_JP.html"
"5857","前期","通年","金7","311003-06","教育研究演習","星野 将直","https://cssy.aasa.ac.jp/syllabusHtml/2026/5111/5111_311003-06_ja_JP.html"
"5858","前期","通年","金7","311003-09","教育研究演習","三和 義武","https://cssy.aasa.ac.jp/syllabusHtml/2026/5111/5111_311003-09_ja_JP.html"
"5859","前期","前期","月7","312001-01","教育学特講a","佐藤 実芳","https://cssy.aasa.ac.jp/syllabusHtml/2026/5111/5111_312001-01_ja_JP.html"
"5860","後期","後期","月5","312002-01","教育学特講b","佐藤 実芳","https://cssy.aasa.ac.jp/syllabusHtml/2026/5111/5111_312002-01_ja_JP.html"
"5861","後期","後期","火4","312004-01","教育心理学特講b","野井 未加","https://cssy.aasa.ac.jp/syllabusHtml/2026/5111/5111_312004-01_ja_JP.html"
"5862","後期","後期","金3","312008-01","生涯学習特講b","渡辺 かよ子","https://cssy.aasa.ac.jp/syllabusHtml/2026/5111/5111_312008-01_ja_JP.html"
"5863","前期","前期","月6","312009-01","キャリア教育特講a","三和 義武","https://cssy.aasa.ac.jp/syllabusHtml/2026/5111/5111_312009-01_ja_JP.html"
"5864","後期","後期","水3","312010-01","キャリア教育特講b","三和 義武","https://cssy.aasa.ac.jp/syllabusHtml/2026/5111/5111_312010-01_ja_JP.html"
"5865","後期","後期","火7","313002-01","国語教育特講b","中嶋 真弓","https://cssy.aasa.ac.jp/syllabusHtml/2026/5111/5111_313002-01_ja_JP.html"
"5866","前期","前期","木2","313003-01","算数科教育特講a","星野 将直","https://cssy.aasa.ac.jp/syllabusHtml/2026/5111/5111_313003-01_ja_JP.html"
"5867","後期","後期","水7","313004-01","算数科教育特講b","星野 将直","https://cssy.aasa.ac.jp/syllabusHtml/2026/5111/5111_313004-01_ja_JP.html"
"5868","前期","前期","火4","313005-01","科学教育特講a","佐藤 成哉","https://cssy.aasa.ac.jp/syllabusHtml/2026/5111/5111_313005-01_ja_JP.html"
"5869","後期","後期","火4","313006-01","科学教育特講b","佐藤 成哉","https://cssy.aasa.ac.jp/syllabusHtml/2026/5111/5111_313006-01_ja_JP.html"
"5870","前期","前期","火3","313007-01","社会科教育特講a","楠元 町子","https://cssy.aasa.ac.jp/syllabusHtml/2026/5111/5111_313007-01_ja_JP.html"
"5871","後期","後期","火3","313008-01","社会科教育特講b","楠元 町子","https://cssy.aasa.ac.jp/syllabusHtml/2026/5111/5111_313008-01_ja_JP.html"
"5872","後期","後期","金5","313010-01","スポーツ教育特講b","松田 秀子","https://cssy.aasa.ac.jp/syllabusHtml/2026/5111/5111_313010-01_ja_JP.html"
"5873","後期","後期","月6","313014-01","生活科教育特講b","加藤 智","https://cssy.aasa.ac.jp/syllabusHtml/2026/5111/5111_313014-01_ja_JP.html"
"5874","前期","前期","木3","314001-01","特別支援教育特講a","猶原 秀明","https://cssy.aasa.ac.jp/syllabusHtml/2026/5111/5111_314001-01_ja_JP.html"
"5875","後期","後期","木3","314002-01","特別支援教育特講b","猶原 秀明","https://cssy.aasa.ac.jp/syllabusHtml/2026/5111/5111_314002-01_ja_JP.html"
"5876","前期","前期","木1","314006-01","教育メディア論","海老崎 功","https://cssy.aasa.ac.jp/syllabusHtml/2026/5111/5111_314006-01_ja_JP.html"
"5877","後期","後期","水1","314010-01","国際理解教育","松井 千代","https://cssy.aasa.ac.jp/syllabusHtml/2026/5111/5111_314010-01_ja_JP.html"
"5878","後期","後期","他","314011-01","生涯学習指導者論","阿部 耕也","https://cssy.aasa.ac.jp/syllabusHtml/2026/5111/5111_314011-01_ja_JP.html"
"5879","前期","前期","水3","315005-01","運動発達学特講a","山本 周史","https://cssy.aasa.ac.jp/syllabusHtml/2026/5111/5111_315005-01_ja_JP.html"
"5880","後期","後期","木7","315006-01","運動発達学特講b","山本 周史","https://cssy.aasa.ac.jp/syllabusHtml/2026/5111/5111_315006-01_ja_JP.html"
"5881","後期","後期","火1","315007-01","創造性教育特講a","白石 朝子","https://cssy.aasa.ac.jp/syllabusHtml/2026/5111/5111_315007-01_ja_JP.html"
"5882","後期","後期","他","331105-01","発達心理学特論","森 和彦","https://cssy.aasa.ac.jp/syllabusHtml/2026/5212/5212_331105-01_ja_JP.html"
"5883","前期","前期","金4","331109-01","教育心理学特論(教育分野に関する理論と支援の展開B)","髙野 恵代","https://cssy.aasa.ac.jp/syllabusHtml/2026/5212/5212_331109-01_ja_JP.html"
"5884","前期","前期","木1","331113-01","臨床心理学研究法特論","石川 佳奈","https://cssy.aasa.ac.jp/syllabusHtml/2026/5212/5212_331113-01_ja_JP.html"
"5885","前期","前期","水5","331205-01","心理医療科学統計演習1","行松 慎二","https://cssy.aasa.ac.jp/syllabusHtml/2026/5212/5212_331205-01_ja_JP.html"
"5886","後期","後期","金6","331206-01","心理医療科学統計演習2","伊藤 君男","https://cssy.aasa.ac.jp/syllabusHtml/2026/5212/5212_331206-01_ja_JP.html"
"5887","前期","前期","木5","331207-01","心理医療科学英語演習1","鈴木 哲至","https://cssy.aasa.ac.jp/syllabusHtml/2026/5212/5212_331207-01_ja_JP.html"
"5888","後期","後期","木5","331208-01","心理医療科学英語演習2","鈴木 哲至","https://cssy.aasa.ac.jp/syllabusHtml/2026/5212/5212_331208-01_ja_JP.html"
"5889","前期","前期","水1","332102-01","認知神経心理学特論","吉崎 一人","https://cssy.aasa.ac.jp/syllabusHtml/2026/5212/5212_332102-01_ja_JP.html"
"5890","前期","前期","月4","332112-01","精神保健福祉特論","瀧 誠","https://cssy.aasa.ac.jp/syllabusHtml/2026/5212/5212_332112-01_ja_JP.html"
"5891","前期","前期","他","332116-01","生涯発達心理学特論","平石 賢二","https://cssy.aasa.ac.jp/syllabusHtml/2026/5212/5212_332116-01_ja_JP.html"
"5892","後期","後期","木3","332117-01","応用認知心理学特論","丹藤 克也","https://cssy.aasa.ac.jp/syllabusHtml/2026/5212/5212_332117-01_ja_JP.html"
"5893","後期","後期","火3","332118-01","比較発達行動学特論","久保 南海子","https://cssy.aasa.ac.jp/syllabusHtml/2026/5212/5212_332118-01_ja_JP.html"
"5894","後期","後期","水2","332120-01","神経心理学特論","加藤 公子","https://cssy.aasa.ac.jp/syllabusHtml/2026/5212/5212_332120-01_ja_JP.html"
"5895","後期","後期","木1","332121-01","ソーシャルワーク史特論","末田 邦子","https://cssy.aasa.ac.jp/syllabusHtml/2026/5212/5212_332121-01_ja_JP.html"
"5896","後期","後期","木2","332124-01","乳幼児発達科学特論","蒲谷 槙介","https://cssy.aasa.ac.jp/syllabusHtml/2026/5212/5212_332124-01_ja_JP.html"
"5897","後期","後期","木6","332202-01","言語聴覚病理学特論1","井脇 貴子 本多 留美","https://cssy.aasa.ac.jp/syllabusHtml/2026/5212/5212_332202-01_ja_JP.html"
"5898","後期","後期","水6","332204-01","言語聴覚療法特論","竹中 啓介 佐藤 順子","https://cssy.aasa.ac.jp/syllabusHtml/2026/5212/5212_332204-01_ja_JP.html"
"5899","後期","後期","金5","332205-01","言語発達障害学演習","船﨑 康広","https://cssy.aasa.ac.jp/syllabusHtml/2026/5212/5212_332205-01_ja_JP.html"
"5900","後期","後期","火7","332208-01","聴覚障害学演習","井脇 貴子 米本 清","https://cssy.aasa.ac.jp/syllabusHtml/2026/5212/5212_332208-01_ja_JP.html"
"5901","後期","後期","月7","332209-01","摂食嚥下障害学演習","志村 栄二 牧野 日和","https://cssy.aasa.ac.jp/syllabusHtml/2026/5212/5212_332209-01_ja_JP.html"
"5902","前期","前期","他","332210-01","視覚心理学特論","河本 けい","https://cssy.aasa.ac.jp/syllabusHtml/2026/5212/5212_332210-01_ja_JP.html"
"5903","後期","後期","他","332211-01","生理光学特論","野上 豪志 佐藤 司","https://cssy.aasa.ac.jp/syllabusHtml/2026/5212/5212_332211-01_ja_JP.html"
"5904","後期","後期","火3","332212-01","視覚病理学特論","柏井 聡","https://cssy.aasa.ac.jp/syllabusHtml/2026/5212/5212_332212-01_ja_JP.html"
"5905","前期","前期","他","332213-01","視覚障害学特論","小田 浩一","https://cssy.aasa.ac.jp/syllabusHtml/2026/5212/5212_332213-01_ja_JP.html"
"5906","後期","後期","火6","332214-01","視覚心理学演習","高橋 啓介 高橋 伸子","https://cssy.aasa.ac.jp/syllabusHtml/2026/5212/5212_332214-01_ja_JP.html"
"5907","後期","後期","水5","332215-01","視能検査学演習","田邊 宗子","https://cssy.aasa.ac.jp/syllabusHtml/2026/5212/5212_332215-01_ja_JP.html"
"5908","前期","前期","水6","332216-01","視能矯正学演習","望月 浩志","https://cssy.aasa.ac.jp/syllabusHtml/2026/5212/5212_332216-01_ja_JP.html"
"5909","後期","後期","他","332217-01","視覚障害学演習1","川嶋 英嗣 田中 恵津子","https://cssy.aasa.ac.jp/syllabusHtml/2026/5212/5212_332217-01_ja_JP.html"
"5910","後期","後期","金3,4","332222-01","健康発達看護学特論","堀 容子","https://cssy.aasa.ac.jp/syllabusHtml/2026/5212/5212_332222-01_ja_JP.html"
"5911","後期","後期","火1","332224-01","精神保健演習","諏訪 真美","https://cssy.aasa.ac.jp/syllabusHtml/2026/5212/5212_332224-01_ja_JP.html"
"5912","後期","後期","月6","332227-01","生理機能検査学特論","前野 信久","https://cssy.aasa.ac.jp/syllabusHtml/2026/5212/5212_332227-01_ja_JP.html"
"5913","後期","後期","木5","332228-01","環境健康科学特論","武山 英麿 岩崎 祐子","https://cssy.aasa.ac.jp/syllabusHtml/2026/5212/5212_332228-01_ja_JP.html"
"5914","後期","後期","月6","332231-01","聴覚生理学特論","牧 勝弘","https://cssy.aasa.ac.jp/syllabusHtml/2026/5212/5212_332231-01_ja_JP.html"
"5915","後期","後期","木3","332232-01","健康心理学特論","坪田 祐基","https://cssy.aasa.ac.jp/syllabusHtml/2026/5212/5212_332232-01_ja_JP.html"
"5916","後期","後期","月4","332237-01","健康運動科学特論","平野 雅巳","https://cssy.aasa.ac.jp/syllabusHtml/2026/5212/5212_332237-01_ja_JP.html"
"5917","後期","後期","月5","332238-01","循環・代謝障害理学療法学特論","林 久恵","https://cssy.aasa.ac.jp/syllabusHtml/2026/5212/5212_332238-01_ja_JP.html"
"5918","前期","前期","火3","332301-01","臨床心理学特論1(青年期・成人期の心理臨床)","髙野 恵代","https://cssy.aasa.ac.jp/syllabusHtml/2026/5212/5212_332301-01_ja_JP.html"
"5919","前期","前期","金2","332302-01","臨床心理学特論2(児童期の心理臨床)","清瀧 裕子","https://cssy.aasa.ac.jp/syllabusHtml/2026/5212/5212_332302-01_ja_JP.html"
"5920","後期","後期","月2","332303-01","家族心理学特論(家族関係・集団・地域社会における心理支援に関する理論と実践A)","西出 隆紀","https://cssy.aasa.ac.jp/syllabusHtml/2026/5212/5212_332303-01_ja_JP.html"
"5921","後期","後期","木3","332304-01","地域支援心理学特論(家族関係・集団・地域社会における心理支援に関する理論と実践B)","大崎 園生","https://cssy.aasa.ac.jp/syllabusHtml/2026/5212/5212_332304-01_ja_JP.html"
"5922","前期","前期","火2","332305-01","臨床心理面接特論1(心理支援に関する理論と実践)","浜本 真規子","https://cssy.aasa.ac.jp/syllabusHtml/2026/5212/5212_332305-01_ja_JP.html"
"5923","後期","後期","火4","332306-01","臨床心理面接特論2(力動論と行動論)","大崎 園生","https://cssy.aasa.ac.jp/syllabusHtml/2026/5212/5212_332306-01_ja_JP.html"
"5924","後期","後期","金2","332307-01","学校臨床心理学特論(教育分野に関する理論と支援の展開A)","清瀧 裕子","https://cssy.aasa.ac.jp/syllabusHtml/2026/5212/5212_332307-01_ja_JP.html"
"5925","前期","前期","木3","332308-01","投映法特論","西出 隆紀","https://cssy.aasa.ac.jp/syllabusHtml/2026/5212/5212_332308-01_ja_JP.html"
"5926","前期","前期","他","332309-01","グループアプローチ特論","西村 馨","https://cssy.aasa.ac.jp/syllabusHtml/2026/5212/5212_332309-01_ja_JP.html"
"5927","前期","前期","月2","332310-01","臨床心理査定演習1(心理的アセスメントに関する理論と実践)","西出 隆紀","https://cssy.aasa.ac.jp/syllabusHtml/2026/5212/5212_332310-01_ja_JP.html"
"5928","後期","後期","金4","332311-01","臨床心理査定演習2(臨床現場と心理アセスメント)","髙野 恵代","https://cssy.aasa.ac.jp/syllabusHtml/2026/5212/5212_332311-01_ja_JP.html"
"5929","前期","前期","木5","332312-01","臨床心理基礎実習1","大崎 園生 西出 隆紀 清瀧 裕子 髙野 恵代 浜本 真規子 石川 佳奈","https://cssy.aasa.ac.jp/syllabusHtml/2026/5212/5212_332312-01_ja_JP.html"
"5930","前期","前期","木6","332314-01","臨床心理基礎実習2a","大崎 園生 髙野 恵代 浜本 真規子","https://cssy.aasa.ac.jp/syllabusHtml/2026/5212/5212_332314-01_ja_JP.html"
"5931","後期","後期","木6,7","332315-01","臨床心理基礎実習2b","大崎 園生 髙野 恵代 浜本 真規子","https://cssy.aasa.ac.jp/syllabusHtml/2026/5212/5212_332315-01_ja_JP.html"
"5932","後期","後期","木6","332319-01","臨床心理実習2b","清瀧 裕子 西出 隆紀 伊藤 真理 石川 佳奈","https://cssy.aasa.ac.jp/syllabusHtml/2026/5212/5212_332319-01_ja_JP.html"
"5933","後期","後期","火2","332320-01","障害児発達心理学特論(福祉分野に関する理論と支援の展開)","浜本 真規子","https://cssy.aasa.ac.jp/syllabusHtml/2026/5212/5212_332320-01_ja_JP.html"
"5934","後期","後期","月3","332321-01","精神医学特論(保健医療分野に関する理論と支援の展開A)","堀 礼子","https://cssy.aasa.ac.jp/syllabusHtml/2026/5212/5212_332321-01_ja_JP.html"
"5935","前期","前期","水1","332322-01","心身医学特論(保健医療分野に関する理論と支援の展開B)","伊藤 真理","https://cssy.aasa.ac.jp/syllabusHtml/2026/5212/5212_332322-01_ja_JP.html"
"5936","前期","前期","金3","332323-01","非行・犯罪心理学特論(司法・犯罪分野に関する理論と支援の展開)","中村 薫","https://cssy.aasa.ac.jp/syllabusHtml/2026/5212/5212_332323-01_ja_JP.html"
"5937","前期","前期","月3","332324-01","産業精神保健特論(産業・労働分野に関する理論と支援の展開)","堀 礼子","https://cssy.aasa.ac.jp/syllabusHtml/2026/5212/5212_332324-01_ja_JP.html"
"5938","前期","前期","水2","332325-01","心の健康教育特論(心の健康教育に関する理論と実践)","伊藤 真理","https://cssy.aasa.ac.jp/syllabusHtml/2026/5212/5212_332325-01_ja_JP.html"
"5939","後期","後期","木5","332326-01","心理実践実習1a","清瀧 裕子 西出 隆紀 伊藤 真理 堀 礼子 大崎 園生 髙野 恵代 浜本 真規子 石川 佳奈","https://cssy.aasa.ac.jp/syllabusHtml/2026/5212/5212_332326-01_ja_JP.html"
"5940","前期","前期","木7","332327-01","臨床心理実習1a(心理実践実習1b)","大崎 園生 西出 隆紀 伊藤 真理 清瀧 裕子 髙野 恵代 石川 佳奈","https://cssy.aasa.ac.jp/syllabusHtml/2026/5212/5212_332327-01_ja_JP.html"
"5941","後期","後期","金7","332328-01","臨床心理実習1b(心理実践実習1c)","大崎 園生 西出 隆紀 伊藤 真理 清瀧 裕子 髙野 恵代 石川 佳奈","https://cssy.aasa.ac.jp/syllabusHtml/2026/5212/5212_332328-01_ja_JP.html"
"5942","前期","前期","木6","332329-01","臨床心理実習2a(心理実践実習3)","清瀧 裕子 西出 隆紀 伊藤 真理 石川 佳奈","https://cssy.aasa.ac.jp/syllabusHtml/2026/5212/5212_332329-01_ja_JP.html"
"5943","後期","後期","火6","332330-01","心理実践実習2a","清瀧 裕子 伊藤 真理 堀 礼子","https://cssy.aasa.ac.jp/syllabusHtml/2026/5212/5212_332330-01_ja_JP.html"
"5944","前期","前期","火6","332331-01","心理実践実習2b","髙野 恵代 伊藤 真理 堀 礼子 浜本 真規子 石川 佳奈","https://cssy.aasa.ac.jp/syllabusHtml/2026/5212/5212_332331-01_ja_JP.html"
"5945","後期","後期","火7","332332-01","心理実践実習2c","西出 隆紀 伊藤 真理 堀 礼子 大崎 園生","https://cssy.aasa.ac.jp/syllabusHtml/2026/5212/5212_332332-01_ja_JP.html"
"5946","後期","後期","水4","333102-01","心理学研究2","松尾 貴司","https://cssy.aasa.ac.jp/syllabusHtml/2026/5212/5212_333102-01_ja_JP.html"
"5947","後期","後期","火4","333102-02","心理学研究2","斎藤 和志","https://cssy.aasa.ac.jp/syllabusHtml/2026/5212/5212_333102-02_ja_JP.html"
"5948","後期","後期","火4","333102-04","心理学研究2","丹藤 克也","https://cssy.aasa.ac.jp/syllabusHtml/2026/5212/5212_333102-04_ja_JP.html"
"5949","後期","後期","火4","333102-05","心理学研究2","吉崎 一人","https://cssy.aasa.ac.jp/syllabusHtml/2026/5212/5212_333102-05_ja_JP.html"
"5950","後期","後期","火5","333102-06","心理学研究2","久保 南海子","https://cssy.aasa.ac.jp/syllabusHtml/2026/5212/5212_333102-06_ja_JP.html"
"5951","後期","後期","火5","333102-07","心理学研究2","成澤 元","https://cssy.aasa.ac.jp/syllabusHtml/2026/5212/5212_333102-07_ja_JP.html"
"5952","後期","後期","水1","333102-08","心理学研究2","平島 太郎","https://cssy.aasa.ac.jp/syllabusHtml/2026/5212/5212_333102-08_ja_JP.html"
"5953","後期","後期","木1","333102-09","心理学研究2","蒲谷 槙介","https://cssy.aasa.ac.jp/syllabusHtml/2026/5212/5212_333102-09_ja_JP.html"
"5954","後期","後期","金1","333102-10","心理学研究2","小川 一美","https://cssy.aasa.ac.jp/syllabusHtml/2026/5212/5212_333102-10_ja_JP.html"
"5955","後期","後期","金1","333102-11","心理学研究2","加藤 公子","https://cssy.aasa.ac.jp/syllabusHtml/2026/5212/5212_333102-11_ja_JP.html"
"5956","後期","後期","水4","333104-01","心理学研究4","松尾 貴司","https://cssy.aasa.ac.jp/syllabusHtml/2026/5212/5212_333104-01_ja_JP.html"
"5957","後期","後期","火4","333104-02","心理学研究4","斎藤 和志","https://cssy.aasa.ac.jp/syllabusHtml/2026/5212/5212_333104-02_ja_JP.html"
"5958","後期","後期","火4","333104-04","心理学研究4","丹藤 克也","https://cssy.aasa.ac.jp/syllabusHtml/2026/5212/5212_333104-04_ja_JP.html"
"5959","後期","後期","火4","333104-05","心理学研究4","吉崎 一人","https://cssy.aasa.ac.jp/syllabusHtml/2026/5212/5212_333104-05_ja_JP.html"
"5960","後期","後期","火5","333104-06","心理学研究4","久保 南海子","https://cssy.aasa.ac.jp/syllabusHtml/2026/5212/5212_333104-06_ja_JP.html"
"5961","後期","後期","火5","333104-07","心理学研究4","成澤 元","https://cssy.aasa.ac.jp/syllabusHtml/2026/5212/5212_333104-07_ja_JP.html"
"5962","後期","後期","金1","333104-08","心理学研究4","小川 一美","https://cssy.aasa.ac.jp/syllabusHtml/2026/5212/5212_333104-08_ja_JP.html"
"5963","後期","後期","金1","333104-09","心理学研究4","加藤 公子","https://cssy.aasa.ac.jp/syllabusHtml/2026/5212/5212_333104-09_ja_JP.html"
"5964","後期","後期","火7","333106-01","社会福祉研究2","末田 邦子","https://cssy.aasa.ac.jp/syllabusHtml/2026/5212/5212_333106-01_ja_JP.html"
"5965","後期","後期","火7","333106-02","社会福祉研究2","瀧 誠","https://cssy.aasa.ac.jp/syllabusHtml/2026/5212/5212_333106-02_ja_JP.html"
"5966","後期","後期","火7","333106-03","社会福祉研究2","谷口 純世","https://cssy.aasa.ac.jp/syllabusHtml/2026/5212/5212_333106-03_ja_JP.html"
"5967","後期","後期","火7","333108-01","社会福祉研究4","末田 邦子","https://cssy.aasa.ac.jp/syllabusHtml/2026/5212/5212_333108-01_ja_JP.html"
"5968","後期","後期","火7","333108-02","社会福祉研究4","瀧 誠","https://cssy.aasa.ac.jp/syllabusHtml/2026/5212/5212_333108-02_ja_JP.html"
"5969","後期","後期","火7","333108-03","社会福祉研究4","谷口 純世","https://cssy.aasa.ac.jp/syllabusHtml/2026/5212/5212_333108-03_ja_JP.html"
"5970","後期","後期","月3","333202-01","言語聴覚学研究2","牧 勝弘","https://cssy.aasa.ac.jp/syllabusHtml/2026/5212/5212_333202-01_ja_JP.html"
"5971","後期","後期","月6","333202-02","言語聴覚学研究2","井脇 貴子","https://cssy.aasa.ac.jp/syllabusHtml/2026/5212/5212_333202-02_ja_JP.html"
"5972","後期","後期","火5","333202-03","言語聴覚学研究2","籠宮 隆之","https://cssy.aasa.ac.jp/syllabusHtml/2026/5212/5212_333202-03_ja_JP.html"
"5973","後期","後期","水5","333202-04","言語聴覚学研究2","天野 成昭","https://cssy.aasa.ac.jp/syllabusHtml/2026/5212/5212_333202-04_ja_JP.html"
"5974","後期","後期","水7","333202-05","言語聴覚学研究2","竹中 啓介","https://cssy.aasa.ac.jp/syllabusHtml/2026/5212/5212_333202-05_ja_JP.html"
"5975","後期","後期","水6","333202-06","言語聴覚学研究2","志村 栄二","https://cssy.aasa.ac.jp/syllabusHtml/2026/5212/5212_333202-06_ja_JP.html"
"5976","後期","後期","金6","333202-07","言語聴覚学研究2","船﨑 康広","https://cssy.aasa.ac.jp/syllabusHtml/2026/5212/5212_333202-07_ja_JP.html"
"5977","後期","後期","月3","333204-01","言語聴覚学研究4","牧 勝弘","https://cssy.aasa.ac.jp/syllabusHtml/2026/5212/5212_333204-01_ja_JP.html"
"5978","後期","後期","月6","333204-02","言語聴覚学研究4","井脇 貴子","https://cssy.aasa.ac.jp/syllabusHtml/2026/5212/5212_333204-02_ja_JP.html"
"5979","後期","後期","水5","333204-04","言語聴覚学研究4","天野 成昭","https://cssy.aasa.ac.jp/syllabusHtml/2026/5212/5212_333204-04_ja_JP.html"
"5980","後期","後期","水6","333204-06","言語聴覚学研究4","志村 栄二","https://cssy.aasa.ac.jp/syllabusHtml/2026/5212/5212_333204-06_ja_JP.html"
"5981","後期","後期","金6","333204-07","言語聴覚学研究4","船﨑 康広","https://cssy.aasa.ac.jp/syllabusHtml/2026/5212/5212_333204-07_ja_JP.html"
"5982","前期","前期","火7","333205-05","視覚科学研究1","高橋 啓介","https://cssy.aasa.ac.jp/syllabusHtml/2026/5212/5212_333205-05_ja_JP.html"
"5983","後期","後期","月5","333205-07","視覚科学研究1","田邊 宗子","https://cssy.aasa.ac.jp/syllabusHtml/2026/5212/5212_333205-07_ja_JP.html"
"5984","後期","後期","月6","333205-08","視覚科学研究1","高橋 伸子","https://cssy.aasa.ac.jp/syllabusHtml/2026/5212/5212_333205-08_ja_JP.html"
"5985","後期","後期","月7","333205-09","視覚科学研究1","川嶋 英嗣","https://cssy.aasa.ac.jp/syllabusHtml/2026/5212/5212_333205-09_ja_JP.html"
"5986","後期","後期","火7","333205-10","視覚科学研究1","高橋 啓介","https://cssy.aasa.ac.jp/syllabusHtml/2026/5212/5212_333205-10_ja_JP.html"
"5987","後期","後期","水6","333205-11","視覚科学研究1","野上 豪志","https://cssy.aasa.ac.jp/syllabusHtml/2026/5212/5212_333205-11_ja_JP.html"
"5988","後期","後期","木6","333205-12","視覚科学研究1","望月 浩志","https://cssy.aasa.ac.jp/syllabusHtml/2026/5212/5212_333205-12_ja_JP.html"
"5989","前期","前期","火7","333206-05","視覚科学研究2","高橋 啓介","https://cssy.aasa.ac.jp/syllabusHtml/2026/5212/5212_333206-05_ja_JP.html"
"5990","後期","後期","月5","333206-07","視覚科学研究2","田邊 宗子","https://cssy.aasa.ac.jp/syllabusHtml/2026/5212/5212_333206-07_ja_JP.html"
"5991","後期","後期","月6","333206-08","視覚科学研究2","高橋 伸子","https://cssy.aasa.ac.jp/syllabusHtml/2026/5212/5212_333206-08_ja_JP.html"
"5992","後期","後期","月7","333206-09","視覚科学研究2","川嶋 英嗣","https://cssy.aasa.ac.jp/syllabusHtml/2026/5212/5212_333206-09_ja_JP.html"
"5993","後期","後期","火7","333206-10","視覚科学研究2","高橋 啓介","https://cssy.aasa.ac.jp/syllabusHtml/2026/5212/5212_333206-10_ja_JP.html"
"5994","後期","後期","水6","333206-11","視覚科学研究2","野上 豪志","https://cssy.aasa.ac.jp/syllabusHtml/2026/5212/5212_333206-11_ja_JP.html"
"5995","後期","後期","木6","333206-12","視覚科学研究2","望月 浩志","https://cssy.aasa.ac.jp/syllabusHtml/2026/5212/5212_333206-12_ja_JP.html"
"5996","前期","前期","火7","333207-05","視覚科学研究3","高橋 啓介","https://cssy.aasa.ac.jp/syllabusHtml/2026/5212/5212_333207-05_ja_JP.html"
"5997","前期","前期","木5","333207-06","視覚科学研究3","望月 浩志","https://cssy.aasa.ac.jp/syllabusHtml/2026/5212/5212_333207-06_ja_JP.html"
"5998","後期","後期","月5","333207-07","視覚科学研究3","田邊 宗子","https://cssy.aasa.ac.jp/syllabusHtml/2026/5212/5212_333207-07_ja_JP.html"
"5999","後期","後期","月6","333207-08","視覚科学研究3","高橋 伸子","https://cssy.aasa.ac.jp/syllabusHtml/2026/5212/5212_333207-08_ja_JP.html"
"6000","後期","後期","月7","333207-09","視覚科学研究3","川嶋 英嗣","https://cssy.aasa.ac.jp/syllabusHtml/2026/5212/5212_333207-09_ja_JP.html"
"6001","後期","後期","火7","333207-10","視覚科学研究3","高橋 啓介","https://cssy.aasa.ac.jp/syllabusHtml/2026/5212/5212_333207-10_ja_JP.html"
"6002","後期","後期","木6","333207-12","視覚科学研究3","望月 浩志","https://cssy.aasa.ac.jp/syllabusHtml/2026/5212/5212_333207-12_ja_JP.html"
"6003","後期","後期","月5","333208-07","視覚科学研究4","田邊 宗子","https://cssy.aasa.ac.jp/syllabusHtml/2026/5212/5212_333208-07_ja_JP.html"
"6004","後期","後期","月6","333208-08","視覚科学研究4","高橋 伸子","https://cssy.aasa.ac.jp/syllabusHtml/2026/5212/5212_333208-08_ja_JP.html"
"6005","後期","後期","月7","333208-09","視覚科学研究4","川嶋 英嗣","https://cssy.aasa.ac.jp/syllabusHtml/2026/5212/5212_333208-09_ja_JP.html"
"6006","後期","後期","火7","333208-10","視覚科学研究4","高橋 啓介","https://cssy.aasa.ac.jp/syllabusHtml/2026/5212/5212_333208-10_ja_JP.html"
"6007","後期","後期","木6","333208-12","視覚科学研究4","望月 浩志","https://cssy.aasa.ac.jp/syllabusHtml/2026/5212/5212_333208-12_ja_JP.html"
"6008","後期","後期","月6","333214-01","スポーツ・健康医科学研究2","坪田 祐基","https://cssy.aasa.ac.jp/syllabusHtml/2026/5212/5212_333214-01_ja_JP.html"
"6009","後期","後期","月6","333214-02","スポーツ・健康医科学研究2","林 久恵","https://cssy.aasa.ac.jp/syllabusHtml/2026/5212/5212_333214-02_ja_JP.html"
"6010","後期","後期","火6","333214-03","スポーツ・健康医科学研究2","加藤 憲","https://cssy.aasa.ac.jp/syllabusHtml/2026/5212/5212_333214-03_ja_JP.html"
"6011","後期","後期","火6","333214-05","スポーツ・健康医科学研究2","前野 信久","https://cssy.aasa.ac.jp/syllabusHtml/2026/5212/5212_333214-05_ja_JP.html"
"6012","後期","後期","火6","333214-06","スポーツ・健康医科学研究2","矢野 裕介","https://cssy.aasa.ac.jp/syllabusHtml/2026/5212/5212_333214-06_ja_JP.html"
"6013","後期","後期","水6","333214-07","スポーツ・健康医科学研究2","瀬谷 安弘","https://cssy.aasa.ac.jp/syllabusHtml/2026/5212/5212_333214-07_ja_JP.html"
"6014","後期","後期","月6","333216-01","スポーツ・健康医科学研究4","坪田 祐基","https://cssy.aasa.ac.jp/syllabusHtml/2026/5212/5212_333216-01_ja_JP.html"
"6015","後期","後期","月6","333216-02","スポーツ・健康医科学研究4","林 久恵","https://cssy.aasa.ac.jp/syllabusHtml/2026/5212/5212_333216-02_ja_JP.html"
"6016","後期","後期","火6","333216-03","スポーツ・健康医科学研究4","加藤 憲","https://cssy.aasa.ac.jp/syllabusHtml/2026/5212/5212_333216-03_ja_JP.html"
"6017","後期","後期","火6","333216-05","スポーツ・健康医科学研究4","前野 信久","https://cssy.aasa.ac.jp/syllabusHtml/2026/5212/5212_333216-05_ja_JP.html"
"6018","後期","後期","火6","333216-06","スポーツ・健康医科学研究4","矢野 裕介","https://cssy.aasa.ac.jp/syllabusHtml/2026/5212/5212_333216-06_ja_JP.html"
"6019","後期","後期","水6","333216-07","スポーツ・健康医科学研究4","瀬谷 安弘","https://cssy.aasa.ac.jp/syllabusHtml/2026/5212/5212_333216-07_ja_JP.html"
"6020","前期","前期","月4","333301-01","臨床心理学研究1","大崎 園生","https://cssy.aasa.ac.jp/syllabusHtml/2026/5212/5212_333301-01_ja_JP.html"
"6021","前期","前期","火4","333301-02","臨床心理学研究1","清瀧 裕子","https://cssy.aasa.ac.jp/syllabusHtml/2026/5212/5212_333301-02_ja_JP.html"
"6022","前期","前期","水7","333301-03","臨床心理学研究1","髙野 恵代","https://cssy.aasa.ac.jp/syllabusHtml/2026/5212/5212_333301-03_ja_JP.html"
"6023","前期","前期","金2","333301-04","臨床心理学研究1","西出 隆紀","https://cssy.aasa.ac.jp/syllabusHtml/2026/5212/5212_333301-04_ja_JP.html"
"6024","前期","前期","金5","333301-05","臨床心理学研究1","石川 佳奈","https://cssy.aasa.ac.jp/syllabusHtml/2026/5212/5212_333301-05_ja_JP.html"
"6025","前期","前期","金6","333301-06","臨床心理学研究1","浜本 真規子","https://cssy.aasa.ac.jp/syllabusHtml/2026/5212/5212_333301-06_ja_JP.html"
"6026","後期","後期","月4","333302-01","臨床心理学研究2","大崎 園生","https://cssy.aasa.ac.jp/syllabusHtml/2026/5212/5212_333302-01_ja_JP.html"
"6027","後期","後期","火4","333302-02","臨床心理学研究2","清瀧 裕子","https://cssy.aasa.ac.jp/syllabusHtml/2026/5212/5212_333302-02_ja_JP.html"
"6028","後期","後期","水7","333302-03","臨床心理学研究2","髙野 恵代","https://cssy.aasa.ac.jp/syllabusHtml/2026/5212/5212_333302-03_ja_JP.html"
"6029","後期","後期","金5","333302-04","臨床心理学研究2","石川 佳奈","https://cssy.aasa.ac.jp/syllabusHtml/2026/5212/5212_333302-04_ja_JP.html"
"6030","後期","後期","金6","333302-05","臨床心理学研究2","西出 隆紀","https://cssy.aasa.ac.jp/syllabusHtml/2026/5212/5212_333302-05_ja_JP.html"
"6031","後期","後期","金6","333302-06","臨床心理学研究2","浜本 真規子","https://cssy.aasa.ac.jp/syllabusHtml/2026/5212/5212_333302-06_ja_JP.html"
"6032","後期","後期","木5","336102-01","心理学特殊研究Ⅰb","斎藤 和志","https://cssy.aasa.ac.jp/syllabusHtml/2026/5213/5213_336102-01_ja_JP.html"
"6033","後期","後期","木5","336102-02","心理学特殊研究Ⅰb","吉崎 一人","https://cssy.aasa.ac.jp/syllabusHtml/2026/5213/5213_336102-02_ja_JP.html"
"6034","後期","後期","木5","336102-04","心理学特殊研究Ⅰb","久保 南海子","https://cssy.aasa.ac.jp/syllabusHtml/2026/5213/5213_336102-04_ja_JP.html"
"6035","後期","後期","木5","336102-05","心理学特殊研究Ⅰb","丹藤 克也","https://cssy.aasa.ac.jp/syllabusHtml/2026/5213/5213_336102-05_ja_JP.html"
"6036","後期","後期","木5","336102-06","心理学特殊研究Ⅰb","小川 一美","https://cssy.aasa.ac.jp/syllabusHtml/2026/5213/5213_336102-06_ja_JP.html"
"6037","後期","後期","木5","336104-01","心理学特殊研究Ⅱb","斎藤 和志","https://cssy.aasa.ac.jp/syllabusHtml/2026/5213/5213_336104-01_ja_JP.html"
"6038","後期","後期","木5","336104-02","心理学特殊研究Ⅱb","吉崎 一人","https://cssy.aasa.ac.jp/syllabusHtml/2026/5213/5213_336104-02_ja_JP.html"
"6039","後期","後期","木5","336104-04","心理学特殊研究Ⅱb","久保 南海子","https://cssy.aasa.ac.jp/syllabusHtml/2026/5213/5213_336104-04_ja_JP.html"
"6040","後期","後期","木5","336104-05","心理学特殊研究Ⅱb","丹藤 克也","https://cssy.aasa.ac.jp/syllabusHtml/2026/5213/5213_336104-05_ja_JP.html"
"6041","後期","後期","木5","336104-06","心理学特殊研究Ⅱb","小川 一美","https://cssy.aasa.ac.jp/syllabusHtml/2026/5213/5213_336104-06_ja_JP.html"
"6042","前期","前期","木5","336105-04","心理学特殊研究Ⅲa","小川 一美","https://cssy.aasa.ac.jp/syllabusHtml/2026/5213/5213_336105-04_ja_JP.html"
"6043","後期","後期","木5","336106-01","心理学特殊研究Ⅲb","斎藤 和志","https://cssy.aasa.ac.jp/syllabusHtml/2026/5213/5213_336106-01_ja_JP.html"
"6044","後期","後期","木5","336106-02","心理学特殊研究Ⅲb","吉崎 一人","https://cssy.aasa.ac.jp/syllabusHtml/2026/5213/5213_336106-02_ja_JP.html"
"6045","後期","後期","木5","336106-04","心理学特殊研究Ⅲb","小川 一美","https://cssy.aasa.ac.jp/syllabusHtml/2026/5213/5213_336106-04_ja_JP.html"
"6046","後期","後期","木5","336106-05","心理学特殊研究Ⅲb","久保 南海子","https://cssy.aasa.ac.jp/syllabusHtml/2026/5213/5213_336106-05_ja_JP.html"
"6047","後期","後期","木5","336106-06","心理学特殊研究Ⅲb","丹藤 克也","https://cssy.aasa.ac.jp/syllabusHtml/2026/5213/5213_336106-06_ja_JP.html"
"6048","後期","後期","火6","336202-01","社会福祉学特殊研究Ⅰb","瀧 誠","https://cssy.aasa.ac.jp/syllabusHtml/2026/5213/5213_336202-01_ja_JP.html"
"6049","後期","後期","火6","336204-01","社会福祉学特殊研究Ⅱb","瀧 誠","https://cssy.aasa.ac.jp/syllabusHtml/2026/5213/5213_336204-01_ja_JP.html"
"6050","後期","後期","火6","336206-01","社会福祉学特殊研究Ⅲb","瀧 誠","https://cssy.aasa.ac.jp/syllabusHtml/2026/5213/5213_336206-01_ja_JP.html"
"6051","後期","後期","水6","336306-01","言語聴覚学特殊研究(言語心理学)2","天野 成昭","https://cssy.aasa.ac.jp/syllabusHtml/2026/5213/5213_336306-01_ja_JP.html"
"6052","後期","後期","火6","336307-01","言語聴覚学特殊研究(言語聴覚学)2","井脇 貴子","https://cssy.aasa.ac.jp/syllabusHtml/2026/5213/5213_336307-01_ja_JP.html"
"6053","後期","後期","火7","336308-01","言語聴覚学特殊研究(言語発達障害学)2","船﨑 康広","https://cssy.aasa.ac.jp/syllabusHtml/2026/5213/5213_336308-01_ja_JP.html"
"6054","後期","後期","水6","336316-01","言語聴覚学特殊研究(言語心理学)4","天野 成昭","https://cssy.aasa.ac.jp/syllabusHtml/2026/5213/5213_336316-01_ja_JP.html"
"6055","後期","後期","火6","336317-01","言語聴覚学特殊研究(言語聴覚学)4","井脇 貴子","https://cssy.aasa.ac.jp/syllabusHtml/2026/5213/5213_336317-01_ja_JP.html"
"6056","後期","後期","火7","336318-01","言語聴覚学特殊研究(言語発達障害学)4","船﨑 康広","https://cssy.aasa.ac.jp/syllabusHtml/2026/5213/5213_336318-01_ja_JP.html"
"6057","前期","前期","火6","336322-01","言語聴覚学特殊研究(言語聴覚学)5","井脇 貴子","https://cssy.aasa.ac.jp/syllabusHtml/2026/5213/5213_336322-01_ja_JP.html"
"6058","後期","後期","水6","336326-01","言語聴覚学特殊研究(言語心理学)6","天野 成昭","https://cssy.aasa.ac.jp/syllabusHtml/2026/5213/5213_336326-01_ja_JP.html"
"6059","後期","後期","火6","336327-01","言語聴覚学特殊研究(言語聴覚学)6","井脇 貴子","https://cssy.aasa.ac.jp/syllabusHtml/2026/5213/5213_336327-01_ja_JP.html"
"6060","後期","後期","火7","336328-01","言語聴覚学特殊研究(言語発達障害学)6","船﨑 康広","https://cssy.aasa.ac.jp/syllabusHtml/2026/5213/5213_336328-01_ja_JP.html"
"6061","後期","後期","火7","336332-01","言語聴覚学特殊研究(聴覚神経科学)2","牧 勝弘","https://cssy.aasa.ac.jp/syllabusHtml/2026/5213/5213_336332-01_ja_JP.html"
"6062","後期","後期","火7","336334-01","言語聴覚学特殊研究(聴覚神経科学)4","牧 勝弘","https://cssy.aasa.ac.jp/syllabusHtml/2026/5213/5213_336334-01_ja_JP.html"
"6063","前期","前期","火7","336335-01","言語聴覚学特殊研究(聴覚神経科学)5","牧 勝弘","https://cssy.aasa.ac.jp/syllabusHtml/2026/5213/5213_336335-01_ja_JP.html"
"6064","後期","後期","火7","336336-01","言語聴覚学特殊研究(聴覚神経科学)6","牧 勝弘","https://cssy.aasa.ac.jp/syllabusHtml/2026/5213/5213_336336-01_ja_JP.html"
"6065","後期","後期","火6","336344-01","言語聴覚学特殊研究(音声科学)2","籠宮 隆之","https://cssy.aasa.ac.jp/syllabusHtml/2026/5213/5213_336344-01_ja_JP.html"
"6066","後期","後期","月7","336403-02","視覚科学特殊研究(視覚障害学)1","川嶋 英嗣","https://cssy.aasa.ac.jp/syllabusHtml/2026/5213/5213_336403-02_ja_JP.html"
"6067","前期","前期","火7","336405-01","視覚科学特殊研究(視覚心理学a)1","高橋 啓介","https://cssy.aasa.ac.jp/syllabusHtml/2026/5213/5213_336405-01_ja_JP.html"
"6068","後期","後期","火7","336405-02","視覚科学特殊研究(視覚心理学a)1","高橋 啓介","https://cssy.aasa.ac.jp/syllabusHtml/2026/5213/5213_336405-02_ja_JP.html"
"6069","後期","後期","月6","336406-02","視覚科学特殊研究(視覚心理学b)1","高橋 伸子","https://cssy.aasa.ac.jp/syllabusHtml/2026/5213/5213_336406-02_ja_JP.html"
"6070","後期","後期","月5","336407-02","視覚科学特殊研究(視能検査学)1","田邊 宗子","https://cssy.aasa.ac.jp/syllabusHtml/2026/5213/5213_336407-02_ja_JP.html"
"6071","後期","後期","月7","336410-02","視覚科学特殊研究(視覚障害学)2","川嶋 英嗣","https://cssy.aasa.ac.jp/syllabusHtml/2026/5213/5213_336410-02_ja_JP.html"
"6072","後期","後期","火7","336412-02","視覚科学特殊研究(視覚心理学a)2","高橋 啓介","https://cssy.aasa.ac.jp/syllabusHtml/2026/5213/5213_336412-02_ja_JP.html"
"6073","後期","後期","月6","336413-02","視覚科学特殊研究(視覚心理学b)2","高橋 伸子","https://cssy.aasa.ac.jp/syllabusHtml/2026/5213/5213_336413-02_ja_JP.html"
"6074","後期","後期","月5","336414-02","視覚科学特殊研究(視能検査学)2","田邊 宗子","https://cssy.aasa.ac.jp/syllabusHtml/2026/5213/5213_336414-02_ja_JP.html"
"6075","後期","後期","月7","336417-02","視覚科学特殊研究(視覚障害学)3","川嶋 英嗣","https://cssy.aasa.ac.jp/syllabusHtml/2026/5213/5213_336417-02_ja_JP.html"
"6076","後期","後期","火7","336419-02","視覚科学特殊研究(視覚心理学a)3","高橋 啓介","https://cssy.aasa.ac.jp/syllabusHtml/2026/5213/5213_336419-02_ja_JP.html"
"6077","後期","後期","月6","336420-02","視覚科学特殊研究(視覚心理学b)3","高橋 伸子","https://cssy.aasa.ac.jp/syllabusHtml/2026/5213/5213_336420-02_ja_JP.html"
"6078","後期","後期","月5","336421-02","視覚科学特殊研究(視能検査学)3","田邊 宗子","https://cssy.aasa.ac.jp/syllabusHtml/2026/5213/5213_336421-02_ja_JP.html"
"6079","後期","後期","月7","336424-02","視覚科学特殊研究(視覚障害学)4","川嶋 英嗣","https://cssy.aasa.ac.jp/syllabusHtml/2026/5213/5213_336424-02_ja_JP.html"
"6080","後期","後期","火7","336426-02","視覚科学特殊研究(視覚心理学a)4","高橋 啓介","https://cssy.aasa.ac.jp/syllabusHtml/2026/5213/5213_336426-02_ja_JP.html"
"6081","後期","後期","月6","336427-02","視覚科学特殊研究(視覚心理学b)4","高橋 伸子","https://cssy.aasa.ac.jp/syllabusHtml/2026/5213/5213_336427-02_ja_JP.html"
"6082","後期","後期","月5","336428-02","視覚科学特殊研究(視能検査学)4","田邊 宗子","https://cssy.aasa.ac.jp/syllabusHtml/2026/5213/5213_336428-02_ja_JP.html"
"6083","後期","後期","月7","336431-02","視覚科学特殊研究(視覚障害学)5","川嶋 英嗣","https://cssy.aasa.ac.jp/syllabusHtml/2026/5213/5213_336431-02_ja_JP.html"
"6084","後期","後期","火7","336433-02","視覚科学特殊研究(視覚心理学a)5","高橋 啓介","https://cssy.aasa.ac.jp/syllabusHtml/2026/5213/5213_336433-02_ja_JP.html"
"6085","後期","後期","月6","336434-02","視覚科学特殊研究(視覚心理学b)5","高橋 伸子","https://cssy.aasa.ac.jp/syllabusHtml/2026/5213/5213_336434-02_ja_JP.html"
"6086","後期","後期","月5","336435-02","視覚科学特殊研究(視能検査学)5","田邊 宗子","https://cssy.aasa.ac.jp/syllabusHtml/2026/5213/5213_336435-02_ja_JP.html"
"6087","後期","後期","月7","336438-02","視覚科学特殊研究(視覚障害学)6","川嶋 英嗣","https://cssy.aasa.ac.jp/syllabusHtml/2026/5213/5213_336438-02_ja_JP.html"
"6088","後期","後期","火7","336440-02","視覚科学特殊研究(視覚心理学a)6","高橋 啓介","https://cssy.aasa.ac.jp/syllabusHtml/2026/5213/5213_336440-02_ja_JP.html"
"6089","後期","後期","月6","336441-02","視覚科学特殊研究(視覚心理学b)6","高橋 伸子","https://cssy.aasa.ac.jp/syllabusHtml/2026/5213/5213_336441-02_ja_JP.html"
"6090","後期","後期","月5","336442-02","視覚科学特殊研究(視能検査学)6","田邊 宗子","https://cssy.aasa.ac.jp/syllabusHtml/2026/5213/5213_336442-02_ja_JP.html"
"6091","後期","後期","木6","336444-02","視覚科学特殊研究(視能矯正学b)1","望月 浩志","https://cssy.aasa.ac.jp/syllabusHtml/2026/5213/5213_336444-02_ja_JP.html"
"6092","後期","後期","木6","336446-02","視覚科学特殊研究(視能矯正学b)2","望月 浩志","https://cssy.aasa.ac.jp/syllabusHtml/2026/5213/5213_336446-02_ja_JP.html"
"6093","後期","後期","木6","336448-02","視覚科学特殊研究(視能矯正学b)3","望月 浩志","https://cssy.aasa.ac.jp/syllabusHtml/2026/5213/5213_336448-02_ja_JP.html"
"6094","後期","後期","木6","336450-02","視覚科学特殊研究(視能矯正学b)4","望月 浩志","https://cssy.aasa.ac.jp/syllabusHtml/2026/5213/5213_336450-02_ja_JP.html"
"6095","後期","後期","木6","336452-02","視覚科学特殊研究(視能矯正学b)5","望月 浩志","https://cssy.aasa.ac.jp/syllabusHtml/2026/5213/5213_336452-02_ja_JP.html"
"6096","後期","後期","木6","336454-02","視覚科学特殊研究(視能矯正学b)6","望月 浩志","https://cssy.aasa.ac.jp/syllabusHtml/2026/5213/5213_336454-02_ja_JP.html"
"6097","後期","後期","水6","336455-02","視覚科学特殊研究(眼光学)1","野上 豪志","https://cssy.aasa.ac.jp/syllabusHtml/2026/5213/5213_336455-02_ja_JP.html"
"6098","後期","後期","水6","336456-02","視覚科学特殊研究(眼光学)2","野上 豪志","https://cssy.aasa.ac.jp/syllabusHtml/2026/5213/5213_336456-02_ja_JP.html"
"6099","前期","前期","火7","336543-01","スポーツ・健康医科学特殊研究(医療管理情報学)1","加藤 憲","https://cssy.aasa.ac.jp/syllabusHtml/2026/5213/5213_336543-01_ja_JP.html"
"6100","後期","後期","火7","336547-01","スポーツ・健康医科学特殊研究(医療管理情報学)2","加藤 憲","https://cssy.aasa.ac.jp/syllabusHtml/2026/5213/5213_336547-01_ja_JP.html"
"6101","後期","後期","水7","336548-01","スポーツ・健康医科学特殊研究(スポーツ心理学)2","瀬谷 安弘","https://cssy.aasa.ac.jp/syllabusHtml/2026/5213/5213_336548-01_ja_JP.html"
"6102","後期","後期","火7","336549-01","スポーツ・健康医科学特殊研究(生理機能検査学)2","前野 信久","https://cssy.aasa.ac.jp/syllabusHtml/2026/5213/5213_336549-01_ja_JP.html"
"6103","後期","後期","火7","336550-01","スポーツ・健康医科学特殊研究(スポーツ史)2","矢野 裕介","https://cssy.aasa.ac.jp/syllabusHtml/2026/5213/5213_336550-01_ja_JP.html"
"6104","後期","後期","火7","336555-01","スポーツ・健康医科学特殊研究(医療管理情報学)4","加藤 憲","https://cssy.aasa.ac.jp/syllabusHtml/2026/5213/5213_336555-01_ja_JP.html"
"6105","後期","後期","水7","336556-01","スポーツ・健康医科学特殊研究(スポーツ心理学)4","瀬谷 安弘","https://cssy.aasa.ac.jp/syllabusHtml/2026/5213/5213_336556-01_ja_JP.html"
"6106","後期","後期","火7","336557-01","スポーツ・健康医科学特殊研究(生理機能検査学)4","前野 信久","https://cssy.aasa.ac.jp/syllabusHtml/2026/5213/5213_336557-01_ja_JP.html"
"6107","後期","後期","火7","336558-01","スポーツ・健康医科学特殊研究(スポーツ史)4","矢野 裕介","https://cssy.aasa.ac.jp/syllabusHtml/2026/5213/5213_336558-01_ja_JP.html"
"6108","後期","後期","火7","336563-01","スポーツ・健康医科学特殊研究(医療管理情報学)6","加藤 憲","https://cssy.aasa.ac.jp/syllabusHtml/2026/5213/5213_336563-01_ja_JP.html"
"6109","後期","後期","水7","336564-01","スポーツ・健康医科学特殊研究(スポーツ心理学)6","瀬谷 安弘","https://cssy.aasa.ac.jp/syllabusHtml/2026/5213/5213_336564-01_ja_JP.html"
"6110","後期","後期","火7","336565-01","スポーツ・健康医科学特殊研究(生理機能検査学)6","前野 信久","https://cssy.aasa.ac.jp/syllabusHtml/2026/5213/5213_336565-01_ja_JP.html"
"6111","後期","後期","火7","336566-01","スポーツ・健康医科学特殊研究(スポーツ史)6","矢野 裕介","https://cssy.aasa.ac.jp/syllabusHtml/2026/5213/5213_336566-01_ja_JP.html"
"6112","後期","後期","火6","336568-01","スポーツ・健康医科学特殊研究(循環・代謝障害理学療法学)2","林 久恵","https://cssy.aasa.ac.jp/syllabusHtml/2026/5213/5213_336568-01_ja_JP.html"
"6113","後期","後期","火6","336570-01","スポーツ・健康医科学特殊研究(循環・代謝障害理学療法学)4","林 久恵","https://cssy.aasa.ac.jp/syllabusHtml/2026/5213/5213_336570-01_ja_JP.html"
"6114","後期","後期","火6","336572-01","スポーツ・健康医科学特殊研究(循環・代謝障害理学療法学)6","林 久恵","https://cssy.aasa.ac.jp/syllabusHtml/2026/5213/5213_336572-01_ja_JP.html"
"6115","後期","後期","金5","336602-01","臨床心理学特殊研究Ⅰb","西出 隆紀","https://cssy.aasa.ac.jp/syllabusHtml/2026/5213/5213_336602-01_ja_JP.html"
"6116","後期","後期","金5","336602-02","臨床心理学特殊研究Ⅰb","清瀧 裕子","https://cssy.aasa.ac.jp/syllabusHtml/2026/5213/5213_336602-02_ja_JP.html"
"6117","後期","後期","金5","336604-01","臨床心理学特殊研究Ⅱb","西出 隆紀","https://cssy.aasa.ac.jp/syllabusHtml/2026/5213/5213_336604-01_ja_JP.html"
"6118","後期","後期","金5","336604-02","臨床心理学特殊研究Ⅱb","清瀧 裕子","https://cssy.aasa.ac.jp/syllabusHtml/2026/5213/5213_336604-02_ja_JP.html"
"6119","後期","後期","金5","336606-01","臨床心理学特殊研究Ⅲb","西出 隆紀","https://cssy.aasa.ac.jp/syllabusHtml/2026/5213/5213_336606-01_ja_JP.html"
"6120","後期","後期","金5","336606-02","臨床心理学特殊研究Ⅲb","清瀧 裕子","https://cssy.aasa.ac.jp/syllabusHtml/2026/5213/5213_336606-02_ja_JP.html"
"6121","後期","後期","金5,6","340001-01","チーム医療概論","植村 和正 百合草 誠 東山 幸恵 山本 博之 安井 浩樹 阿部 恵子 内山 靖","https://cssy.aasa.ac.jp/syllabusHtml/2026/6111/6111_340001-01_ja_JP.html"
"6122","後期","後期","水7","340002-01","栄養ケア・マネジメント概論","榎 裕美 黒川 文子 東山 幸恵 持丸 由香","https://cssy.aasa.ac.jp/syllabusHtml/2026/6111/6111_340002-01_ja_JP.html"
"6123","後期","後期","水5,6","340006-01","臨床研究法と医療倫理","植村 和正 加藤 憲 平川 仁尚 肥田 武","https://cssy.aasa.ac.jp/syllabusHtml/2026/6111/6111_340006-01_ja_JP.html"
"6124","前期","前期","金4","340007-01","生活習慣病特論","植村 和正","https://cssy.aasa.ac.jp/syllabusHtml/2026/6111/6111_340007-01_ja_JP.html"
"6125","後期","後期","月6","340009-01","生活習慣病演習Ⅱ","植村 和正","https://cssy.aasa.ac.jp/syllabusHtml/2026/6111/6111_340009-01_ja_JP.html"
"6126","後期","後期","月5","340011-01","生活習慣病演習Ⅳ","植村 和正","https://cssy.aasa.ac.jp/syllabusHtml/2026/6111/6111_340011-01_ja_JP.html"
"6127","後期","後期","月7","340012-01","地域栄養学特論","岩崎 祐子","https://cssy.aasa.ac.jp/syllabusHtml/2026/6111/6111_340012-01_ja_JP.html"
"6128","後期","後期","木7","340014-01","地域栄養学演習Ⅱ","岩崎 祐子","https://cssy.aasa.ac.jp/syllabusHtml/2026/6111/6111_340014-01_ja_JP.html"
"6129","後期","後期","火5","340016-01","地域栄養学演習Ⅳ","岩崎 祐子","https://cssy.aasa.ac.jp/syllabusHtml/2026/6111/6111_340016-01_ja_JP.html"
"6130","後期","後期","木6","340019-01","栄養教育論演習Ⅱ","榎 裕美","https://cssy.aasa.ac.jp/syllabusHtml/2026/6111/6111_340019-01_ja_JP.html"
"6131","後期","後期","木7","340021-01","栄養教育論演習Ⅳ","榎 裕美","https://cssy.aasa.ac.jp/syllabusHtml/2026/6111/6111_340021-01_ja_JP.html"
"6132","後期","後期","水5","340022-01","応用栄養学特論","小久保 友貴","https://cssy.aasa.ac.jp/syllabusHtml/2026/6111/6111_340022-01_ja_JP.html"
"6133","後期","後期","木6","340024-01","応用栄養学演習Ⅱ","小久保 友貴","https://cssy.aasa.ac.jp/syllabusHtml/2026/6111/6111_340024-01_ja_JP.html"
"6134","後期","後期","木5","340026-01","応用栄養学演習Ⅳ","小久保 友貴","https://cssy.aasa.ac.jp/syllabusHtml/2026/6111/6111_340026-01_ja_JP.html"
"6135","後期","後期","金5","340027-01","公衆衛生学特論","武山 英麿","https://cssy.aasa.ac.jp/syllabusHtml/2026/6111/6111_340027-01_ja_JP.html"
"6136","後期","後期","月6","340029-01","公衆衛生学演習Ⅱ","武山 英麿","https://cssy.aasa.ac.jp/syllabusHtml/2026/6111/6111_340029-01_ja_JP.html"
"6137","後期","後期","月5","340031-01","公衆衛生学演習Ⅳ","武山 英麿","https://cssy.aasa.ac.jp/syllabusHtml/2026/6111/6111_340031-01_ja_JP.html"
"6138","前期","前期","金2","340032-01","臨床栄養学特論","東山 幸恵","https://cssy.aasa.ac.jp/syllabusHtml/2026/6111/6111_340032-01_ja_JP.html"
"6139","前期","前期","木2","340033-01","臨床栄養学演習Ⅰ","東山 幸恵","https://cssy.aasa.ac.jp/syllabusHtml/2026/6111/6111_340033-01_ja_JP.html"
"6140","後期","後期","木6","340034-01","臨床栄養学演習Ⅱ","東山 幸恵","https://cssy.aasa.ac.jp/syllabusHtml/2026/6111/6111_340034-01_ja_JP.html"
"6141","後期","後期","木7","340036-01","臨床栄養学演習Ⅳ","東山 幸恵","https://cssy.aasa.ac.jp/syllabusHtml/2026/6111/6111_340036-01_ja_JP.html"
"6142","後期","後期","木5","340039-01","健康食事学演習Ⅱ","持丸 由香","https://cssy.aasa.ac.jp/syllabusHtml/2026/6111/6111_340039-01_ja_JP.html"
"6143","後期","後期","木6","340041-01","健康食事学演習Ⅳ","持丸 由香","https://cssy.aasa.ac.jp/syllabusHtml/2026/6111/6111_340041-01_ja_JP.html"
"6144","後期","後期","金7","340042-01","口腔健康科学特論","百合草 誠","https://cssy.aasa.ac.jp/syllabusHtml/2026/6111/6111_340042-01_ja_JP.html"
"6145","後期","後期","木5","340044-01","口腔健康科学演習Ⅱ","百合草 誠","https://cssy.aasa.ac.jp/syllabusHtml/2026/6111/6111_340044-01_ja_JP.html"
"6146","後期","後期","木6","340046-01","口腔健康科学演習Ⅳ","百合草 誠","https://cssy.aasa.ac.jp/syllabusHtml/2026/6111/6111_340046-01_ja_JP.html"
"6147","前期","前期","水1","340047-04","栄養科学特別研究Ⅰ","東山 幸恵","https://cssy.aasa.ac.jp/syllabusHtml/2026/6111/6111_340047-04_ja_JP.html"
"6148","後期","後期","火7","340048-01","栄養科学特別研究Ⅱ","植村 和正","https://cssy.aasa.ac.jp/syllabusHtml/2026/6111/6111_340048-01_ja_JP.html"
"6149","後期","後期","火7","340048-02","栄養科学特別研究Ⅱ","榎 裕美","https://cssy.aasa.ac.jp/syllabusHtml/2026/6111/6111_340048-02_ja_JP.html"
"6150","後期","後期","火7","340048-03","栄養科学特別研究Ⅱ","武山 英麿","https://cssy.aasa.ac.jp/syllabusHtml/2026/6111/6111_340048-03_ja_JP.html"
"6151","後期","後期","火7","340048-04","栄養科学特別研究Ⅱ","東山 幸恵","https://cssy.aasa.ac.jp/syllabusHtml/2026/6111/6111_340048-04_ja_JP.html"
"6152","後期","後期","火7","340048-05","栄養科学特別研究Ⅱ","山本 博之","https://cssy.aasa.ac.jp/syllabusHtml/2026/6111/6111_340048-05_ja_JP.html"
"6153","後期","後期","火7","340048-06","栄養科学特別研究Ⅱ","百合草 誠","https://cssy.aasa.ac.jp/syllabusHtml/2026/6111/6111_340048-06_ja_JP.html"
"6154","後期","後期","火6","340050-01","栄養科学特別研究Ⅳ","植村 和正","https://cssy.aasa.ac.jp/syllabusHtml/2026/6111/6111_340050-01_ja_JP.html"
"6155","後期","後期","火6","340050-02","栄養科学特別研究Ⅳ","榎 裕美","https://cssy.aasa.ac.jp/syllabusHtml/2026/6111/6111_340050-02_ja_JP.html"
"6156","後期","後期","火6","340050-03","栄養科学特別研究Ⅳ","武山 英麿","https://cssy.aasa.ac.jp/syllabusHtml/2026/6111/6111_340050-03_ja_JP.html"
"6157","後期","後期","火6","340050-04","栄養科学特別研究Ⅳ","東山 幸恵","https://cssy.aasa.ac.jp/syllabusHtml/2026/6111/6111_340050-04_ja_JP.html"
"6158","後期","後期","火6","340050-05","栄養科学特別研究Ⅳ","山本 博之","https://cssy.aasa.ac.jp/syllabusHtml/2026/6111/6111_340050-05_ja_JP.html"
"6159","後期","後期","火6","340050-06","栄養科学特別研究Ⅳ","百合草 誠","https://cssy.aasa.ac.jp/syllabusHtml/2026/6111/6111_340050-06_ja_JP.html"
"6160","後期","後期","木5","340053-01","分子栄養学演習Ⅱ","山本 博之","https://cssy.aasa.ac.jp/syllabusHtml/2026/6111/6111_340053-01_ja_JP.html"
"6161","後期","後期","木1","195008-01","日本語教育演習","山本 裕子","https://cssy.aasa.ac.jp/syllabusHtml/2026/5312/5312_195008-01_ja_JP.html"
"6162","後期","後期","他","195009-01","日本語学演習","広瀬 英史","https://cssy.aasa.ac.jp/syllabusHtml/2026/5312/5312_195009-01_ja_JP.html"
"6163","後期","後期","火2","195010-01","日本語文法演習","杉村 泰","https://cssy.aasa.ac.jp/syllabusHtml/2026/5312/5312_195010-01_ja_JP.html"
"6164","後期","後期","火5","195014-01","日本語教育課題実践d","山本 裕子","https://cssy.aasa.ac.jp/syllabusHtml/2026/5312/5312_195014-01_ja_JP.html"
"6165","前期","前期","木3","195015-01","英語統語論特講","樗木 勇作","https://cssy.aasa.ac.jp/syllabusHtml/2026/5312/5312_195015-01_ja_JP.html"
"6166","前期","前期","火4","195016-01","英語意味論特講","若山 真幸","https://cssy.aasa.ac.jp/syllabusHtml/2026/5312/5312_195016-01_ja_JP.html"
"6167","前期","前期","月5","195017-01","英語音声学特講","中郷 慶","https://cssy.aasa.ac.jp/syllabusHtml/2026/5312/5312_195017-01_ja_JP.html"
"6168","前期","前期","水3","195018-01","英語形態論特講","二村 慎一","https://cssy.aasa.ac.jp/syllabusHtml/2026/5312/5312_195018-01_ja_JP.html"
"6169","前期","前期","金1","195023-01","アイルランド文学特講","小沢 茂","https://cssy.aasa.ac.jp/syllabusHtml/2026/5312/5312_195023-01_ja_JP.html"
"6170","後期","後期","木4","195024-01","英語統語論演習","樗木 勇作","https://cssy.aasa.ac.jp/syllabusHtml/2026/5312/5312_195024-01_ja_JP.html"
"6171","後期","後期","火4","195025-01","英語意味論演習","若山 真幸","https://cssy.aasa.ac.jp/syllabusHtml/2026/5312/5312_195025-01_ja_JP.html"
"6172","後期","後期","月5","195026-01","英語音声学演習","中郷 慶","https://cssy.aasa.ac.jp/syllabusHtml/2026/5312/5312_195026-01_ja_JP.html"
"6173","後期","後期","水3","195027-01","英語形態論演習","二村 慎一","https://cssy.aasa.ac.jp/syllabusHtml/2026/5312/5312_195027-01_ja_JP.html"
"6174","後期","後期","木3","195028-01","英語教育演習","大野 清幸","https://cssy.aasa.ac.jp/syllabusHtml/2026/5312/5312_195028-01_ja_JP.html"
"6175","後期","後期","金2","195029-01","アメリカ文学演習","太田 直子","https://cssy.aasa.ac.jp/syllabusHtml/2026/5312/5312_195029-01_ja_JP.html"
"6176","後期","後期","月3","195031-01","表象文化演習","平林 美都子","https://cssy.aasa.ac.jp/syllabusHtml/2026/5312/5312_195031-01_ja_JP.html"
"6177","後期","後期","木3","195032-01","アイルランド文学演習","小沢 茂","https://cssy.aasa.ac.jp/syllabusHtml/2026/5312/5312_195032-01_ja_JP.html"
"6178","後期","後期","水6","195036-01","英語統語論課題実践d","樗木 勇作","https://cssy.aasa.ac.jp/syllabusHtml/2026/5312/5312_195036-01_ja_JP.html"
"6179","前期","前期","水6","195039-01","英語意味論課題実践c","若山 真幸","https://cssy.aasa.ac.jp/syllabusHtml/2026/5312/5312_195039-01_ja_JP.html"
"6180","後期","後期","水6","195040-01","英語意味論課題実践d","若山 真幸","https://cssy.aasa.ac.jp/syllabusHtml/2026/5312/5312_195040-01_ja_JP.html"
"6181","後期","後期","月6","195044-01","英語音声学課題実践d","中郷 慶","https://cssy.aasa.ac.jp/syllabusHtml/2026/5312/5312_195044-01_ja_JP.html"
"6182","後期","後期","水6","195048-01","英語形態論課題実践d","二村 慎一","https://cssy.aasa.ac.jp/syllabusHtml/2026/5312/5312_195048-01_ja_JP.html"
"6183","後期","後期","月6","195052-01","英語教育課題実践d","大野 清幸","https://cssy.aasa.ac.jp/syllabusHtml/2026/5312/5312_195052-01_ja_JP.html"
"6184","後期","後期","水6","195056-01","アメリカ文学課題実践d","太田 直子","https://cssy.aasa.ac.jp/syllabusHtml/2026/5312/5312_195056-01_ja_JP.html"
"6185","後期","後期","金1","195068-01","アイルランド文学課題実践d","小沢 茂","https://cssy.aasa.ac.jp/syllabusHtml/2026/5312/5312_195068-01_ja_JP.html"
"6186","後期","後期","木5","195072-01","中国語教育演習","杜 英起","https://cssy.aasa.ac.jp/syllabusHtml/2026/5312/5312_195072-01_ja_JP.html"
"6187","後期","後期","火5","195073-01","日中比較言語学演習","馮 富榮","https://cssy.aasa.ac.jp/syllabusHtml/2026/5312/5312_195073-01_ja_JP.html"
"6188","後期","後期","火6","195074-01","アジア比較文化演習","チョ スルソップ","https://cssy.aasa.ac.jp/syllabusHtml/2026/5312/5312_195074-01_ja_JP.html"
"6189","後期","後期","水5","195078-01","中国語教育課題実践d","杜 英起","https://cssy.aasa.ac.jp/syllabusHtml/2026/5312/5312_195078-01_ja_JP.html"
"6190","後期","後期","月6","195082-01","日中比較言語学課題実践d","馮 富榮","https://cssy.aasa.ac.jp/syllabusHtml/2026/5312/5312_195082-01_ja_JP.html"
"6191","後期","後期","月6","195086-01","アジア比較文化課題実践d","チョ スルソップ","https://cssy.aasa.ac.jp/syllabusHtml/2026/5312/5312_195086-01_ja_JP.html"
"6192","後期","後期","月5","195088-01","日本語音声学演習","中林 律子","https://cssy.aasa.ac.jp/syllabusHtml/2026/5312/5312_195088-01_ja_JP.html"
"6193","後期","後期","他","195401-03","外国語教育実践演習(短期)","MOLDEN Danny T.","https://cssy.aasa.ac.jp/syllabusHtml/2026/5312/5312_195401-03_ja_JP.html"
"6194","後期","後期","他","195401-04","外国語教育実践演習(短期)","山本 裕子","https://cssy.aasa.ac.jp/syllabusHtml/2026/5312/5312_195401-04_ja_JP.html"
"6195","後期","後期","他","195403-02","国際社会貢献実践演習(短期)","担当者未定1","https://cssy.aasa.ac.jp/syllabusHtml/2026/5312/5312_195403-02_ja_JP.html"
"6196","後期","後期","他","195404-02","国際社会貢献実践演習(長期)","担当者未定1","https://cssy.aasa.ac.jp/syllabusHtml/2026/5312/5312_195404-02_ja_JP.html"
"6197","後期","後期","他","195405-01","外国語教育実践演習 Ⅱ(長期)","樗木 勇作","https://cssy.aasa.ac.jp/syllabusHtml/2026/5312/5312_195405-01_ja_JP.html"
"6198","後期","後期","他","195405-02","外国語教育実践演習 Ⅱ(長期)","山本 裕子","https://cssy.aasa.ac.jp/syllabusHtml/2026/5312/5312_195405-02_ja_JP.html"
"6199","後期","後期","月3","195407-01","国際NPO-NGO論特講","江嵜 那留穂","https://cssy.aasa.ac.jp/syllabusHtml/2026/5312/5312_195407-01_ja_JP.html"
"6200","前期","前期","木5","195412-01","観光文化論特講","林 大策","https://cssy.aasa.ac.jp/syllabusHtml/2026/5312/5312_195412-01_ja_JP.html"
"6201","後期","後期","水4","195416-01","国際関係論演習","若松 孝司","https://cssy.aasa.ac.jp/syllabusHtml/2026/5312/5312_195416-01_ja_JP.html"
"6202","後期","後期","木3","195417-01","ディアスポラ論演習","杉本 一直","https://cssy.aasa.ac.jp/syllabusHtml/2026/5312/5312_195417-01_ja_JP.html"
"6203","後期","後期","月6","195418-01","エスニシティ論演習","藤井 真湖","https://cssy.aasa.ac.jp/syllabusHtml/2026/5312/5312_195418-01_ja_JP.html"
"6204","後期","後期","木5","195420-01","観光文化論演習","林 大策","https://cssy.aasa.ac.jp/syllabusHtml/2026/5312/5312_195420-01_ja_JP.html"
"6205","前期","前期","月6","195432-01","国際関係論課題実践c","若松 孝司","https://cssy.aasa.ac.jp/syllabusHtml/2026/5312/5312_195432-01_ja_JP.html"
"6206","後期","後期","月6","195433-01","国際関係論課題実践d","若松 孝司","https://cssy.aasa.ac.jp/syllabusHtml/2026/5312/5312_195433-01_ja_JP.html"
"6207","後期","後期","月6","195437-01","ディアスポラ論課題実践d","杉本 一直","https://cssy.aasa.ac.jp/syllabusHtml/2026/5312/5312_195437-01_ja_JP.html"
"6208","後期","後期","月5","195441-01","エスニシティ論課題実践d","藤井 真湖","https://cssy.aasa.ac.jp/syllabusHtml/2026/5312/5312_195441-01_ja_JP.html"
"6209","後期","後期","月5","195449-01","観光文化論課題実践d","林 大策","https://cssy.aasa.ac.jp/syllabusHtml/2026/5312/5312_195449-01_ja_JP.html"
"6210","後期","後期","月3","195460-01","レトリック演習","MOLDEN Danny T.","https://cssy.aasa.ac.jp/syllabusHtml/2026/5312/5312_195460-01_ja_JP.html"
"6211","後期","後期","木5","195461-01","言語とコミュニケーション演習","太田 浩司","https://cssy.aasa.ac.jp/syllabusHtml/2026/5312/5312_195461-01_ja_JP.html"
"6212","後期","後期","月2","195462-01","メディア理論演習","McGEE Jennifer J.","https://cssy.aasa.ac.jp/syllabusHtml/2026/5312/5312_195462-01_ja_JP.html"
"6213","後期","後期","木3","195463-01","異文化コミュニケーション論演習","福本 明子","https://cssy.aasa.ac.jp/syllabusHtml/2026/5312/5312_195463-01_ja_JP.html"
"6214","後期","後期","木6","195469-01","レトリック課題実践d","MOLDEN Danny T.","https://cssy.aasa.ac.jp/syllabusHtml/2026/5312/5312_195469-01_ja_JP.html"
"6215","後期","後期","木6","195473-01","言語とコミュニケーション課題実践d","太田 浩司","https://cssy.aasa.ac.jp/syllabusHtml/2026/5312/5312_195473-01_ja_JP.html"
"6216","後期","後期","木6","195477-01","メディア理論課題実践d","McGEE Jennifer J.","https://cssy.aasa.ac.jp/syllabusHtml/2026/5312/5312_195477-01_ja_JP.html"
"6217","後期","後期","木6","195481-01","異文化コミュニケーション論課題実践d","福本 明子","https://cssy.aasa.ac.jp/syllabusHtml/2026/5312/5312_195481-01_ja_JP.html"
"6218","後期","後期","木4","195490-01","地域文化交流","前島 訓子","https://cssy.aasa.ac.jp/syllabusHtml/2026/5312/5312_195490-01_ja_JP.html"
"6219","前期","前期","火6","195494-01","社会人類学特講","二文字屋 脩","https://cssy.aasa.ac.jp/syllabusHtml/2026/5312/5312_195494-01_ja_JP.html"
"6220","後期","後期","水5","195495-01","国際学演習","江嵜 那留穂","https://cssy.aasa.ac.jp/syllabusHtml/2026/5312/5312_195495-01_ja_JP.html"
"6221","後期","後期","火6","195496-01","社会人類学演習","二文字屋 脩","https://cssy.aasa.ac.jp/syllabusHtml/2026/5312/5312_195496-01_ja_JP.html"
"6222","後期","後期","他","195501-02","言語文化研修(短期)","中郷 慶","https://cssy.aasa.ac.jp/syllabusHtml/2026/5312/5312_195501-02_ja_JP.html"
"6223","後期","後期","他","195502-02","言語文化研修(長期)","杜 英起","https://cssy.aasa.ac.jp/syllabusHtml/2026/5312/5312_195502-02_ja_JP.html"
"6224","後期","後期","他","195503-03","地域文化交流研修(短期)","杉本 一直","https://cssy.aasa.ac.jp/syllabusHtml/2026/5312/5312_195503-03_ja_JP.html"
"6225","後期","後期","他","195503-04","地域文化交流研修(短期)","藤井 真湖","https://cssy.aasa.ac.jp/syllabusHtml/2026/5312/5312_195503-04_ja_JP.html"
"6226","後期","後期","他","195504-02","地域文化交流研修(長期)","若松 孝司","https://cssy.aasa.ac.jp/syllabusHtml/2026/5312/5312_195504-02_ja_JP.html"
"6227","後期","後期","水4","195768-01","地域社会演習","前島 訓子","https://cssy.aasa.ac.jp/syllabusHtml/2026/5312/5312_195768-01_ja_JP.html"
"6228","後期","後期","木5","195772-01","地域社会課題実践d","前島 訓子","https://cssy.aasa.ac.jp/syllabusHtml/2026/5312/5312_195772-01_ja_JP.html"
"6229","後期","後期","木2","195775-01","観光学演習","野口 洋平","https://cssy.aasa.ac.jp/syllabusHtml/2026/5312/5312_195775-01_ja_JP.html"
"6230","後期","後期","水5","195776-01","国際開発学演習","島津 侑希","https://cssy.aasa.ac.jp/syllabusHtml/2026/5312/5312_195776-01_ja_JP.html"
"6231","後期","後期","金4","195917-01","ｸﾞﾛｰﾊﾞﾙｶﾙﾁｬｰ・ｺﾐｭﾆｹｰｼｮﾝ特殊研究Ⅱ(1)b","太田 浩司","https://cssy.aasa.ac.jp/syllabusHtml/2026/5313/5313_195917-01_ja_JP.html"
"6232","後期","後期","金4","195919-01","ｸﾞﾛｰﾊﾞﾙｶﾙﾁｬｰ・ｺﾐｭﾆｹｰｼｮﾝ特殊研究Ⅱ(2)b","太田 浩司","https://cssy.aasa.ac.jp/syllabusHtml/2026/5313/5313_195919-01_ja_JP.html"
"6233","後期","後期","金4","195921-01","ｸﾞﾛｰﾊﾞﾙｶﾙﾁｬｰ・ｺﾐｭﾆｹｰｼｮﾝ特殊研究Ⅱ(3)b","太田 浩司","https://cssy.aasa.ac.jp/syllabusHtml/2026/5313/5313_195921-01_ja_JP.html"
"6234","後期","後期","木6","195923-01","ｸﾞﾛｰﾊﾞﾙｶﾙﾁｬｰ・ｺﾐｭﾆｹｰｼｮﾝ特殊研究Ⅲ(1)b","杉本 一直","https://cssy.aasa.ac.jp/syllabusHtml/2026/5313/5313_195923-01_ja_JP.html"
"6235","後期","後期","木6","195925-01","ｸﾞﾛｰﾊﾞﾙｶﾙﾁｬｰ・ｺﾐｭﾆｹｰｼｮﾝ特殊研究Ⅲ(2)b","杉本 一直","https://cssy.aasa.ac.jp/syllabusHtml/2026/5313/5313_195925-01_ja_JP.html"
"6236","後期","後期","木6","195927-01","ｸﾞﾛｰﾊﾞﾙｶﾙﾁｬｰ・ｺﾐｭﾆｹｰｼｮﾝ特殊研究Ⅲ(3)b","杉本 一直","https://cssy.aasa.ac.jp/syllabusHtml/2026/5313/5313_195927-01_ja_JP.html"
"6237","後期","後期","木6","195953-01","ｸﾞﾛｰﾊﾞﾙｶﾙﾁｬｰ・ｺﾐｭﾆｹｰｼｮﾝ特殊研究Ⅷ(1)b","藤井 真湖","https://cssy.aasa.ac.jp/syllabusHtml/2026/5313/5313_195953-01_ja_JP.html"
"6238","後期","後期","木6","195955-01","ｸﾞﾛｰﾊﾞﾙｶﾙﾁｬｰ・ｺﾐｭﾆｹｰｼｮﾝ特殊研究Ⅷ(2)b","藤井 真湖","https://cssy.aasa.ac.jp/syllabusHtml/2026/5313/5313_195955-01_ja_JP.html"
"6239","後期","後期","木6","195957-01","ｸﾞﾛｰﾊﾞﾙｶﾙﾁｬｰ・ｺﾐｭﾆｹｰｼｮﾝ特殊研究Ⅷ(3)b","藤井 真湖","https://cssy.aasa.ac.jp/syllabusHtml/2026/5313/5313_195957-01_ja_JP.html"
"6240","後期","後期","木4","195959-01","ｸﾞﾛｰﾊﾞﾙｶﾙﾁｬｰ・ｺﾐｭﾆｹｰｼｮﾝ特殊研究Ⅸ(1)b","馮 富榮","https://cssy.aasa.ac.jp/syllabusHtml/2026/5313/5313_195959-01_ja_JP.html"
"6241","後期","後期","木4","195961-01","ｸﾞﾛｰﾊﾞﾙｶﾙﾁｬｰ・ｺﾐｭﾆｹｰｼｮﾝ特殊研究Ⅸ(2)b","馮 富榮","https://cssy.aasa.ac.jp/syllabusHtml/2026/5313/5313_195961-01_ja_JP.html"
"6242","後期","後期","木4","195963-01","ｸﾞﾛｰﾊﾞﾙｶﾙﾁｬｰ・ｺﾐｭﾆｹｰｼｮﾝ特殊研究Ⅸ(3)b","馮 富榮","https://cssy.aasa.ac.jp/syllabusHtml/2026/5313/5313_195963-01_ja_JP.html"
"6243","前期","前期","水5","195964-01","ｸﾞﾛｰﾊﾞﾙｶﾙﾁｬｰ･ｺﾐｭﾆｹｰｼｮﾝ特殊研究Ⅹ(1)a","山本 裕子","https://cssy.aasa.ac.jp/syllabusHtml/2026/5313/5313_195964-01_ja_JP.html"
"6244","後期","後期","水5","195965-01","ｸﾞﾛｰﾊﾞﾙｶﾙﾁｬｰ･ｺﾐｭﾆｹｰｼｮﾝ特殊研究Ⅹ(1)b","山本 裕子","https://cssy.aasa.ac.jp/syllabusHtml/2026/5313/5313_195965-01_ja_JP.html"
"6245","後期","後期","月5","099064-01","国際ビジネス特講Ⅱ","石坂 綾子","https://cssy.aasa.ac.jp/syllabusHtml/2026/5412/5412_099064-01_ja_JP.html"
"6246","後期","後期","月5","099329-01","財務会計特講Ⅱ","眞鍋 和弘","https://cssy.aasa.ac.jp/syllabusHtml/2026/5412/5412_099329-01_ja_JP.html"
"6247","後期","後期","水5","099330-01","原価計算特講Ⅱ","三浦 克人","https://cssy.aasa.ac.jp/syllabusHtml/2026/5412/5412_099330-01_ja_JP.html"
"6248","後期","後期","火1","099331-01","管理会計特講Ⅱ","窪田 祐一","https://cssy.aasa.ac.jp/syllabusHtml/2026/5412/5412_099331-01_ja_JP.html"
"6249","前期","前期","木4","099333-01","租税法特講Ⅰ","糟谷 修","https://cssy.aasa.ac.jp/syllabusHtml/2026/5412/5412_099333-01_ja_JP.html"
"6250","後期","後期","木4","099334-01","租税法特講Ⅱ","糟谷 修","https://cssy.aasa.ac.jp/syllabusHtml/2026/5412/5412_099334-01_ja_JP.html"
"6251","後期","後期","金2","099343-01","人的資源管理特講","渡辺 直登","https://cssy.aasa.ac.jp/syllabusHtml/2026/5412/5412_099343-01_ja_JP.html"
"6252","後期","後期","木6","099355-01","財務諸表分析特講Ⅱ","西崎 賢治","https://cssy.aasa.ac.jp/syllabusHtml/2026/5412/5412_099355-01_ja_JP.html"
"6253","後期","後期","火5","099357-01","国際会計特講Ⅱ","森 洵太","https://cssy.aasa.ac.jp/syllabusHtml/2026/5412/5412_099357-01_ja_JP.html"
"6254","後期","後期","木4","099359-01","監査論特講Ⅱ","前田 篤","https://cssy.aasa.ac.jp/syllabusHtml/2026/5412/5412_099359-01_ja_JP.html"
"6255","後期","後期","火5","099362-01","マーケティング戦略特講Ⅱ","大塚 英揮","https://cssy.aasa.ac.jp/syllabusHtml/2026/5412/5412_099362-01_ja_JP.html"
"6256","後期","後期","月5","099364-01","サービスマーケティング特講Ⅱ","フ コウソウ","https://cssy.aasa.ac.jp/syllabusHtml/2026/5412/5412_099364-01_ja_JP.html"
"6257","前期","前期","月2","099365-01","経営戦略特講Ⅰ","日野 恵美子","https://cssy.aasa.ac.jp/syllabusHtml/2026/5412/5412_099365-01_ja_JP.html"
"6258","後期","後期","火5","099366-01","経営戦略特講Ⅱ","日野 恵美子","https://cssy.aasa.ac.jp/syllabusHtml/2026/5412/5412_099366-01_ja_JP.html"
"6259","後期","後期","月5","099368-01","ビジネスモデル特講Ⅱ","林 誠","https://cssy.aasa.ac.jp/syllabusHtml/2026/5412/5412_099368-01_ja_JP.html"
"6260","後期","後期","水5","099370-01","ものづくり経営特講Ⅱ","浅井 敬一朗","https://cssy.aasa.ac.jp/syllabusHtml/2026/5412/5412_099370-01_ja_JP.html"
"6261","後期","後期","金5","099398-01","コーポレートファイナンス特講Ⅱ","三矢 幹根","https://cssy.aasa.ac.jp/syllabusHtml/2026/5412/5412_099398-01_ja_JP.html"
"6262","前期","前期","火5","099411-01","ビジネスクラシックスリーディング","日野 恵美子","https://cssy.aasa.ac.jp/syllabusHtml/2026/5412/5412_099411-01_ja_JP.html"
"6263","後期","後期","月6","099412-01","ビジネスジャーナルリーディング","西崎 賢治","https://cssy.aasa.ac.jp/syllabusHtml/2026/5412/5412_099412-01_ja_JP.html"
"6264","後期","後期","火5","099415-01","ビジネスプランニングⅡ","脇田 邦裕","https://cssy.aasa.ac.jp/syllabusHtml/2026/5412/5412_099415-01_ja_JP.html"
"6265","後期","後期","月6","099417-01","クリティカルシンキング","林 誠","https://cssy.aasa.ac.jp/syllabusHtml/2026/5412/5412_099417-01_ja_JP.html"
"6266","後期","後期","水3","099443-01","ビジネスエコノミクス特講Ⅱ","渡邉 聡","https://cssy.aasa.ac.jp/syllabusHtml/2026/5412/5412_099443-01_ja_JP.html"
"6267","後期","後期","火5","099453-01","データサイエンス特講Ⅱ","藤木 美江","https://cssy.aasa.ac.jp/syllabusHtml/2026/5412/5412_099453-01_ja_JP.html"
"6268","後期","後期","水6","099455-01","マーケティングコミュニケーション特講Ⅱ","新井 亨","https://cssy.aasa.ac.jp/syllabusHtml/2026/5412/5412_099455-01_ja_JP.html"
"6269","後期","後期","水5","099461-01","経済政策特講Ⅱ","鈴木 崇文","https://cssy.aasa.ac.jp/syllabusHtml/2026/5412/5412_099461-01_ja_JP.html"
"6270","後期","後期","月5","099614-01","アカウンティング演習Ⅱ","森 洵太","https://cssy.aasa.ac.jp/syllabusHtml/2026/5412/5412_099614-01_ja_JP.html"
"6271","後期","後期","水6","099614-02","アカウンティング演習Ⅱ","三浦 克人","https://cssy.aasa.ac.jp/syllabusHtml/2026/5412/5412_099614-02_ja_JP.html"
"6272","後期","後期","金6","099614-03","アカウンティング演習Ⅱ","西崎 賢治","https://cssy.aasa.ac.jp/syllabusHtml/2026/5412/5412_099614-03_ja_JP.html"
"6273","前期","前期","水2","099617-06","マネジメント＆エコノミー演習Ⅰ","渡邉 聡","https://cssy.aasa.ac.jp/syllabusHtml/2026/5412/5412_099617-06_ja_JP.html"
"6274","後期","後期","月6","099618-01","マネジメント＆エコノミー演習Ⅱ","石坂 綾子","https://cssy.aasa.ac.jp/syllabusHtml/2026/5412/5412_099618-01_ja_JP.html"
"6275","後期","後期","月6","099618-02","マネジメント＆エコノミー演習Ⅱ","大塚 英揮","https://cssy.aasa.ac.jp/syllabusHtml/2026/5412/5412_099618-02_ja_JP.html"
"6276","後期","後期","火6","099618-03","マネジメント＆エコノミー演習Ⅱ","浅井 敬一朗","https://cssy.aasa.ac.jp/syllabusHtml/2026/5412/5412_099618-03_ja_JP.html"
"6277","後期","後期","火6","099618-04","マネジメント＆エコノミー演習Ⅱ","藤木 美江","https://cssy.aasa.ac.jp/syllabusHtml/2026/5412/5412_099618-04_ja_JP.html"
"6278","後期","後期","水2","099618-05","マネジメント＆エコノミー演習Ⅱ","渡邉 聡","https://cssy.aasa.ac.jp/syllabusHtml/2026/5412/5412_099618-05_ja_JP.html"
"6279","後期","後期","木3","099618-06","マネジメント＆エコノミー演習Ⅱ","鈴木 崇文","https://cssy.aasa.ac.jp/syllabusHtml/2026/5412/5412_099618-06_ja_JP.html"
"6280","後期","後期","金2","099618-07","マネジメント＆エコノミー演習Ⅱ","新井 亨","https://cssy.aasa.ac.jp/syllabusHtml/2026/5412/5412_099618-07_ja_JP.html"
"6281","後期","後期","金6","099618-08","マネジメント＆エコノミー演習Ⅱ","三矢 幹根","https://cssy.aasa.ac.jp/syllabusHtml/2026/5412/5412_099618-08_ja_JP.html"
"6282","後期","後期","水5","099623-01","グローバルマネジメント特講Ⅱ","潘 卉","https://cssy.aasa.ac.jp/syllabusHtml/2026/5412/5412_099623-01_ja_JP.html"
"6283","前期","前期","月5","099601-04","マネジメント＆エコノミー特殊研究Ⅰ","浅井 敬一朗","https://cssy.aasa.ac.jp/syllabusHtml/2026/5413/5413_099601-04_ja_JP.html"
"6284","後期","後期","月3","099602-01","マネジメント＆エコノミー特殊研究Ⅱ","大塚 英揮","https://cssy.aasa.ac.jp/syllabusHtml/2026/5413/5413_099602-01_ja_JP.html"
"6285","後期","後期","水5","099602-02","マネジメント＆エコノミー特殊研究Ⅱ","石坂 綾子","https://cssy.aasa.ac.jp/syllabusHtml/2026/5413/5413_099602-02_ja_JP.html"
"6286","後期","後期","月5","099602-03","マネジメント＆エコノミー特殊研究Ⅱ","浅井 敬一朗","https://cssy.aasa.ac.jp/syllabusHtml/2026/5413/5413_099602-03_ja_JP.html"
"6287","後期","後期","木5","099602-04","マネジメント＆エコノミー特殊研究Ⅱ","渡邉 聡","https://cssy.aasa.ac.jp/syllabusHtml/2026/5413/5413_099602-04_ja_JP.html"
"6288","後期","後期","月3","099604-01","マネジメント＆エコノミー特殊研究Ⅳ","大塚 英揮","https://cssy.aasa.ac.jp/syllabusHtml/2026/5413/5413_099604-01_ja_JP.html"
"6289","後期","後期","水5","099604-02","マネジメント＆エコノミー特殊研究Ⅳ","石坂 綾子","https://cssy.aasa.ac.jp/syllabusHtml/2026/5413/5413_099604-02_ja_JP.html"
"6290","後期","後期","月5","099604-03","マネジメント＆エコノミー特殊研究Ⅳ","浅井 敬一朗","https://cssy.aasa.ac.jp/syllabusHtml/2026/5413/5413_099604-03_ja_JP.html"
"6291","後期","後期","木5","099604-04","マネジメント＆エコノミー特殊研究Ⅳ","渡邉 聡","https://cssy.aasa.ac.jp/syllabusHtml/2026/5413/5413_099604-04_ja_JP.html"
"6292","後期","後期","月3","099606-01","マネジメント＆エコノミー特殊研究Ⅵ","大塚 英揮","https://cssy.aasa.ac.jp/syllabusHtml/2026/5413/5413_099606-01_ja_JP.html"
"6293","後期","後期","水5","099606-02","マネジメント＆エコノミー特殊研究Ⅵ","石坂 綾子","https://cssy.aasa.ac.jp/syllabusHtml/2026/5413/5413_099606-02_ja_JP.html"
"6294","後期","後期","月5","099606-03","マネジメント＆エコノミー特殊研究Ⅵ","浅井 敬一朗","https://cssy.aasa.ac.jp/syllabusHtml/2026/5413/5413_099606-03_ja_JP.html"
"6295","後期","後期","木5","099606-04","マネジメント＆エコノミー特殊研究Ⅵ","渡邉 聡","https://cssy.aasa.ac.jp/syllabusHtml/2026/5413/5413_099606-04_ja_JP.html"
"6296","後期","後期","月1","099608-01","アカウンティング特殊研究Ⅱ","三浦 克人","https://cssy.aasa.ac.jp/syllabusHtml/2026/5413/5413_099608-01_ja_JP.html"
"6297","後期","後期","月1","099610-01","アカウンティング特殊研究Ⅳ","三浦 克人","https://cssy.aasa.ac.jp/syllabusHtml/2026/5413/5413_099610-01_ja_JP.html"
"6298","後期","後期","月1","099612-01","アカウンティング特殊研究Ⅵ","三浦 克人","https://cssy.aasa.ac.jp/syllabusHtml/2026/5413/5413_099612-01_ja_JP.html"
